Timing Analyzer report for FPGA_mandelbrot_explorer
Sun Jul 05 17:02:03 2026
Quartus Prime Version 18.1.0 Build 625 09/12/2018 SJ Lite Edition


---------------------
; Table of Contents ;
---------------------
  1. Legal Notice
  2. Timing Analyzer Summary
  3. Parallel Compilation
  4. Clocks
  5. Slow 1200mV 85C Model Fmax Summary
  6. Slow 1200mV 85C Model Setup Summary
  7. Slow 1200mV 85C Model Hold Summary
  8. Slow 1200mV 85C Model Recovery Summary
  9. Slow 1200mV 85C Model Removal Summary
 10. Slow 1200mV 85C Model Minimum Pulse Width Summary
 11. Slow 1200mV 85C Model Metastability Summary
 12. Slow 1200mV 0C Model Fmax Summary
 13. Slow 1200mV 0C Model Setup Summary
 14. Slow 1200mV 0C Model Hold Summary
 15. Slow 1200mV 0C Model Recovery Summary
 16. Slow 1200mV 0C Model Removal Summary
 17. Slow 1200mV 0C Model Minimum Pulse Width Summary
 18. Slow 1200mV 0C Model Metastability Summary
 19. Fast 1200mV 0C Model Setup Summary
 20. Fast 1200mV 0C Model Hold Summary
 21. Fast 1200mV 0C Model Recovery Summary
 22. Fast 1200mV 0C Model Removal Summary
 23. Fast 1200mV 0C Model Minimum Pulse Width Summary
 24. Fast 1200mV 0C Model Metastability Summary
 25. Multicorner Timing Analysis Summary
 26. Board Trace Model Assignments
 27. Input Transition Times
 28. Signal Integrity Metrics (Slow 1200mv 0c Model)
 29. Signal Integrity Metrics (Slow 1200mv 85c Model)
 30. Signal Integrity Metrics (Fast 1200mv 0c Model)
 31. Setup Transfers
 32. Hold Transfers
 33. Report TCCS
 34. Report RSKM
 35. Unconstrained Paths Summary
 36. Clock Status Summary
 37. Unconstrained Input Ports
 38. Unconstrained Output Ports
 39. Unconstrained Input Ports
 40. Unconstrained Output Ports
 41. Timing Analyzer Messages



----------------
; Legal Notice ;
----------------
Copyright (C) 2018  Intel Corporation. All rights reserved.
Your use of Intel Corporation's design tools, logic functions 
and other software and tools, and its AMPP partner logic 
functions, and any output files from any of the foregoing 
(including device programming or simulation files), and any 
associated documentation or information are expressly subject 
to the terms and conditions of the Intel Program License 
Subscription Agreement, the Intel Quartus Prime License Agreement,
the Intel FPGA IP License Agreement, or other applicable license
agreement, including, without limitation, that your use is for
the sole purpose of programming logic devices manufactured by
Intel and sold by Intel or its authorized distributors.  Please
refer to the applicable agreement for further details.



+-----------------------------------------------------------------------------+
; Timing Analyzer Summary                                                     ;
+-----------------------+-----------------------------------------------------+
; Quartus Prime Version ; Version 18.1.0 Build 625 09/12/2018 SJ Lite Edition ;
; Timing Analyzer       ; Legacy Timing Analyzer                              ;
; Revision Name         ; FPGA_mandelbrot_explorer                            ;
; Device Family         ; MAX 10                                              ;
; Device Name           ; 10M50DAF484C7G                                      ;
; Timing Models         ; Final                                               ;
; Delay Model           ; Combined                                            ;
; Rise/Fall Delays      ; Enabled                                             ;
+-----------------------+-----------------------------------------------------+


+------------------------------------------+
; Parallel Compilation                     ;
+----------------------------+-------------+
; Processors                 ; Number      ;
+----------------------------+-------------+
; Number detected on machine ; 2           ;
; Maximum allowed            ; 2           ;
;                            ;             ;
; Average used               ; 1.23        ;
; Maximum used               ; 2           ;
;                            ;             ;
; Usage by Processor         ; % Time Used ;
;     Processor 1            ; 100.0%      ;
;     Processor 2            ;  22.7%      ;
+----------------------------+-------------+


+---------------------------------------------------------------------------------------------------------------------------------------------------------------------------------+
; Clocks                                                                                                                                                                          ;
+------------+------+--------+------------+-------+-------+------------+-----------+-------------+-------+--------+-----------+------------+----------+--------+--------+---------+
; Clock Name ; Type ; Period ; Frequency  ; Rise  ; Fall  ; Duty Cycle ; Divide by ; Multiply by ; Phase ; Offset ; Edge List ; Edge Shift ; Inverted ; Master ; Source ; Targets ;
+------------+------+--------+------------+-------+-------+------------+-----------+-------------+-------+--------+-----------+------------+----------+--------+--------+---------+
; clk        ; Base ; 1.000  ; 1000.0 MHz ; 0.000 ; 0.500 ;            ;           ;             ;       ;        ;           ;            ;          ;        ;        ; { clk } ;
+------------+------+--------+------------+-------+-------+------------+-----------+-------------+-------+--------+-----------+------------+----------+--------+--------+---------+


+-----------------------------------------------------------------------------------------------------------+
; Slow 1200mV 85C Model Fmax Summary                                                                        ;
+------------+-----------------+------------+---------------------------------------------------------------+
; Fmax       ; Restricted Fmax ; Clock Name ; Note                                                          ;
+------------+-----------------+------------+---------------------------------------------------------------+
; 251.19 MHz ; 250.0 MHz       ; clk        ; limit due to minimum period restriction (max I/O toggle rate) ;
+------------+-----------------+------------+---------------------------------------------------------------+
This panel reports FMAX for every clock in the design, regardless of the user-specified clock periods.  FMAX is only computed for paths where the source and destination registers or ports are driven by the same clock.  Paths of different clocks, including generated clocks, are ignored.  For paths between a clock and its inversion, FMAX is computed as if the rising and falling edges are scaled along with FMAX, such that the duty cycle (in terms of a percentage) is maintained. Altera recommends that you always use clock constraints and other slack reports for sign-off analysis.


+-------------------------------------+
; Slow 1200mV 85C Model Setup Summary ;
+-------+--------+--------------------+
; Clock ; Slack  ; End Point TNS      ;
+-------+--------+--------------------+
; clk   ; -2.981 ; -984.397           ;
+-------+--------+--------------------+


+------------------------------------+
; Slow 1200mV 85C Model Hold Summary ;
+-------+-------+--------------------+
; Clock ; Slack ; End Point TNS      ;
+-------+-------+--------------------+
; clk   ; 0.241 ; 0.000              ;
+-------+-------+--------------------+


------------------------------------------
; Slow 1200mV 85C Model Recovery Summary ;
------------------------------------------
No paths to report.


-----------------------------------------
; Slow 1200mV 85C Model Removal Summary ;
-----------------------------------------
No paths to report.


+---------------------------------------------------+
; Slow 1200mV 85C Model Minimum Pulse Width Summary ;
+-------+--------+----------------------------------+
; Clock ; Slack  ; End Point TNS                    ;
+-------+--------+----------------------------------+
; clk   ; -3.000 ; -1099.400                        ;
+-------+--------+----------------------------------+


-----------------------------------------------
; Slow 1200mV 85C Model Metastability Summary ;
-----------------------------------------------
Design MTBF is not calculated because the design doesn't meet its timing requirements.



+----------------------------------------------------------------------------------------------------------+
; Slow 1200mV 0C Model Fmax Summary                                                                        ;
+-----------+-----------------+------------+---------------------------------------------------------------+
; Fmax      ; Restricted Fmax ; Clock Name ; Note                                                          ;
+-----------+-----------------+------------+---------------------------------------------------------------+
; 276.7 MHz ; 250.0 MHz       ; clk        ; limit due to minimum period restriction (max I/O toggle rate) ;
+-----------+-----------------+------------+---------------------------------------------------------------+
This panel reports FMAX for every clock in the design, regardless of the user-specified clock periods.  FMAX is only computed for paths where the source and destination registers or ports are driven by the same clock.  Paths of different clocks, including generated clocks, are ignored.  For paths between a clock and its inversion, FMAX is computed as if the rising and falling edges are scaled along with FMAX, such that the duty cycle (in terms of a percentage) is maintained. Altera recommends that you always use clock constraints and other slack reports for sign-off analysis.


+------------------------------------+
; Slow 1200mV 0C Model Setup Summary ;
+-------+--------+-------------------+
; Clock ; Slack  ; End Point TNS     ;
+-------+--------+-------------------+
; clk   ; -2.614 ; -858.433          ;
+-------+--------+-------------------+


+-----------------------------------+
; Slow 1200mV 0C Model Hold Summary ;
+-------+-------+-------------------+
; Clock ; Slack ; End Point TNS     ;
+-------+-------+-------------------+
; clk   ; 0.244 ; 0.000             ;
+-------+-------+-------------------+


-----------------------------------------
; Slow 1200mV 0C Model Recovery Summary ;
-----------------------------------------
No paths to report.


----------------------------------------
; Slow 1200mV 0C Model Removal Summary ;
----------------------------------------
No paths to report.


+--------------------------------------------------+
; Slow 1200mV 0C Model Minimum Pulse Width Summary ;
+-------+--------+---------------------------------+
; Clock ; Slack  ; End Point TNS                   ;
+-------+--------+---------------------------------+
; clk   ; -3.000 ; -1067.360                       ;
+-------+--------+---------------------------------+


----------------------------------------------
; Slow 1200mV 0C Model Metastability Summary ;
----------------------------------------------
Design MTBF is not calculated because the design doesn't meet its timing requirements.



+------------------------------------+
; Fast 1200mV 0C Model Setup Summary ;
+-------+--------+-------------------+
; Clock ; Slack  ; End Point TNS     ;
+-------+--------+-------------------+
; clk   ; -0.855 ; -197.522          ;
+-------+--------+-------------------+


+-----------------------------------+
; Fast 1200mV 0C Model Hold Summary ;
+-------+-------+-------------------+
; Clock ; Slack ; End Point TNS     ;
+-------+-------+-------------------+
; clk   ; 0.095 ; 0.000             ;
+-------+-------+-------------------+


-----------------------------------------
; Fast 1200mV 0C Model Recovery Summary ;
-----------------------------------------
No paths to report.


----------------------------------------
; Fast 1200mV 0C Model Removal Summary ;
----------------------------------------
No paths to report.


+--------------------------------------------------+
; Fast 1200mV 0C Model Minimum Pulse Width Summary ;
+-------+--------+---------------------------------+
; Clock ; Slack  ; End Point TNS                   ;
+-------+--------+---------------------------------+
; clk   ; -3.000 ; -557.988                        ;
+-------+--------+---------------------------------+


----------------------------------------------
; Fast 1200mV 0C Model Metastability Summary ;
----------------------------------------------
Design MTBF is not calculated because the design doesn't meet its timing requirements.



+--------------------------------------------------------------------------------+
; Multicorner Timing Analysis Summary                                            ;
+------------------+----------+-------+----------+---------+---------------------+
; Clock            ; Setup    ; Hold  ; Recovery ; Removal ; Minimum Pulse Width ;
+------------------+----------+-------+----------+---------+---------------------+
; Worst-case Slack ; -2.981   ; 0.095 ; N/A      ; N/A     ; -3.000              ;
;  clk             ; -2.981   ; 0.095 ; N/A      ; N/A     ; -3.000              ;
; Design-wide TNS  ; -984.397 ; 0.0   ; 0.0      ; 0.0     ; -1099.4             ;
;  clk             ; -984.397 ; 0.000 ; N/A      ; N/A     ; -1099.400           ;
+------------------+----------+-------+----------+---------+---------------------+


+---------------------------------------------------------------------------------------------------------------------------------------------------------------------------------------------------------------------------------------------------------------------------------------------------------------------------------------------------------------------------------------------------------------------+
; Board Trace Model Assignments                                                                                                                                                                                                                                                                                                                                                                                       ;
+------------------+--------------+-------------------+-------------------------+-------------------------+---------------+---------------------+----------------+------------------+--------+------------------+------------------------+------------------------+--------------+---------------+-----------------+-------+---------------------+--------------------+---------------+-----------------+-------------+
; Pin              ; I/O Standard ; Near Tline Length ; Near Tline L per Length ; Near Tline C per Length ; Near Series R ; Near Differential R ; Near Pull-up R ; Near Pull-down R ; Near C ; Far Tline Length ; Far Tline L per Length ; Far Tline C per Length ; Far Series R ; Far Pull-up R ; Far Pull-down R ; Far C ; Termination Voltage ; Far Differential R ; EBD File Name ; EBD Signal Name ; EBD Far-end ;
+------------------+--------------+-------------------+-------------------------+-------------------------+---------------+---------------------+----------------+------------------+--------+------------------+------------------------+------------------------+--------------+---------------+-----------------+-------+---------------------+--------------------+---------------+-----------------+-------------+
; frame_done       ; 2.5 V        ; 0 in              ; 0 H/in                  ; 0 F/in                  ; short         ; -                   ; open           ; open             ; open   ; 0 in             ; 0 H/in                 ; 0 F/in                 ; short        ; open          ; open            ; open  ; 0 V                 ; -                  ; n/a           ; n/a             ; n/a         ;
; o_h_sync         ; 2.5 V        ; 0 in              ; 0 H/in                  ; 0 F/in                  ; short         ; -                   ; open           ; open             ; open   ; 0 in             ; 0 H/in                 ; 0 F/in                 ; short        ; open          ; open            ; open  ; 0 V                 ; -                  ; n/a           ; n/a             ; n/a         ;
; o_v_sync         ; 2.5 V        ; 0 in              ; 0 H/in                  ; 0 F/in                  ; short         ; -                   ; open           ; open             ; open   ; 0 in             ; 0 H/in                 ; 0 F/in                 ; short        ; open          ; open            ; open  ; 0 V                 ; -                  ; n/a           ; n/a             ; n/a         ;
; o_vid_display    ; 2.5 V        ; 0 in              ; 0 H/in                  ; 0 F/in                  ; short         ; -                   ; open           ; open             ; open   ; 0 in             ; 0 H/in                 ; 0 F/in                 ; short        ; open          ; open            ; open  ; 0 V                 ; -                  ; n/a           ; n/a             ; n/a         ;
; assigned_line[9] ; 2.5 V        ; 0 in              ; 0 H/in                  ; 0 F/in                  ; short         ; -                   ; open           ; open             ; open   ; 0 in             ; 0 H/in                 ; 0 F/in                 ; short        ; open          ; open            ; open  ; 0 V                 ; -                  ; n/a           ; n/a             ; n/a         ;
; assigned_line[8] ; 2.5 V        ; 0 in              ; 0 H/in                  ; 0 F/in                  ; short         ; -                   ; open           ; open             ; open   ; 0 in             ; 0 H/in                 ; 0 F/in                 ; short        ; open          ; open            ; open  ; 0 V                 ; -                  ; n/a           ; n/a             ; n/a         ;
; assigned_line[7] ; 2.5 V        ; 0 in              ; 0 H/in                  ; 0 F/in                  ; short         ; -                   ; open           ; open             ; open   ; 0 in             ; 0 H/in                 ; 0 F/in                 ; short        ; open          ; open            ; open  ; 0 V                 ; -                  ; n/a           ; n/a             ; n/a         ;
; assigned_line[6] ; 2.5 V        ; 0 in              ; 0 H/in                  ; 0 F/in                  ; short         ; -                   ; open           ; open             ; open   ; 0 in             ; 0 H/in                 ; 0 F/in                 ; short        ; open          ; open            ; open  ; 0 V                 ; -                  ; n/a           ; n/a             ; n/a         ;
; assigned_line[5] ; 2.5 V        ; 0 in              ; 0 H/in                  ; 0 F/in                  ; short         ; -                   ; open           ; open             ; open   ; 0 in             ; 0 H/in                 ; 0 F/in                 ; short        ; open          ; open            ; open  ; 0 V                 ; -                  ; n/a           ; n/a             ; n/a         ;
; assigned_line[4] ; 2.5 V        ; 0 in              ; 0 H/in                  ; 0 F/in                  ; short         ; -                   ; open           ; open             ; open   ; 0 in             ; 0 H/in                 ; 0 F/in                 ; short        ; open          ; open            ; open  ; 0 V                 ; -                  ; n/a           ; n/a             ; n/a         ;
; assigned_line[3] ; 2.5 V        ; 0 in              ; 0 H/in                  ; 0 F/in                  ; short         ; -                   ; open           ; open             ; open   ; 0 in             ; 0 H/in                 ; 0 F/in                 ; short        ; open          ; open            ; open  ; 0 V                 ; -                  ; n/a           ; n/a             ; n/a         ;
; assigned_line[2] ; 2.5 V        ; 0 in              ; 0 H/in                  ; 0 F/in                  ; short         ; -                   ; open           ; open             ; open   ; 0 in             ; 0 H/in                 ; 0 F/in                 ; short        ; open          ; open            ; open  ; 0 V                 ; -                  ; n/a           ; n/a             ; n/a         ;
; assigned_line[1] ; 2.5 V        ; 0 in              ; 0 H/in                  ; 0 F/in                  ; short         ; -                   ; open           ; open             ; open   ; 0 in             ; 0 H/in                 ; 0 F/in                 ; short        ; open          ; open            ; open  ; 0 V                 ; -                  ; n/a           ; n/a             ; n/a         ;
; assigned_line[0] ; 2.5 V        ; 0 in              ; 0 H/in                  ; 0 F/in                  ; short         ; -                   ; open           ; open             ; open   ; 0 in             ; 0 H/in                 ; 0 F/in                 ; short        ; open          ; open            ; open  ; 0 V                 ; -                  ; n/a           ; n/a             ; n/a         ;
; c_imag[31]       ; 2.5 V        ; 0 in              ; 0 H/in                  ; 0 F/in                  ; short         ; -                   ; open           ; open             ; open   ; 0 in             ; 0 H/in                 ; 0 F/in                 ; short        ; open          ; open            ; open  ; 0 V                 ; -                  ; n/a           ; n/a             ; n/a         ;
; c_imag[30]       ; 2.5 V        ; 0 in              ; 0 H/in                  ; 0 F/in                  ; short         ; -                   ; open           ; open             ; open   ; 0 in             ; 0 H/in                 ; 0 F/in                 ; short        ; open          ; open            ; open  ; 0 V                 ; -                  ; n/a           ; n/a             ; n/a         ;
; c_imag[29]       ; 2.5 V        ; 0 in              ; 0 H/in                  ; 0 F/in                  ; short         ; -                   ; open           ; open             ; open   ; 0 in             ; 0 H/in                 ; 0 F/in                 ; short        ; open          ; open            ; open  ; 0 V                 ; -                  ; n/a           ; n/a             ; n/a         ;
; c_imag[28]       ; 2.5 V        ; 0 in              ; 0 H/in                  ; 0 F/in                  ; short         ; -                   ; open           ; open             ; open   ; 0 in             ; 0 H/in                 ; 0 F/in                 ; short        ; open          ; open            ; open  ; 0 V                 ; -                  ; n/a           ; n/a             ; n/a         ;
; c_imag[27]       ; 2.5 V        ; 0 in              ; 0 H/in                  ; 0 F/in                  ; short         ; -                   ; open           ; open             ; open   ; 0 in             ; 0 H/in                 ; 0 F/in                 ; short        ; open          ; open            ; open  ; 0 V                 ; -                  ; n/a           ; n/a             ; n/a         ;
; c_imag[26]       ; 2.5 V        ; 0 in              ; 0 H/in                  ; 0 F/in                  ; short         ; -                   ; open           ; open             ; open   ; 0 in             ; 0 H/in                 ; 0 F/in                 ; short        ; open          ; open            ; open  ; 0 V                 ; -                  ; n/a           ; n/a             ; n/a         ;
; c_imag[25]       ; 2.5 V        ; 0 in              ; 0 H/in                  ; 0 F/in                  ; short         ; -                   ; open           ; open             ; open   ; 0 in             ; 0 H/in                 ; 0 F/in                 ; short        ; open          ; open            ; open  ; 0 V                 ; -                  ; n/a           ; n/a             ; n/a         ;
; c_imag[24]       ; 2.5 V        ; 0 in              ; 0 H/in                  ; 0 F/in                  ; short         ; -                   ; open           ; open             ; open   ; 0 in             ; 0 H/in                 ; 0 F/in                 ; short        ; open          ; open            ; open  ; 0 V                 ; -                  ; n/a           ; n/a             ; n/a         ;
; c_imag[23]       ; 2.5 V        ; 0 in              ; 0 H/in                  ; 0 F/in                  ; short         ; -                   ; open           ; open             ; open   ; 0 in             ; 0 H/in                 ; 0 F/in                 ; short        ; open          ; open            ; open  ; 0 V                 ; -                  ; n/a           ; n/a             ; n/a         ;
; c_imag[22]       ; 2.5 V        ; 0 in              ; 0 H/in                  ; 0 F/in                  ; short         ; -                   ; open           ; open             ; open   ; 0 in             ; 0 H/in                 ; 0 F/in                 ; short        ; open          ; open            ; open  ; 0 V                 ; -                  ; n/a           ; n/a             ; n/a         ;
; c_imag[21]       ; 2.5 V        ; 0 in              ; 0 H/in                  ; 0 F/in                  ; short         ; -                   ; open           ; open             ; open   ; 0 in             ; 0 H/in                 ; 0 F/in                 ; short        ; open          ; open            ; open  ; 0 V                 ; -                  ; n/a           ; n/a             ; n/a         ;
; c_imag[20]       ; 2.5 V        ; 0 in              ; 0 H/in                  ; 0 F/in                  ; short         ; -                   ; open           ; open             ; open   ; 0 in             ; 0 H/in                 ; 0 F/in                 ; short        ; open          ; open            ; open  ; 0 V                 ; -                  ; n/a           ; n/a             ; n/a         ;
; c_imag[19]       ; 2.5 V        ; 0 in              ; 0 H/in                  ; 0 F/in                  ; short         ; -                   ; open           ; open             ; open   ; 0 in             ; 0 H/in                 ; 0 F/in                 ; short        ; open          ; open            ; open  ; 0 V                 ; -                  ; n/a           ; n/a             ; n/a         ;
; c_imag[18]       ; 2.5 V        ; 0 in              ; 0 H/in                  ; 0 F/in                  ; short         ; -                   ; open           ; open             ; open   ; 0 in             ; 0 H/in                 ; 0 F/in                 ; short        ; open          ; open            ; open  ; 0 V                 ; -                  ; n/a           ; n/a             ; n/a         ;
; c_imag[17]       ; 2.5 V        ; 0 in              ; 0 H/in                  ; 0 F/in                  ; short         ; -                   ; open           ; open             ; open   ; 0 in             ; 0 H/in                 ; 0 F/in                 ; short        ; open          ; open            ; open  ; 0 V                 ; -                  ; n/a           ; n/a             ; n/a         ;
; c_imag[16]       ; 2.5 V        ; 0 in              ; 0 H/in                  ; 0 F/in                  ; short         ; -                   ; open           ; open             ; open   ; 0 in             ; 0 H/in                 ; 0 F/in                 ; short        ; open          ; open            ; open  ; 0 V                 ; -                  ; n/a           ; n/a             ; n/a         ;
; c_imag[15]       ; 2.5 V        ; 0 in              ; 0 H/in                  ; 0 F/in                  ; short         ; -                   ; open           ; open             ; open   ; 0 in             ; 0 H/in                 ; 0 F/in                 ; short        ; open          ; open            ; open  ; 0 V                 ; -                  ; n/a           ; n/a             ; n/a         ;
; c_imag[14]       ; 2.5 V        ; 0 in              ; 0 H/in                  ; 0 F/in                  ; short         ; -                   ; open           ; open             ; open   ; 0 in             ; 0 H/in                 ; 0 F/in                 ; short        ; open          ; open            ; open  ; 0 V                 ; -                  ; n/a           ; n/a             ; n/a         ;
; c_imag[13]       ; 2.5 V        ; 0 in              ; 0 H/in                  ; 0 F/in                  ; short         ; -                   ; open           ; open             ; open   ; 0 in             ; 0 H/in                 ; 0 F/in                 ; short        ; open          ; open            ; open  ; 0 V                 ; -                  ; n/a           ; n/a             ; n/a         ;
; c_imag[12]       ; 2.5 V        ; 0 in              ; 0 H/in                  ; 0 F/in                  ; short         ; -                   ; open           ; open             ; open   ; 0 in             ; 0 H/in                 ; 0 F/in                 ; short        ; open          ; open            ; open  ; 0 V                 ; -                  ; n/a           ; n/a             ; n/a         ;
; c_imag[11]       ; 2.5 V        ; 0 in              ; 0 H/in                  ; 0 F/in                  ; short         ; -                   ; open           ; open             ; open   ; 0 in             ; 0 H/in                 ; 0 F/in                 ; short        ; open          ; open            ; open  ; 0 V                 ; -                  ; n/a           ; n/a             ; n/a         ;
; c_imag[10]       ; 2.5 V        ; 0 in              ; 0 H/in                  ; 0 F/in                  ; short         ; -                   ; open           ; open             ; open   ; 0 in             ; 0 H/in                 ; 0 F/in                 ; short        ; open          ; open            ; open  ; 0 V                 ; -                  ; n/a           ; n/a             ; n/a         ;
; c_imag[9]        ; 2.5 V        ; 0 in              ; 0 H/in                  ; 0 F/in                  ; short         ; -                   ; open           ; open             ; open   ; 0 in             ; 0 H/in                 ; 0 F/in                 ; short        ; open          ; open            ; open  ; 0 V                 ; -                  ; n/a           ; n/a             ; n/a         ;
; c_imag[8]        ; 2.5 V        ; 0 in              ; 0 H/in                  ; 0 F/in                  ; short         ; -                   ; open           ; open             ; open   ; 0 in             ; 0 H/in                 ; 0 F/in                 ; short        ; open          ; open            ; open  ; 0 V                 ; -                  ; n/a           ; n/a             ; n/a         ;
; c_imag[7]        ; 2.5 V        ; 0 in              ; 0 H/in                  ; 0 F/in                  ; short         ; -                   ; open           ; open             ; open   ; 0 in             ; 0 H/in                 ; 0 F/in                 ; short        ; open          ; open            ; open  ; 0 V                 ; -                  ; n/a           ; n/a             ; n/a         ;
; c_imag[6]        ; 2.5 V        ; 0 in              ; 0 H/in                  ; 0 F/in                  ; short         ; -                   ; open           ; open             ; open   ; 0 in             ; 0 H/in                 ; 0 F/in                 ; short        ; open          ; open            ; open  ; 0 V                 ; -                  ; n/a           ; n/a             ; n/a         ;
; c_imag[5]        ; 2.5 V        ; 0 in              ; 0 H/in                  ; 0 F/in                  ; short         ; -                   ; open           ; open             ; open   ; 0 in             ; 0 H/in                 ; 0 F/in                 ; short        ; open          ; open            ; open  ; 0 V                 ; -                  ; n/a           ; n/a             ; n/a         ;
; c_imag[4]        ; 2.5 V        ; 0 in              ; 0 H/in                  ; 0 F/in                  ; short         ; -                   ; open           ; open             ; open   ; 0 in             ; 0 H/in                 ; 0 F/in                 ; short        ; open          ; open            ; open  ; 0 V                 ; -                  ; n/a           ; n/a             ; n/a         ;
; c_imag[3]        ; 2.5 V        ; 0 in              ; 0 H/in                  ; 0 F/in                  ; short         ; -                   ; open           ; open             ; open   ; 0 in             ; 0 H/in                 ; 0 F/in                 ; short        ; open          ; open            ; open  ; 0 V                 ; -                  ; n/a           ; n/a             ; n/a         ;
; c_imag[2]        ; 2.5 V        ; 0 in              ; 0 H/in                  ; 0 F/in                  ; short         ; -                   ; open           ; open             ; open   ; 0 in             ; 0 H/in                 ; 0 F/in                 ; short        ; open          ; open            ; open  ; 0 V                 ; -                  ; n/a           ; n/a             ; n/a         ;
; c_imag[1]        ; 2.5 V        ; 0 in              ; 0 H/in                  ; 0 F/in                  ; short         ; -                   ; open           ; open             ; open   ; 0 in             ; 0 H/in                 ; 0 F/in                 ; short        ; open          ; open            ; open  ; 0 V                 ; -                  ; n/a           ; n/a             ; n/a         ;
; c_imag[0]        ; 2.5 V        ; 0 in              ; 0 H/in                  ; 0 F/in                  ; short         ; -                   ; open           ; open             ; open   ; 0 in             ; 0 H/in                 ; 0 F/in                 ; short        ; open          ; open            ; open  ; 0 V                 ; -                  ; n/a           ; n/a             ; n/a         ;
; c_real[31]       ; 2.5 V        ; 0 in              ; 0 H/in                  ; 0 F/in                  ; short         ; -                   ; open           ; open             ; open   ; 0 in             ; 0 H/in                 ; 0 F/in                 ; short        ; open          ; open            ; open  ; 0 V                 ; -                  ; n/a           ; n/a             ; n/a         ;
; c_real[30]       ; 2.5 V        ; 0 in              ; 0 H/in                  ; 0 F/in                  ; short         ; -                   ; open           ; open             ; open   ; 0 in             ; 0 H/in                 ; 0 F/in                 ; short        ; open          ; open            ; open  ; 0 V                 ; -                  ; n/a           ; n/a             ; n/a         ;
; c_real[29]       ; 2.5 V        ; 0 in              ; 0 H/in                  ; 0 F/in                  ; short         ; -                   ; open           ; open             ; open   ; 0 in             ; 0 H/in                 ; 0 F/in                 ; short        ; open          ; open            ; open  ; 0 V                 ; -                  ; n/a           ; n/a             ; n/a         ;
; c_real[28]       ; 2.5 V        ; 0 in              ; 0 H/in                  ; 0 F/in                  ; short         ; -                   ; open           ; open             ; open   ; 0 in             ; 0 H/in                 ; 0 F/in                 ; short        ; open          ; open            ; open  ; 0 V                 ; -                  ; n/a           ; n/a             ; n/a         ;
; c_real[27]       ; 2.5 V        ; 0 in              ; 0 H/in                  ; 0 F/in                  ; short         ; -                   ; open           ; open             ; open   ; 0 in             ; 0 H/in                 ; 0 F/in                 ; short        ; open          ; open            ; open  ; 0 V                 ; -                  ; n/a           ; n/a             ; n/a         ;
; c_real[26]       ; 2.5 V        ; 0 in              ; 0 H/in                  ; 0 F/in                  ; short         ; -                   ; open           ; open             ; open   ; 0 in             ; 0 H/in                 ; 0 F/in                 ; short        ; open          ; open            ; open  ; 0 V                 ; -                  ; n/a           ; n/a             ; n/a         ;
; c_real[25]       ; 2.5 V        ; 0 in              ; 0 H/in                  ; 0 F/in                  ; short         ; -                   ; open           ; open             ; open   ; 0 in             ; 0 H/in                 ; 0 F/in                 ; short        ; open          ; open            ; open  ; 0 V                 ; -                  ; n/a           ; n/a             ; n/a         ;
; c_real[24]       ; 2.5 V        ; 0 in              ; 0 H/in                  ; 0 F/in                  ; short         ; -                   ; open           ; open             ; open   ; 0 in             ; 0 H/in                 ; 0 F/in                 ; short        ; open          ; open            ; open  ; 0 V                 ; -                  ; n/a           ; n/a             ; n/a         ;
; c_real[23]       ; 2.5 V        ; 0 in              ; 0 H/in                  ; 0 F/in                  ; short         ; -                   ; open           ; open             ; open   ; 0 in             ; 0 H/in                 ; 0 F/in                 ; short        ; open          ; open            ; open  ; 0 V                 ; -                  ; n/a           ; n/a             ; n/a         ;
; c_real[22]       ; 2.5 V        ; 0 in              ; 0 H/in                  ; 0 F/in                  ; short         ; -                   ; open           ; open             ; open   ; 0 in             ; 0 H/in                 ; 0 F/in                 ; short        ; open          ; open            ; open  ; 0 V                 ; -                  ; n/a           ; n/a             ; n/a         ;
; c_real[21]       ; 2.5 V        ; 0 in              ; 0 H/in                  ; 0 F/in                  ; short         ; -                   ; open           ; open             ; open   ; 0 in             ; 0 H/in                 ; 0 F/in                 ; short        ; open          ; open            ; open  ; 0 V                 ; -                  ; n/a           ; n/a             ; n/a         ;
; c_real[20]       ; 2.5 V        ; 0 in              ; 0 H/in                  ; 0 F/in                  ; short         ; -                   ; open           ; open             ; open   ; 0 in             ; 0 H/in                 ; 0 F/in                 ; short        ; open          ; open            ; open  ; 0 V                 ; -                  ; n/a           ; n/a             ; n/a         ;
; c_real[19]       ; 2.5 V        ; 0 in              ; 0 H/in                  ; 0 F/in                  ; short         ; -                   ; open           ; open             ; open   ; 0 in             ; 0 H/in                 ; 0 F/in                 ; short        ; open          ; open            ; open  ; 0 V                 ; -                  ; n/a           ; n/a             ; n/a         ;
; c_real[18]       ; 2.5 V        ; 0 in              ; 0 H/in                  ; 0 F/in                  ; short         ; -                   ; open           ; open             ; open   ; 0 in             ; 0 H/in                 ; 0 F/in                 ; short        ; open          ; open            ; open  ; 0 V                 ; -                  ; n/a           ; n/a             ; n/a         ;
; c_real[17]       ; 2.5 V        ; 0 in              ; 0 H/in                  ; 0 F/in                  ; short         ; -                   ; open           ; open             ; open   ; 0 in             ; 0 H/in                 ; 0 F/in                 ; short        ; open          ; open            ; open  ; 0 V                 ; -                  ; n/a           ; n/a             ; n/a         ;
; c_real[16]       ; 2.5 V        ; 0 in              ; 0 H/in                  ; 0 F/in                  ; short         ; -                   ; open           ; open             ; open   ; 0 in             ; 0 H/in                 ; 0 F/in                 ; short        ; open          ; open            ; open  ; 0 V                 ; -                  ; n/a           ; n/a             ; n/a         ;
; c_real[15]       ; 2.5 V        ; 0 in              ; 0 H/in                  ; 0 F/in                  ; short         ; -                   ; open           ; open             ; open   ; 0 in             ; 0 H/in                 ; 0 F/in                 ; short        ; open          ; open            ; open  ; 0 V                 ; -                  ; n/a           ; n/a             ; n/a         ;
; c_real[14]       ; 2.5 V        ; 0 in              ; 0 H/in                  ; 0 F/in                  ; short         ; -                   ; open           ; open             ; open   ; 0 in             ; 0 H/in                 ; 0 F/in                 ; short        ; open          ; open            ; open  ; 0 V                 ; -                  ; n/a           ; n/a             ; n/a         ;
; c_real[13]       ; 2.5 V        ; 0 in              ; 0 H/in                  ; 0 F/in                  ; short         ; -                   ; open           ; open             ; open   ; 0 in             ; 0 H/in                 ; 0 F/in                 ; short        ; open          ; open            ; open  ; 0 V                 ; -                  ; n/a           ; n/a             ; n/a         ;
; c_real[12]       ; 2.5 V        ; 0 in              ; 0 H/in                  ; 0 F/in                  ; short         ; -                   ; open           ; open             ; open   ; 0 in             ; 0 H/in                 ; 0 F/in                 ; short        ; open          ; open            ; open  ; 0 V                 ; -                  ; n/a           ; n/a             ; n/a         ;
; c_real[11]       ; 2.5 V        ; 0 in              ; 0 H/in                  ; 0 F/in                  ; short         ; -                   ; open           ; open             ; open   ; 0 in             ; 0 H/in                 ; 0 F/in                 ; short        ; open          ; open            ; open  ; 0 V                 ; -                  ; n/a           ; n/a             ; n/a         ;
; c_real[10]       ; 2.5 V        ; 0 in              ; 0 H/in                  ; 0 F/in                  ; short         ; -                   ; open           ; open             ; open   ; 0 in             ; 0 H/in                 ; 0 F/in                 ; short        ; open          ; open            ; open  ; 0 V                 ; -                  ; n/a           ; n/a             ; n/a         ;
; c_real[9]        ; 2.5 V        ; 0 in              ; 0 H/in                  ; 0 F/in                  ; short         ; -                   ; open           ; open             ; open   ; 0 in             ; 0 H/in                 ; 0 F/in                 ; short        ; open          ; open            ; open  ; 0 V                 ; -                  ; n/a           ; n/a             ; n/a         ;
; c_real[8]        ; 2.5 V        ; 0 in              ; 0 H/in                  ; 0 F/in                  ; short         ; -                   ; open           ; open             ; open   ; 0 in             ; 0 H/in                 ; 0 F/in                 ; short        ; open          ; open            ; open  ; 0 V                 ; -                  ; n/a           ; n/a             ; n/a         ;
; c_real[7]        ; 2.5 V        ; 0 in              ; 0 H/in                  ; 0 F/in                  ; short         ; -                   ; open           ; open             ; open   ; 0 in             ; 0 H/in                 ; 0 F/in                 ; short        ; open          ; open            ; open  ; 0 V                 ; -                  ; n/a           ; n/a             ; n/a         ;
; c_real[6]        ; 2.5 V        ; 0 in              ; 0 H/in                  ; 0 F/in                  ; short         ; -                   ; open           ; open             ; open   ; 0 in             ; 0 H/in                 ; 0 F/in                 ; short        ; open          ; open            ; open  ; 0 V                 ; -                  ; n/a           ; n/a             ; n/a         ;
; c_real[5]        ; 2.5 V        ; 0 in              ; 0 H/in                  ; 0 F/in                  ; short         ; -                   ; open           ; open             ; open   ; 0 in             ; 0 H/in                 ; 0 F/in                 ; short        ; open          ; open            ; open  ; 0 V                 ; -                  ; n/a           ; n/a             ; n/a         ;
; c_real[4]        ; 2.5 V        ; 0 in              ; 0 H/in                  ; 0 F/in                  ; short         ; -                   ; open           ; open             ; open   ; 0 in             ; 0 H/in                 ; 0 F/in                 ; short        ; open          ; open            ; open  ; 0 V                 ; -                  ; n/a           ; n/a             ; n/a         ;
; c_real[3]        ; 2.5 V        ; 0 in              ; 0 H/in                  ; 0 F/in                  ; short         ; -                   ; open           ; open             ; open   ; 0 in             ; 0 H/in                 ; 0 F/in                 ; short        ; open          ; open            ; open  ; 0 V                 ; -                  ; n/a           ; n/a             ; n/a         ;
; c_real[2]        ; 2.5 V        ; 0 in              ; 0 H/in                  ; 0 F/in                  ; short         ; -                   ; open           ; open             ; open   ; 0 in             ; 0 H/in                 ; 0 F/in                 ; short        ; open          ; open            ; open  ; 0 V                 ; -                  ; n/a           ; n/a             ; n/a         ;
; c_real[1]        ; 2.5 V        ; 0 in              ; 0 H/in                  ; 0 F/in                  ; short         ; -                   ; open           ; open             ; open   ; 0 in             ; 0 H/in                 ; 0 F/in                 ; short        ; open          ; open            ; open  ; 0 V                 ; -                  ; n/a           ; n/a             ; n/a         ;
; c_real[0]        ; 2.5 V        ; 0 in              ; 0 H/in                  ; 0 F/in                  ; short         ; -                   ; open           ; open             ; open   ; 0 in             ; 0 H/in                 ; 0 F/in                 ; short        ; open          ; open            ; open  ; 0 V                 ; -                  ; n/a           ; n/a             ; n/a         ;
; o_blue_out[2]    ; 2.5 V        ; 0 in              ; 0 H/in                  ; 0 F/in                  ; short         ; -                   ; open           ; open             ; open   ; 0 in             ; 0 H/in                 ; 0 F/in                 ; short        ; open          ; open            ; open  ; 0 V                 ; -                  ; n/a           ; n/a             ; n/a         ;
; o_blue_out[1]    ; 2.5 V        ; 0 in              ; 0 H/in                  ; 0 F/in                  ; short         ; -                   ; open           ; open             ; open   ; 0 in             ; 0 H/in                 ; 0 F/in                 ; short        ; open          ; open            ; open  ; 0 V                 ; -                  ; n/a           ; n/a             ; n/a         ;
; o_blue_out[0]    ; 2.5 V        ; 0 in              ; 0 H/in                  ; 0 F/in                  ; short         ; -                   ; open           ; open             ; open   ; 0 in             ; 0 H/in                 ; 0 F/in                 ; short        ; open          ; open            ; open  ; 0 V                 ; -                  ; n/a           ; n/a             ; n/a         ;
; o_green_out[2]   ; 2.5 V        ; 0 in              ; 0 H/in                  ; 0 F/in                  ; short         ; -                   ; open           ; open             ; open   ; 0 in             ; 0 H/in                 ; 0 F/in                 ; short        ; open          ; open            ; open  ; 0 V                 ; -                  ; n/a           ; n/a             ; n/a         ;
; o_green_out[1]   ; 2.5 V        ; 0 in              ; 0 H/in                  ; 0 F/in                  ; short         ; -                   ; open           ; open             ; open   ; 0 in             ; 0 H/in                 ; 0 F/in                 ; short        ; open          ; open            ; open  ; 0 V                 ; -                  ; n/a           ; n/a             ; n/a         ;
; o_green_out[0]   ; 2.5 V        ; 0 in              ; 0 H/in                  ; 0 F/in                  ; short         ; -                   ; open           ; open             ; open   ; 0 in             ; 0 H/in                 ; 0 F/in                 ; short        ; open          ; open            ; open  ; 0 V                 ; -                  ; n/a           ; n/a             ; n/a         ;
; o_pixel_x[9]     ; 2.5 V        ; 0 in              ; 0 H/in                  ; 0 F/in                  ; short         ; -                   ; open           ; open             ; open   ; 0 in             ; 0 H/in                 ; 0 F/in                 ; short        ; open          ; open            ; open  ; 0 V                 ; -                  ; n/a           ; n/a             ; n/a         ;
; o_pixel_x[8]     ; 2.5 V        ; 0 in              ; 0 H/in                  ; 0 F/in                  ; short         ; -                   ; open           ; open             ; open   ; 0 in             ; 0 H/in                 ; 0 F/in                 ; short        ; open          ; open            ; open  ; 0 V                 ; -                  ; n/a           ; n/a             ; n/a         ;
; o_pixel_x[7]     ; 2.5 V        ; 0 in              ; 0 H/in                  ; 0 F/in                  ; short         ; -                   ; open           ; open             ; open   ; 0 in             ; 0 H/in                 ; 0 F/in                 ; short        ; open          ; open            ; open  ; 0 V                 ; -                  ; n/a           ; n/a             ; n/a         ;
; o_pixel_x[6]     ; 2.5 V        ; 0 in              ; 0 H/in                  ; 0 F/in                  ; short         ; -                   ; open           ; open             ; open   ; 0 in             ; 0 H/in                 ; 0 F/in                 ; short        ; open          ; open            ; open  ; 0 V                 ; -                  ; n/a           ; n/a             ; n/a         ;
; o_pixel_x[5]     ; 2.5 V        ; 0 in              ; 0 H/in                  ; 0 F/in                  ; short         ; -                   ; open           ; open             ; open   ; 0 in             ; 0 H/in                 ; 0 F/in                 ; short        ; open          ; open            ; open  ; 0 V                 ; -                  ; n/a           ; n/a             ; n/a         ;
; o_pixel_x[4]     ; 2.5 V        ; 0 in              ; 0 H/in                  ; 0 F/in                  ; short         ; -                   ; open           ; open             ; open   ; 0 in             ; 0 H/in                 ; 0 F/in                 ; short        ; open          ; open            ; open  ; 0 V                 ; -                  ; n/a           ; n/a             ; n/a         ;
; o_pixel_x[3]     ; 2.5 V        ; 0 in              ; 0 H/in                  ; 0 F/in                  ; short         ; -                   ; open           ; open             ; open   ; 0 in             ; 0 H/in                 ; 0 F/in                 ; short        ; open          ; open            ; open  ; 0 V                 ; -                  ; n/a           ; n/a             ; n/a         ;
; o_pixel_x[2]     ; 2.5 V        ; 0 in              ; 0 H/in                  ; 0 F/in                  ; short         ; -                   ; open           ; open             ; open   ; 0 in             ; 0 H/in                 ; 0 F/in                 ; short        ; open          ; open            ; open  ; 0 V                 ; -                  ; n/a           ; n/a             ; n/a         ;
; o_pixel_x[1]     ; 2.5 V        ; 0 in              ; 0 H/in                  ; 0 F/in                  ; short         ; -                   ; open           ; open             ; open   ; 0 in             ; 0 H/in                 ; 0 F/in                 ; short        ; open          ; open            ; open  ; 0 V                 ; -                  ; n/a           ; n/a             ; n/a         ;
; o_pixel_x[0]     ; 2.5 V        ; 0 in              ; 0 H/in                  ; 0 F/in                  ; short         ; -                   ; open           ; open             ; open   ; 0 in             ; 0 H/in                 ; 0 F/in                 ; short        ; open          ; open            ; open  ; 0 V                 ; -                  ; n/a           ; n/a             ; n/a         ;
; o_pixel_y[9]     ; 2.5 V        ; 0 in              ; 0 H/in                  ; 0 F/in                  ; short         ; -                   ; open           ; open             ; open   ; 0 in             ; 0 H/in                 ; 0 F/in                 ; short        ; open          ; open            ; open  ; 0 V                 ; -                  ; n/a           ; n/a             ; n/a         ;
; o_pixel_y[8]     ; 2.5 V        ; 0 in              ; 0 H/in                  ; 0 F/in                  ; short         ; -                   ; open           ; open             ; open   ; 0 in             ; 0 H/in                 ; 0 F/in                 ; short        ; open          ; open            ; open  ; 0 V                 ; -                  ; n/a           ; n/a             ; n/a         ;
; o_pixel_y[7]     ; 2.5 V        ; 0 in              ; 0 H/in                  ; 0 F/in                  ; short         ; -                   ; open           ; open             ; open   ; 0 in             ; 0 H/in                 ; 0 F/in                 ; short        ; open          ; open            ; open  ; 0 V                 ; -                  ; n/a           ; n/a             ; n/a         ;
; o_pixel_y[6]     ; 2.5 V        ; 0 in              ; 0 H/in                  ; 0 F/in                  ; short         ; -                   ; open           ; open             ; open   ; 0 in             ; 0 H/in                 ; 0 F/in                 ; short        ; open          ; open            ; open  ; 0 V                 ; -                  ; n/a           ; n/a             ; n/a         ;
; o_pixel_y[5]     ; 2.5 V        ; 0 in              ; 0 H/in                  ; 0 F/in                  ; short         ; -                   ; open           ; open             ; open   ; 0 in             ; 0 H/in                 ; 0 F/in                 ; short        ; open          ; open            ; open  ; 0 V                 ; -                  ; n/a           ; n/a             ; n/a         ;
; o_pixel_y[4]     ; 2.5 V        ; 0 in              ; 0 H/in                  ; 0 F/in                  ; short         ; -                   ; open           ; open             ; open   ; 0 in             ; 0 H/in                 ; 0 F/in                 ; short        ; open          ; open            ; open  ; 0 V                 ; -                  ; n/a           ; n/a             ; n/a         ;
; o_pixel_y[3]     ; 2.5 V        ; 0 in              ; 0 H/in                  ; 0 F/in                  ; short         ; -                   ; open           ; open             ; open   ; 0 in             ; 0 H/in                 ; 0 F/in                 ; short        ; open          ; open            ; open  ; 0 V                 ; -                  ; n/a           ; n/a             ; n/a         ;
; o_pixel_y[2]     ; 2.5 V        ; 0 in              ; 0 H/in                  ; 0 F/in                  ; short         ; -                   ; open           ; open             ; open   ; 0 in             ; 0 H/in                 ; 0 F/in                 ; short        ; open          ; open            ; open  ; 0 V                 ; -                  ; n/a           ; n/a             ; n/a         ;
; o_pixel_y[1]     ; 2.5 V        ; 0 in              ; 0 H/in                  ; 0 F/in                  ; short         ; -                   ; open           ; open             ; open   ; 0 in             ; 0 H/in                 ; 0 F/in                 ; short        ; open          ; open            ; open  ; 0 V                 ; -                  ; n/a           ; n/a             ; n/a         ;
; o_pixel_y[0]     ; 2.5 V        ; 0 in              ; 0 H/in                  ; 0 F/in                  ; short         ; -                   ; open           ; open             ; open   ; 0 in             ; 0 H/in                 ; 0 F/in                 ; short        ; open          ; open            ; open  ; 0 V                 ; -                  ; n/a           ; n/a             ; n/a         ;
; o_red_out[2]     ; 2.5 V        ; 0 in              ; 0 H/in                  ; 0 F/in                  ; short         ; -                   ; open           ; open             ; open   ; 0 in             ; 0 H/in                 ; 0 F/in                 ; short        ; open          ; open            ; open  ; 0 V                 ; -                  ; n/a           ; n/a             ; n/a         ;
; o_red_out[1]     ; 2.5 V        ; 0 in              ; 0 H/in                  ; 0 F/in                  ; short         ; -                   ; open           ; open             ; open   ; 0 in             ; 0 H/in                 ; 0 F/in                 ; short        ; open          ; open            ; open  ; 0 V                 ; -                  ; n/a           ; n/a             ; n/a         ;
; o_red_out[0]     ; 2.5 V        ; 0 in              ; 0 H/in                  ; 0 F/in                  ; short         ; -                   ; open           ; open             ; open   ; 0 in             ; 0 H/in                 ; 0 F/in                 ; short        ; open          ; open            ; open  ; 0 V                 ; -                  ; n/a           ; n/a             ; n/a         ;
; ~ALTERA_TDO~     ; 2.5 V        ; 0 in              ; 0 H/in                  ; 0 F/in                  ; short         ; -                   ; open           ; open             ; open   ; 0 in             ; 0 H/in                 ; 0 F/in                 ; short        ; open          ; open            ; open  ; 0 V                 ; -                  ; n/a           ; n/a             ; n/a         ;
+------------------+--------------+-------------------+-------------------------+-------------------------+---------------+---------------------+----------------+------------------+--------+------------------+------------------------+------------------------+--------------+---------------+-----------------+-------+---------------------+--------------------+---------------+-----------------+-------------+


+---------------------------------------------------------------------------------+
; Input Transition Times                                                          ;
+---------------------+-----------------------+-----------------+-----------------+
; Pin                 ; I/O Standard          ; 10-90 Rise Time ; 90-10 Fall Time ;
+---------------------+-----------------------+-----------------+-----------------+
; clk                 ; 2.5 V                 ; 2000 ps         ; 2000 ps         ;
; reset               ; 2.5 V                 ; 2000 ps         ; 2000 ps         ;
; request_line        ; 2.5 V                 ; 2000 ps         ; 2000 ps         ;
; btn_negative        ; 2.5 V                 ; 2000 ps         ; 2000 ps         ;
; axis_select         ; 2.5 V                 ; 2000 ps         ; 2000 ps         ;
; btn_positive        ; 2.5 V                 ; 2000 ps         ; 2000 ps         ;
; mode_zoom           ; 2.5 V                 ; 2000 ps         ; 2000 ps         ;
; pixel_y[0]          ; 2.5 V                 ; 2000 ps         ; 2000 ps         ;
; pixel_y[1]          ; 2.5 V                 ; 2000 ps         ; 2000 ps         ;
; pixel_y[2]          ; 2.5 V                 ; 2000 ps         ; 2000 ps         ;
; pixel_y[3]          ; 2.5 V                 ; 2000 ps         ; 2000 ps         ;
; pixel_y[4]          ; 2.5 V                 ; 2000 ps         ; 2000 ps         ;
; pixel_y[5]          ; 2.5 V                 ; 2000 ps         ; 2000 ps         ;
; pixel_y[6]          ; 2.5 V                 ; 2000 ps         ; 2000 ps         ;
; pixel_y[7]          ; 2.5 V                 ; 2000 ps         ; 2000 ps         ;
; pixel_y[8]          ; 2.5 V                 ; 2000 ps         ; 2000 ps         ;
; pixel_y[9]          ; 2.5 V                 ; 2000 ps         ; 2000 ps         ;
; pixel_x[0]          ; 2.5 V                 ; 2000 ps         ; 2000 ps         ;
; pixel_x[1]          ; 2.5 V                 ; 2000 ps         ; 2000 ps         ;
; pixel_x[2]          ; 2.5 V                 ; 2000 ps         ; 2000 ps         ;
; pixel_x[3]          ; 2.5 V                 ; 2000 ps         ; 2000 ps         ;
; pixel_x[4]          ; 2.5 V                 ; 2000 ps         ; 2000 ps         ;
; pixel_x[5]          ; 2.5 V                 ; 2000 ps         ; 2000 ps         ;
; pixel_x[6]          ; 2.5 V                 ; 2000 ps         ; 2000 ps         ;
; pixel_x[7]          ; 2.5 V                 ; 2000 ps         ; 2000 ps         ;
; pixel_x[8]          ; 2.5 V                 ; 2000 ps         ; 2000 ps         ;
; pixel_x[9]          ; 2.5 V                 ; 2000 ps         ; 2000 ps         ;
; vga_y[6]            ; 2.5 V                 ; 2000 ps         ; 2000 ps         ;
; vga_y[5]            ; 2.5 V                 ; 2000 ps         ; 2000 ps         ;
; vga_x[0]            ; 2.5 V                 ; 2000 ps         ; 2000 ps         ;
; vga_x[1]            ; 2.5 V                 ; 2000 ps         ; 2000 ps         ;
; vga_x[2]            ; 2.5 V                 ; 2000 ps         ; 2000 ps         ;
; vga_x[3]            ; 2.5 V                 ; 2000 ps         ; 2000 ps         ;
; vga_x[4]            ; 2.5 V                 ; 2000 ps         ; 2000 ps         ;
; vga_x[5]            ; 2.5 V                 ; 2000 ps         ; 2000 ps         ;
; vga_x[6]            ; 2.5 V                 ; 2000 ps         ; 2000 ps         ;
; vga_x[7]            ; 2.5 V                 ; 2000 ps         ; 2000 ps         ;
; vga_y[0]            ; 2.5 V                 ; 2000 ps         ; 2000 ps         ;
; vga_y[1]            ; 2.5 V                 ; 2000 ps         ; 2000 ps         ;
; vga_y[2]            ; 2.5 V                 ; 2000 ps         ; 2000 ps         ;
; vga_y[3]            ; 2.5 V                 ; 2000 ps         ; 2000 ps         ;
; vga_y[4]            ; 2.5 V                 ; 2000 ps         ; 2000 ps         ;
; pixel_valid         ; 2.5 V                 ; 2000 ps         ; 2000 ps         ;
; pixel_data[2]       ; 2.5 V                 ; 2000 ps         ; 2000 ps         ;
; pixel_data[1]       ; 2.5 V                 ; 2000 ps         ; 2000 ps         ;
; pixel_data[0]       ; 2.5 V                 ; 2000 ps         ; 2000 ps         ;
; pixel_data[5]       ; 2.5 V                 ; 2000 ps         ; 2000 ps         ;
; pixel_data[4]       ; 2.5 V                 ; 2000 ps         ; 2000 ps         ;
; pixel_data[3]       ; 2.5 V                 ; 2000 ps         ; 2000 ps         ;
; pixel_data[8]       ; 2.5 V                 ; 2000 ps         ; 2000 ps         ;
; pixel_data[7]       ; 2.5 V                 ; 2000 ps         ; 2000 ps         ;
; pixel_data[6]       ; 2.5 V                 ; 2000 ps         ; 2000 ps         ;
; frame_ready         ; 2.5 V                 ; 2000 ps         ; 2000 ps         ;
; ~ALTERA_TMS~        ; 2.5 V Schmitt Trigger ; 2000 ps         ; 2000 ps         ;
; ~ALTERA_TCK~        ; 2.5 V Schmitt Trigger ; 2000 ps         ; 2000 ps         ;
; ~ALTERA_TDI~        ; 2.5 V Schmitt Trigger ; 2000 ps         ; 2000 ps         ;
; ~ALTERA_CONFIG_SEL~ ; 2.5 V                 ; 2000 ps         ; 2000 ps         ;
; ~ALTERA_nCONFIG~    ; 2.5 V Schmitt Trigger ; 2000 ps         ; 2000 ps         ;
; ~ALTERA_nSTATUS~    ; 2.5 V Schmitt Trigger ; 2000 ps         ; 2000 ps         ;
; ~ALTERA_CONF_DONE~  ; 2.5 V Schmitt Trigger ; 2000 ps         ; 2000 ps         ;
+---------------------+-----------------------+-----------------+-----------------+


+-----------------------------------------------------------------------------------------------------------------------------------------------------------------------------------------------------------------------------------------------------------------------------------------------------------------------------------------------------------------------------------------------------------------------------------------------------------------------------------------------------------------------------------------------------------------------------------------------------------------------------------------------------------------------------------------------+
; Signal Integrity Metrics (Slow 1200mv 0c Model)                                                                                                                                                                                                                                                                                                                                                                                                                                                                                                                                                                                                                                               ;
+------------------+--------------+---------------------+---------------------+------------------------------+------------------------------+---------------------+---------------------+--------------------------------------+--------------------------------------+-----------------------------+-----------------------------+----------------------------+----------------------------+-----------------------------+-----------------------------+--------------------+--------------------+-------------------------------------+-------------------------------------+----------------------------+----------------------------+---------------------------+---------------------------+
; Pin              ; I/O Standard ; Board Delay on Rise ; Board Delay on Fall ; Steady State Voh at FPGA Pin ; Steady State Vol at FPGA Pin ; Voh Max at FPGA Pin ; Vol Min at FPGA Pin ; Ringback Voltage on Rise at FPGA Pin ; Ringback Voltage on Fall at FPGA Pin ; 10-90 Rise Time at FPGA Pin ; 90-10 Fall Time at FPGA Pin ; Monotonic Rise at FPGA Pin ; Monotonic Fall at FPGA Pin ; Steady State Voh at Far-end ; Steady State Vol at Far-end ; Voh Max at Far-end ; Vol Min at Far-end ; Ringback Voltage on Rise at Far-end ; Ringback Voltage on Fall at Far-end ; 10-90 Rise Time at Far-end ; 90-10 Fall Time at Far-end ; Monotonic Rise at Far-end ; Monotonic Fall at Far-end ;
+------------------+--------------+---------------------+---------------------+------------------------------+------------------------------+---------------------+---------------------+--------------------------------------+--------------------------------------+-----------------------------+-----------------------------+----------------------------+----------------------------+-----------------------------+-----------------------------+--------------------+--------------------+-------------------------------------+-------------------------------------+----------------------------+----------------------------+---------------------------+---------------------------+
; frame_done       ; 2.5 V        ; 0 s                 ; 0 s                 ; 2.32 V                       ; 8.25e-09 V                   ; 2.41 V              ; -0.0859 V           ; 0.289 V                              ; 0.136 V                              ; 3.15e-10 s                  ; 4.16e-10 s                  ; No                         ; Yes                        ; 2.32 V                      ; 8.25e-09 V                  ; 2.41 V             ; -0.0859 V          ; 0.289 V                             ; 0.136 V                             ; 3.15e-10 s                 ; 4.16e-10 s                 ; No                        ; Yes                       ;
; o_h_sync         ; 2.5 V        ; 0 s                 ; 0 s                 ; 2.32 V                       ; 8.25e-09 V                   ; 2.41 V              ; -0.0871 V           ; 0.291 V                              ; 0.138 V                              ; 3.15e-10 s                  ; 4.16e-10 s                  ; No                         ; Yes                        ; 2.32 V                      ; 8.25e-09 V                  ; 2.41 V             ; -0.0871 V          ; 0.291 V                             ; 0.138 V                             ; 3.15e-10 s                 ; 4.16e-10 s                 ; No                        ; Yes                       ;
; o_v_sync         ; 2.5 V        ; 0 s                 ; 0 s                 ; 2.32 V                       ; 8.25e-09 V                   ; 2.41 V              ; -0.0859 V           ; 0.289 V                              ; 0.136 V                              ; 3.15e-10 s                  ; 4.16e-10 s                  ; No                         ; Yes                        ; 2.32 V                      ; 8.25e-09 V                  ; 2.41 V             ; -0.0859 V          ; 0.289 V                             ; 0.136 V                             ; 3.15e-10 s                 ; 4.16e-10 s                 ; No                        ; Yes                       ;
; o_vid_display    ; 2.5 V        ; 0 s                 ; 0 s                 ; 2.32 V                       ; 8.25e-09 V                   ; 2.41 V              ; -0.0871 V           ; 0.291 V                              ; 0.138 V                              ; 3.15e-10 s                  ; 4.16e-10 s                  ; No                         ; Yes                        ; 2.32 V                      ; 8.25e-09 V                  ; 2.41 V             ; -0.0871 V          ; 0.291 V                             ; 0.138 V                             ; 3.15e-10 s                 ; 4.16e-10 s                 ; No                        ; Yes                       ;
; assigned_line[9] ; 2.5 V        ; 0 s                 ; 0 s                 ; 2.32 V                       ; 8.25e-09 V                   ; 2.41 V              ; -0.0859 V           ; 0.289 V                              ; 0.136 V                              ; 3.15e-10 s                  ; 4.16e-10 s                  ; No                         ; Yes                        ; 2.32 V                      ; 8.25e-09 V                  ; 2.41 V             ; -0.0859 V          ; 0.289 V                             ; 0.136 V                             ; 3.15e-10 s                 ; 4.16e-10 s                 ; No                        ; Yes                       ;
; assigned_line[8] ; 2.5 V        ; 0 s                 ; 0 s                 ; 2.32 V                       ; 8.25e-09 V                   ; 2.41 V              ; -0.0871 V           ; 0.291 V                              ; 0.138 V                              ; 3.15e-10 s                  ; 4.16e-10 s                  ; No                         ; Yes                        ; 2.32 V                      ; 8.25e-09 V                  ; 2.41 V             ; -0.0871 V          ; 0.291 V                             ; 0.138 V                             ; 3.15e-10 s                 ; 4.16e-10 s                 ; No                        ; Yes                       ;
; assigned_line[7] ; 2.5 V        ; 0 s                 ; 0 s                 ; 2.32 V                       ; 8.25e-09 V                   ; 2.41 V              ; -0.0871 V           ; 0.291 V                              ; 0.138 V                              ; 3.15e-10 s                  ; 4.16e-10 s                  ; No                         ; Yes                        ; 2.32 V                      ; 8.25e-09 V                  ; 2.41 V             ; -0.0871 V          ; 0.291 V                             ; 0.138 V                             ; 3.15e-10 s                 ; 4.16e-10 s                 ; No                        ; Yes                       ;
; assigned_line[6] ; 2.5 V        ; 0 s                 ; 0 s                 ; 2.32 V                       ; 8.25e-09 V                   ; 2.41 V              ; -0.0859 V           ; 0.289 V                              ; 0.136 V                              ; 3.15e-10 s                  ; 4.16e-10 s                  ; No                         ; Yes                        ; 2.32 V                      ; 8.25e-09 V                  ; 2.41 V             ; -0.0859 V          ; 0.289 V                             ; 0.136 V                             ; 3.15e-10 s                 ; 4.16e-10 s                 ; No                        ; Yes                       ;
; assigned_line[5] ; 2.5 V        ; 0 s                 ; 0 s                 ; 2.32 V                       ; 8.25e-09 V                   ; 2.41 V              ; -0.0859 V           ; 0.289 V                              ; 0.136 V                              ; 3.15e-10 s                  ; 4.16e-10 s                  ; No                         ; Yes                        ; 2.32 V                      ; 8.25e-09 V                  ; 2.41 V             ; -0.0859 V          ; 0.289 V                             ; 0.136 V                             ; 3.15e-10 s                 ; 4.16e-10 s                 ; No                        ; Yes                       ;
; assigned_line[4] ; 2.5 V        ; 0 s                 ; 0 s                 ; 2.32 V                       ; 8.25e-09 V                   ; 2.41 V              ; -0.0871 V           ; 0.291 V                              ; 0.138 V                              ; 3.15e-10 s                  ; 4.16e-10 s                  ; No                         ; Yes                        ; 2.32 V                      ; 8.25e-09 V                  ; 2.41 V             ; -0.0871 V          ; 0.291 V                             ; 0.138 V                             ; 3.15e-10 s                 ; 4.16e-10 s                 ; No                        ; Yes                       ;
; assigned_line[3] ; 2.5 V        ; 0 s                 ; 0 s                 ; 2.32 V                       ; 8.25e-09 V                   ; 2.41 V              ; -0.0871 V           ; 0.291 V                              ; 0.138 V                              ; 3.15e-10 s                  ; 4.16e-10 s                  ; No                         ; Yes                        ; 2.32 V                      ; 8.25e-09 V                  ; 2.41 V             ; -0.0871 V          ; 0.291 V                             ; 0.138 V                             ; 3.15e-10 s                 ; 4.16e-10 s                 ; No                        ; Yes                       ;
; assigned_line[2] ; 2.5 V        ; 0 s                 ; 0 s                 ; 2.32 V                       ; 8.25e-09 V                   ; 2.41 V              ; -0.0871 V           ; 0.291 V                              ; 0.138 V                              ; 3.15e-10 s                  ; 4.16e-10 s                  ; No                         ; Yes                        ; 2.32 V                      ; 8.25e-09 V                  ; 2.41 V             ; -0.0871 V          ; 0.291 V                             ; 0.138 V                             ; 3.15e-10 s                 ; 4.16e-10 s                 ; No                        ; Yes                       ;
; assigned_line[1] ; 2.5 V        ; 0 s                 ; 0 s                 ; 2.32 V                       ; 8.25e-09 V                   ; 2.41 V              ; -0.0871 V           ; 0.291 V                              ; 0.138 V                              ; 3.15e-10 s                  ; 4.16e-10 s                  ; No                         ; Yes                        ; 2.32 V                      ; 8.25e-09 V                  ; 2.41 V             ; -0.0871 V          ; 0.291 V                             ; 0.138 V                             ; 3.15e-10 s                 ; 4.16e-10 s                 ; No                        ; Yes                       ;
; assigned_line[0] ; 2.5 V        ; 0 s                 ; 0 s                 ; 2.32 V                       ; 8.25e-09 V                   ; 2.41 V              ; -0.0871 V           ; 0.291 V                              ; 0.138 V                              ; 3.15e-10 s                  ; 4.16e-10 s                  ; No                         ; Yes                        ; 2.32 V                      ; 8.25e-09 V                  ; 2.41 V             ; -0.0871 V          ; 0.291 V                             ; 0.138 V                             ; 3.15e-10 s                 ; 4.16e-10 s                 ; No                        ; Yes                       ;
; c_imag[31]       ; 2.5 V        ; 0 s                 ; 0 s                 ; 2.32 V                       ; 8.25e-09 V                   ; 2.41 V              ; -0.0871 V           ; 0.291 V                              ; 0.138 V                              ; 3.15e-10 s                  ; 4.16e-10 s                  ; No                         ; Yes                        ; 2.32 V                      ; 8.25e-09 V                  ; 2.41 V             ; -0.0871 V          ; 0.291 V                             ; 0.138 V                             ; 3.15e-10 s                 ; 4.16e-10 s                 ; No                        ; Yes                       ;
; c_imag[30]       ; 2.5 V        ; 0 s                 ; 0 s                 ; 2.32 V                       ; 8.26e-09 V                   ; 2.4 V               ; -0.0773 V           ; 0.156 V                              ; 0.166 V                              ; 4.55e-10 s                  ; 4.33e-10 s                  ; No                         ; Yes                        ; 2.32 V                      ; 8.26e-09 V                  ; 2.4 V              ; -0.0773 V          ; 0.156 V                             ; 0.166 V                             ; 4.55e-10 s                 ; 4.33e-10 s                 ; No                        ; Yes                       ;
; c_imag[29]       ; 2.5 V        ; 0 s                 ; 0 s                 ; 2.32 V                       ; 8.25e-09 V                   ; 2.41 V              ; -0.0859 V           ; 0.289 V                              ; 0.136 V                              ; 3.15e-10 s                  ; 4.16e-10 s                  ; No                         ; Yes                        ; 2.32 V                      ; 8.25e-09 V                  ; 2.41 V             ; -0.0859 V          ; 0.289 V                             ; 0.136 V                             ; 3.15e-10 s                 ; 4.16e-10 s                 ; No                        ; Yes                       ;
; c_imag[28]       ; 2.5 V        ; 0 s                 ; 0 s                 ; 2.32 V                       ; 8.25e-09 V                   ; 2.41 V              ; -0.0859 V           ; 0.289 V                              ; 0.136 V                              ; 3.15e-10 s                  ; 4.16e-10 s                  ; No                         ; Yes                        ; 2.32 V                      ; 8.25e-09 V                  ; 2.41 V             ; -0.0859 V          ; 0.289 V                             ; 0.136 V                             ; 3.15e-10 s                 ; 4.16e-10 s                 ; No                        ; Yes                       ;
; c_imag[27]       ; 2.5 V        ; 0 s                 ; 0 s                 ; 2.32 V                       ; 8.26e-09 V                   ; 2.4 V               ; -0.0773 V           ; 0.156 V                              ; 0.166 V                              ; 4.55e-10 s                  ; 4.33e-10 s                  ; No                         ; Yes                        ; 2.32 V                      ; 8.26e-09 V                  ; 2.4 V              ; -0.0773 V          ; 0.156 V                             ; 0.166 V                             ; 4.55e-10 s                 ; 4.33e-10 s                 ; No                        ; Yes                       ;
; c_imag[26]       ; 2.5 V        ; 0 s                 ; 0 s                 ; 2.32 V                       ; 8.25e-09 V                   ; 2.41 V              ; -0.0871 V           ; 0.291 V                              ; 0.138 V                              ; 3.15e-10 s                  ; 4.16e-10 s                  ; No                         ; Yes                        ; 2.32 V                      ; 8.25e-09 V                  ; 2.41 V             ; -0.0871 V          ; 0.291 V                             ; 0.138 V                             ; 3.15e-10 s                 ; 4.16e-10 s                 ; No                        ; Yes                       ;
; c_imag[25]       ; 2.5 V        ; 0 s                 ; 0 s                 ; 2.32 V                       ; 8.26e-09 V                   ; 2.4 V               ; -0.0783 V           ; 0.157 V                              ; 0.167 V                              ; 4.55e-10 s                  ; 4.33e-10 s                  ; No                         ; Yes                        ; 2.32 V                      ; 8.26e-09 V                  ; 2.4 V              ; -0.0783 V          ; 0.157 V                             ; 0.167 V                             ; 4.55e-10 s                 ; 4.33e-10 s                 ; No                        ; Yes                       ;
; c_imag[24]       ; 2.5 V        ; 0 s                 ; 0 s                 ; 2.32 V                       ; 8.26e-09 V                   ; 2.4 V               ; -0.0783 V           ; 0.157 V                              ; 0.167 V                              ; 4.55e-10 s                  ; 4.33e-10 s                  ; No                         ; Yes                        ; 2.32 V                      ; 8.26e-09 V                  ; 2.4 V              ; -0.0783 V          ; 0.157 V                             ; 0.167 V                             ; 4.55e-10 s                 ; 4.33e-10 s                 ; No                        ; Yes                       ;
; c_imag[23]       ; 2.5 V        ; 0 s                 ; 0 s                 ; 2.32 V                       ; 8.25e-09 V                   ; 2.41 V              ; -0.0859 V           ; 0.289 V                              ; 0.136 V                              ; 3.15e-10 s                  ; 4.16e-10 s                  ; No                         ; Yes                        ; 2.32 V                      ; 8.25e-09 V                  ; 2.41 V             ; -0.0859 V          ; 0.289 V                             ; 0.136 V                             ; 3.15e-10 s                 ; 4.16e-10 s                 ; No                        ; Yes                       ;
; c_imag[22]       ; 2.5 V        ; 0 s                 ; 0 s                 ; 2.32 V                       ; 8.26e-09 V                   ; 2.4 V               ; -0.0773 V           ; 0.156 V                              ; 0.166 V                              ; 4.55e-10 s                  ; 4.33e-10 s                  ; No                         ; Yes                        ; 2.32 V                      ; 8.26e-09 V                  ; 2.4 V              ; -0.0773 V          ; 0.156 V                             ; 0.166 V                             ; 4.55e-10 s                 ; 4.33e-10 s                 ; No                        ; Yes                       ;
; c_imag[21]       ; 2.5 V        ; 0 s                 ; 0 s                 ; 2.32 V                       ; 8.25e-09 V                   ; 2.41 V              ; -0.0871 V           ; 0.291 V                              ; 0.138 V                              ; 3.15e-10 s                  ; 4.16e-10 s                  ; No                         ; Yes                        ; 2.32 V                      ; 8.25e-09 V                  ; 2.41 V             ; -0.0871 V          ; 0.291 V                             ; 0.138 V                             ; 3.15e-10 s                 ; 4.16e-10 s                 ; No                        ; Yes                       ;
; c_imag[20]       ; 2.5 V        ; 0 s                 ; 0 s                 ; 2.32 V                       ; 8.26e-09 V                   ; 2.4 V               ; -0.0773 V           ; 0.156 V                              ; 0.166 V                              ; 4.55e-10 s                  ; 4.33e-10 s                  ; No                         ; Yes                        ; 2.32 V                      ; 8.26e-09 V                  ; 2.4 V              ; -0.0773 V          ; 0.156 V                             ; 0.166 V                             ; 4.55e-10 s                 ; 4.33e-10 s                 ; No                        ; Yes                       ;
; c_imag[19]       ; 2.5 V        ; 0 s                 ; 0 s                 ; 2.32 V                       ; 8.25e-09 V                   ; 2.41 V              ; -0.0871 V           ; 0.291 V                              ; 0.138 V                              ; 3.15e-10 s                  ; 4.16e-10 s                  ; No                         ; Yes                        ; 2.32 V                      ; 8.25e-09 V                  ; 2.41 V             ; -0.0871 V          ; 0.291 V                             ; 0.138 V                             ; 3.15e-10 s                 ; 4.16e-10 s                 ; No                        ; Yes                       ;
; c_imag[18]       ; 2.5 V        ; 0 s                 ; 0 s                 ; 2.32 V                       ; 8.25e-09 V                   ; 2.41 V              ; -0.0859 V           ; 0.289 V                              ; 0.136 V                              ; 3.15e-10 s                  ; 4.16e-10 s                  ; No                         ; Yes                        ; 2.32 V                      ; 8.25e-09 V                  ; 2.41 V             ; -0.0859 V          ; 0.289 V                             ; 0.136 V                             ; 3.15e-10 s                 ; 4.16e-10 s                 ; No                        ; Yes                       ;
; c_imag[17]       ; 2.5 V        ; 0 s                 ; 0 s                 ; 2.32 V                       ; 8.26e-09 V                   ; 2.4 V               ; -0.0783 V           ; 0.157 V                              ; 0.167 V                              ; 4.55e-10 s                  ; 4.33e-10 s                  ; No                         ; Yes                        ; 2.32 V                      ; 8.26e-09 V                  ; 2.4 V              ; -0.0783 V          ; 0.157 V                             ; 0.167 V                             ; 4.55e-10 s                 ; 4.33e-10 s                 ; No                        ; Yes                       ;
; c_imag[16]       ; 2.5 V        ; 0 s                 ; 0 s                 ; 2.32 V                       ; 8.26e-09 V                   ; 2.4 V               ; -0.0783 V           ; 0.157 V                              ; 0.167 V                              ; 4.55e-10 s                  ; 4.33e-10 s                  ; No                         ; Yes                        ; 2.32 V                      ; 8.26e-09 V                  ; 2.4 V              ; -0.0783 V          ; 0.157 V                             ; 0.167 V                             ; 4.55e-10 s                 ; 4.33e-10 s                 ; No                        ; Yes                       ;
; c_imag[15]       ; 2.5 V        ; 0 s                 ; 0 s                 ; 2.32 V                       ; 8.26e-09 V                   ; 2.4 V               ; -0.0773 V           ; 0.156 V                              ; 0.166 V                              ; 4.55e-10 s                  ; 4.33e-10 s                  ; No                         ; Yes                        ; 2.32 V                      ; 8.26e-09 V                  ; 2.4 V              ; -0.0773 V          ; 0.156 V                             ; 0.166 V                             ; 4.55e-10 s                 ; 4.33e-10 s                 ; No                        ; Yes                       ;
; c_imag[14]       ; 2.5 V        ; 0 s                 ; 0 s                 ; 2.32 V                       ; 8.26e-09 V                   ; 2.4 V               ; -0.0783 V           ; 0.157 V                              ; 0.167 V                              ; 4.55e-10 s                  ; 4.33e-10 s                  ; No                         ; Yes                        ; 2.32 V                      ; 8.26e-09 V                  ; 2.4 V              ; -0.0783 V          ; 0.157 V                             ; 0.167 V                             ; 4.55e-10 s                 ; 4.33e-10 s                 ; No                        ; Yes                       ;
; c_imag[13]       ; 2.5 V        ; 0 s                 ; 0 s                 ; 2.32 V                       ; 8.26e-09 V                   ; 2.4 V               ; -0.0783 V           ; 0.157 V                              ; 0.167 V                              ; 4.55e-10 s                  ; 4.33e-10 s                  ; No                         ; Yes                        ; 2.32 V                      ; 8.26e-09 V                  ; 2.4 V              ; -0.0783 V          ; 0.157 V                             ; 0.167 V                             ; 4.55e-10 s                 ; 4.33e-10 s                 ; No                        ; Yes                       ;
; c_imag[12]       ; 2.5 V        ; 0 s                 ; 0 s                 ; 2.32 V                       ; 8.25e-09 V                   ; 2.41 V              ; -0.0871 V           ; 0.291 V                              ; 0.138 V                              ; 3.15e-10 s                  ; 4.16e-10 s                  ; No                         ; Yes                        ; 2.32 V                      ; 8.25e-09 V                  ; 2.41 V             ; -0.0871 V          ; 0.291 V                             ; 0.138 V                             ; 3.15e-10 s                 ; 4.16e-10 s                 ; No                        ; Yes                       ;
; c_imag[11]       ; 2.5 V        ; 0 s                 ; 0 s                 ; 2.32 V                       ; 8.25e-09 V                   ; 2.41 V              ; -0.0859 V           ; 0.289 V                              ; 0.136 V                              ; 3.15e-10 s                  ; 4.16e-10 s                  ; No                         ; Yes                        ; 2.32 V                      ; 8.25e-09 V                  ; 2.41 V             ; -0.0859 V          ; 0.289 V                             ; 0.136 V                             ; 3.15e-10 s                 ; 4.16e-10 s                 ; No                        ; Yes                       ;
; c_imag[10]       ; 2.5 V        ; 0 s                 ; 0 s                 ; 2.32 V                       ; 8.26e-09 V                   ; 2.4 V               ; -0.0783 V           ; 0.157 V                              ; 0.167 V                              ; 4.55e-10 s                  ; 4.33e-10 s                  ; No                         ; Yes                        ; 2.32 V                      ; 8.26e-09 V                  ; 2.4 V              ; -0.0783 V          ; 0.157 V                             ; 0.167 V                             ; 4.55e-10 s                 ; 4.33e-10 s                 ; No                        ; Yes                       ;
; c_imag[9]        ; 2.5 V        ; 0 s                 ; 0 s                 ; 2.32 V                       ; 8.25e-09 V                   ; 2.41 V              ; -0.0871 V           ; 0.291 V                              ; 0.138 V                              ; 3.15e-10 s                  ; 4.16e-10 s                  ; No                         ; Yes                        ; 2.32 V                      ; 8.25e-09 V                  ; 2.41 V             ; -0.0871 V          ; 0.291 V                             ; 0.138 V                             ; 3.15e-10 s                 ; 4.16e-10 s                 ; No                        ; Yes                       ;
; c_imag[8]        ; 2.5 V        ; 0 s                 ; 0 s                 ; 2.32 V                       ; 8.26e-09 V                   ; 2.4 V               ; -0.0773 V           ; 0.156 V                              ; 0.166 V                              ; 4.55e-10 s                  ; 4.33e-10 s                  ; No                         ; Yes                        ; 2.32 V                      ; 8.26e-09 V                  ; 2.4 V              ; -0.0773 V          ; 0.156 V                             ; 0.166 V                             ; 4.55e-10 s                 ; 4.33e-10 s                 ; No                        ; Yes                       ;
; c_imag[7]        ; 2.5 V        ; 0 s                 ; 0 s                 ; 2.32 V                       ; 8.26e-09 V                   ; 2.4 V               ; -0.0783 V           ; 0.157 V                              ; 0.167 V                              ; 4.55e-10 s                  ; 4.33e-10 s                  ; No                         ; Yes                        ; 2.32 V                      ; 8.26e-09 V                  ; 2.4 V              ; -0.0783 V          ; 0.157 V                             ; 0.167 V                             ; 4.55e-10 s                 ; 4.33e-10 s                 ; No                        ; Yes                       ;
; c_imag[6]        ; 2.5 V        ; 0 s                 ; 0 s                 ; 2.32 V                       ; 8.26e-09 V                   ; 2.4 V               ; -0.0783 V           ; 0.157 V                              ; 0.167 V                              ; 4.55e-10 s                  ; 4.33e-10 s                  ; No                         ; Yes                        ; 2.32 V                      ; 8.26e-09 V                  ; 2.4 V              ; -0.0783 V          ; 0.157 V                             ; 0.167 V                             ; 4.55e-10 s                 ; 4.33e-10 s                 ; No                        ; Yes                       ;
; c_imag[5]        ; 2.5 V        ; 0 s                 ; 0 s                 ; 2.32 V                       ; 8.25e-09 V                   ; 2.41 V              ; -0.0859 V           ; 0.289 V                              ; 0.136 V                              ; 3.15e-10 s                  ; 4.16e-10 s                  ; No                         ; Yes                        ; 2.32 V                      ; 8.25e-09 V                  ; 2.41 V             ; -0.0859 V          ; 0.289 V                             ; 0.136 V                             ; 3.15e-10 s                 ; 4.16e-10 s                 ; No                        ; Yes                       ;
; c_imag[4]        ; 2.5 V        ; 0 s                 ; 0 s                 ; 2.32 V                       ; 8.26e-09 V                   ; 2.4 V               ; -0.0773 V           ; 0.156 V                              ; 0.166 V                              ; 4.55e-10 s                  ; 4.33e-10 s                  ; No                         ; Yes                        ; 2.32 V                      ; 8.26e-09 V                  ; 2.4 V              ; -0.0773 V          ; 0.156 V                             ; 0.166 V                             ; 4.55e-10 s                 ; 4.33e-10 s                 ; No                        ; Yes                       ;
; c_imag[3]        ; 2.5 V        ; 0 s                 ; 0 s                 ; 2.32 V                       ; 8.26e-09 V                   ; 2.4 V               ; -0.0783 V           ; 0.157 V                              ; 0.167 V                              ; 4.55e-10 s                  ; 4.33e-10 s                  ; No                         ; Yes                        ; 2.32 V                      ; 8.26e-09 V                  ; 2.4 V              ; -0.0783 V          ; 0.157 V                             ; 0.167 V                             ; 4.55e-10 s                 ; 4.33e-10 s                 ; No                        ; Yes                       ;
; c_imag[2]        ; 2.5 V        ; 0 s                 ; 0 s                 ; 2.32 V                       ; 8.26e-09 V                   ; 2.4 V               ; -0.0773 V           ; 0.156 V                              ; 0.166 V                              ; 4.55e-10 s                  ; 4.33e-10 s                  ; No                         ; Yes                        ; 2.32 V                      ; 8.26e-09 V                  ; 2.4 V              ; -0.0773 V          ; 0.156 V                             ; 0.166 V                             ; 4.55e-10 s                 ; 4.33e-10 s                 ; No                        ; Yes                       ;
; c_imag[1]        ; 2.5 V        ; 0 s                 ; 0 s                 ; 2.32 V                       ; 8.26e-09 V                   ; 2.4 V               ; -0.0783 V           ; 0.157 V                              ; 0.167 V                              ; 4.55e-10 s                  ; 4.33e-10 s                  ; No                         ; Yes                        ; 2.32 V                      ; 8.26e-09 V                  ; 2.4 V              ; -0.0783 V          ; 0.157 V                             ; 0.167 V                             ; 4.55e-10 s                 ; 4.33e-10 s                 ; No                        ; Yes                       ;
; c_imag[0]        ; 2.5 V        ; 0 s                 ; 0 s                 ; 2.32 V                       ; 8.25e-09 V                   ; 2.41 V              ; -0.0859 V           ; 0.289 V                              ; 0.136 V                              ; 3.15e-10 s                  ; 4.16e-10 s                  ; No                         ; Yes                        ; 2.32 V                      ; 8.25e-09 V                  ; 2.41 V             ; -0.0859 V          ; 0.289 V                             ; 0.136 V                             ; 3.15e-10 s                 ; 4.16e-10 s                 ; No                        ; Yes                       ;
; c_real[31]       ; 2.5 V        ; 0 s                 ; 0 s                 ; 2.32 V                       ; 8.25e-09 V                   ; 2.41 V              ; -0.0871 V           ; 0.291 V                              ; 0.138 V                              ; 3.15e-10 s                  ; 4.16e-10 s                  ; No                         ; Yes                        ; 2.32 V                      ; 8.25e-09 V                  ; 2.41 V             ; -0.0871 V          ; 0.291 V                             ; 0.138 V                             ; 3.15e-10 s                 ; 4.16e-10 s                 ; No                        ; Yes                       ;
; c_real[30]       ; 2.5 V        ; 0 s                 ; 0 s                 ; 2.32 V                       ; 8.26e-09 V                   ; 2.4 V               ; -0.0773 V           ; 0.156 V                              ; 0.166 V                              ; 4.55e-10 s                  ; 4.33e-10 s                  ; No                         ; Yes                        ; 2.32 V                      ; 8.26e-09 V                  ; 2.4 V              ; -0.0773 V          ; 0.156 V                             ; 0.166 V                             ; 4.55e-10 s                 ; 4.33e-10 s                 ; No                        ; Yes                       ;
; c_real[29]       ; 2.5 V        ; 0 s                 ; 0 s                 ; 2.32 V                       ; 8.26e-09 V                   ; 2.4 V               ; -0.0773 V           ; 0.156 V                              ; 0.166 V                              ; 4.55e-10 s                  ; 4.33e-10 s                  ; No                         ; Yes                        ; 2.32 V                      ; 8.26e-09 V                  ; 2.4 V              ; -0.0773 V          ; 0.156 V                             ; 0.166 V                             ; 4.55e-10 s                 ; 4.33e-10 s                 ; No                        ; Yes                       ;
; c_real[28]       ; 2.5 V        ; 0 s                 ; 0 s                 ; 2.32 V                       ; 8.25e-09 V                   ; 2.41 V              ; -0.0859 V           ; 0.289 V                              ; 0.136 V                              ; 3.15e-10 s                  ; 4.16e-10 s                  ; No                         ; Yes                        ; 2.32 V                      ; 8.25e-09 V                  ; 2.41 V             ; -0.0859 V          ; 0.289 V                             ; 0.136 V                             ; 3.15e-10 s                 ; 4.16e-10 s                 ; No                        ; Yes                       ;
; c_real[27]       ; 2.5 V        ; 0 s                 ; 0 s                 ; 2.32 V                       ; 8.26e-09 V                   ; 2.4 V               ; -0.0783 V           ; 0.157 V                              ; 0.167 V                              ; 4.55e-10 s                  ; 4.33e-10 s                  ; No                         ; Yes                        ; 2.32 V                      ; 8.26e-09 V                  ; 2.4 V              ; -0.0783 V          ; 0.157 V                             ; 0.167 V                             ; 4.55e-10 s                 ; 4.33e-10 s                 ; No                        ; Yes                       ;
; c_real[26]       ; 2.5 V        ; 0 s                 ; 0 s                 ; 2.32 V                       ; 8.25e-09 V                   ; 2.41 V              ; -0.0871 V           ; 0.291 V                              ; 0.138 V                              ; 3.15e-10 s                  ; 4.16e-10 s                  ; No                         ; Yes                        ; 2.32 V                      ; 8.25e-09 V                  ; 2.41 V             ; -0.0871 V          ; 0.291 V                             ; 0.138 V                             ; 3.15e-10 s                 ; 4.16e-10 s                 ; No                        ; Yes                       ;
; c_real[25]       ; 2.5 V        ; 0 s                 ; 0 s                 ; 2.32 V                       ; 8.26e-09 V                   ; 2.4 V               ; -0.0783 V           ; 0.157 V                              ; 0.167 V                              ; 4.55e-10 s                  ; 4.33e-10 s                  ; No                         ; Yes                        ; 2.32 V                      ; 8.26e-09 V                  ; 2.4 V              ; -0.0783 V          ; 0.157 V                             ; 0.167 V                             ; 4.55e-10 s                 ; 4.33e-10 s                 ; No                        ; Yes                       ;
; c_real[24]       ; 2.5 V        ; 0 s                 ; 0 s                 ; 2.32 V                       ; 8.25e-09 V                   ; 2.41 V              ; -0.0871 V           ; 0.291 V                              ; 0.138 V                              ; 3.15e-10 s                  ; 4.16e-10 s                  ; No                         ; Yes                        ; 2.32 V                      ; 8.25e-09 V                  ; 2.41 V             ; -0.0871 V          ; 0.291 V                             ; 0.138 V                             ; 3.15e-10 s                 ; 4.16e-10 s                 ; No                        ; Yes                       ;
; c_real[23]       ; 2.5 V        ; 0 s                 ; 0 s                 ; 2.32 V                       ; 8.25e-09 V                   ; 2.41 V              ; -0.0859 V           ; 0.289 V                              ; 0.136 V                              ; 3.15e-10 s                  ; 4.16e-10 s                  ; No                         ; Yes                        ; 2.32 V                      ; 8.25e-09 V                  ; 2.41 V             ; -0.0859 V          ; 0.289 V                             ; 0.136 V                             ; 3.15e-10 s                 ; 4.16e-10 s                 ; No                        ; Yes                       ;
; c_real[22]       ; 2.5 V        ; 0 s                 ; 0 s                 ; 2.32 V                       ; 8.26e-09 V                   ; 2.4 V               ; -0.0773 V           ; 0.156 V                              ; 0.166 V                              ; 4.55e-10 s                  ; 4.33e-10 s                  ; No                         ; Yes                        ; 2.32 V                      ; 8.26e-09 V                  ; 2.4 V              ; -0.0773 V          ; 0.156 V                             ; 0.166 V                             ; 4.55e-10 s                 ; 4.33e-10 s                 ; No                        ; Yes                       ;
; c_real[21]       ; 2.5 V        ; 0 s                 ; 0 s                 ; 2.32 V                       ; 8.25e-09 V                   ; 2.41 V              ; -0.0859 V           ; 0.289 V                              ; 0.136 V                              ; 3.15e-10 s                  ; 4.16e-10 s                  ; No                         ; Yes                        ; 2.32 V                      ; 8.25e-09 V                  ; 2.41 V             ; -0.0859 V          ; 0.289 V                             ; 0.136 V                             ; 3.15e-10 s                 ; 4.16e-10 s                 ; No                        ; Yes                       ;
; c_real[20]       ; 2.5 V        ; 0 s                 ; 0 s                 ; 2.32 V                       ; 8.26e-09 V                   ; 2.4 V               ; -0.0773 V           ; 0.156 V                              ; 0.166 V                              ; 4.55e-10 s                  ; 4.33e-10 s                  ; No                         ; Yes                        ; 2.32 V                      ; 8.26e-09 V                  ; 2.4 V              ; -0.0773 V          ; 0.156 V                             ; 0.166 V                             ; 4.55e-10 s                 ; 4.33e-10 s                 ; No                        ; Yes                       ;
; c_real[19]       ; 2.5 V        ; 0 s                 ; 0 s                 ; 2.32 V                       ; 8.25e-09 V                   ; 2.41 V              ; -0.0859 V           ; 0.289 V                              ; 0.136 V                              ; 3.15e-10 s                  ; 4.16e-10 s                  ; No                         ; Yes                        ; 2.32 V                      ; 8.25e-09 V                  ; 2.41 V             ; -0.0859 V          ; 0.289 V                             ; 0.136 V                             ; 3.15e-10 s                 ; 4.16e-10 s                 ; No                        ; Yes                       ;
; c_real[18]       ; 2.5 V        ; 0 s                 ; 0 s                 ; 2.32 V                       ; 8.25e-09 V                   ; 2.41 V              ; -0.0859 V           ; 0.289 V                              ; 0.136 V                              ; 3.15e-10 s                  ; 4.16e-10 s                  ; No                         ; Yes                        ; 2.32 V                      ; 8.25e-09 V                  ; 2.41 V             ; -0.0859 V          ; 0.289 V                             ; 0.136 V                             ; 3.15e-10 s                 ; 4.16e-10 s                 ; No                        ; Yes                       ;
; c_real[17]       ; 2.5 V        ; 0 s                 ; 0 s                 ; 2.32 V                       ; 8.26e-09 V                   ; 2.4 V               ; -0.0773 V           ; 0.156 V                              ; 0.166 V                              ; 4.55e-10 s                  ; 4.33e-10 s                  ; No                         ; Yes                        ; 2.32 V                      ; 8.26e-09 V                  ; 2.4 V              ; -0.0773 V          ; 0.156 V                             ; 0.166 V                             ; 4.55e-10 s                 ; 4.33e-10 s                 ; No                        ; Yes                       ;
; c_real[16]       ; 2.5 V        ; 0 s                 ; 0 s                 ; 2.32 V                       ; 8.25e-09 V                   ; 2.41 V              ; -0.0859 V           ; 0.289 V                              ; 0.136 V                              ; 3.15e-10 s                  ; 4.16e-10 s                  ; No                         ; Yes                        ; 2.32 V                      ; 8.25e-09 V                  ; 2.41 V             ; -0.0859 V          ; 0.289 V                             ; 0.136 V                             ; 3.15e-10 s                 ; 4.16e-10 s                 ; No                        ; Yes                       ;
; c_real[15]       ; 2.5 V        ; 0 s                 ; 0 s                 ; 2.32 V                       ; 8.25e-09 V                   ; 2.41 V              ; -0.0871 V           ; 0.291 V                              ; 0.138 V                              ; 3.15e-10 s                  ; 4.16e-10 s                  ; No                         ; Yes                        ; 2.32 V                      ; 8.25e-09 V                  ; 2.41 V             ; -0.0871 V          ; 0.291 V                             ; 0.138 V                             ; 3.15e-10 s                 ; 4.16e-10 s                 ; No                        ; Yes                       ;
; c_real[14]       ; 2.5 V        ; 0 s                 ; 0 s                 ; 2.32 V                       ; 8.26e-09 V                   ; 2.4 V               ; -0.0783 V           ; 0.157 V                              ; 0.167 V                              ; 4.55e-10 s                  ; 4.33e-10 s                  ; No                         ; Yes                        ; 2.32 V                      ; 8.26e-09 V                  ; 2.4 V              ; -0.0783 V          ; 0.157 V                             ; 0.167 V                             ; 4.55e-10 s                 ; 4.33e-10 s                 ; No                        ; Yes                       ;
; c_real[13]       ; 2.5 V        ; 0 s                 ; 0 s                 ; 2.32 V                       ; 8.26e-09 V                   ; 2.4 V               ; -0.0783 V           ; 0.157 V                              ; 0.167 V                              ; 4.55e-10 s                  ; 4.33e-10 s                  ; No                         ; Yes                        ; 2.32 V                      ; 8.26e-09 V                  ; 2.4 V              ; -0.0783 V          ; 0.157 V                             ; 0.167 V                             ; 4.55e-10 s                 ; 4.33e-10 s                 ; No                        ; Yes                       ;
; c_real[12]       ; 2.5 V        ; 0 s                 ; 0 s                 ; 2.32 V                       ; 8.26e-09 V                   ; 2.4 V               ; -0.0773 V           ; 0.156 V                              ; 0.166 V                              ; 4.55e-10 s                  ; 4.33e-10 s                  ; No                         ; Yes                        ; 2.32 V                      ; 8.26e-09 V                  ; 2.4 V              ; -0.0773 V          ; 0.156 V                             ; 0.166 V                             ; 4.55e-10 s                 ; 4.33e-10 s                 ; No                        ; Yes                       ;
; c_real[11]       ; 2.5 V        ; 0 s                 ; 0 s                 ; 2.32 V                       ; 8.25e-09 V                   ; 2.41 V              ; -0.0871 V           ; 0.291 V                              ; 0.138 V                              ; 3.15e-10 s                  ; 4.16e-10 s                  ; No                         ; Yes                        ; 2.32 V                      ; 8.25e-09 V                  ; 2.41 V             ; -0.0871 V          ; 0.291 V                             ; 0.138 V                             ; 3.15e-10 s                 ; 4.16e-10 s                 ; No                        ; Yes                       ;
; c_real[10]       ; 2.5 V        ; 0 s                 ; 0 s                 ; 2.32 V                       ; 8.25e-09 V                   ; 2.41 V              ; -0.0859 V           ; 0.289 V                              ; 0.136 V                              ; 3.15e-10 s                  ; 4.16e-10 s                  ; No                         ; Yes                        ; 2.32 V                      ; 8.25e-09 V                  ; 2.41 V             ; -0.0859 V          ; 0.289 V                             ; 0.136 V                             ; 3.15e-10 s                 ; 4.16e-10 s                 ; No                        ; Yes                       ;
; c_real[9]        ; 2.5 V        ; 0 s                 ; 0 s                 ; 2.32 V                       ; 8.25e-09 V                   ; 2.41 V              ; -0.0859 V           ; 0.289 V                              ; 0.136 V                              ; 3.15e-10 s                  ; 4.16e-10 s                  ; No                         ; Yes                        ; 2.32 V                      ; 8.25e-09 V                  ; 2.41 V             ; -0.0859 V          ; 0.289 V                             ; 0.136 V                             ; 3.15e-10 s                 ; 4.16e-10 s                 ; No                        ; Yes                       ;
; c_real[8]        ; 2.5 V        ; 0 s                 ; 0 s                 ; 2.32 V                       ; 8.25e-09 V                   ; 2.41 V              ; -0.0859 V           ; 0.289 V                              ; 0.136 V                              ; 3.15e-10 s                  ; 4.16e-10 s                  ; No                         ; Yes                        ; 2.32 V                      ; 8.25e-09 V                  ; 2.41 V             ; -0.0859 V          ; 0.289 V                             ; 0.136 V                             ; 3.15e-10 s                 ; 4.16e-10 s                 ; No                        ; Yes                       ;
; c_real[7]        ; 2.5 V        ; 0 s                 ; 0 s                 ; 2.32 V                       ; 8.25e-09 V                   ; 2.41 V              ; -0.0871 V           ; 0.291 V                              ; 0.138 V                              ; 3.15e-10 s                  ; 4.16e-10 s                  ; No                         ; Yes                        ; 2.32 V                      ; 8.25e-09 V                  ; 2.41 V             ; -0.0871 V          ; 0.291 V                             ; 0.138 V                             ; 3.15e-10 s                 ; 4.16e-10 s                 ; No                        ; Yes                       ;
; c_real[6]        ; 2.5 V        ; 0 s                 ; 0 s                 ; 2.32 V                       ; 8.26e-09 V                   ; 2.4 V               ; -0.0773 V           ; 0.156 V                              ; 0.166 V                              ; 4.55e-10 s                  ; 4.33e-10 s                  ; No                         ; Yes                        ; 2.32 V                      ; 8.26e-09 V                  ; 2.4 V              ; -0.0773 V          ; 0.156 V                             ; 0.166 V                             ; 4.55e-10 s                 ; 4.33e-10 s                 ; No                        ; Yes                       ;
; c_real[5]        ; 2.5 V        ; 0 s                 ; 0 s                 ; 2.32 V                       ; 8.25e-09 V                   ; 2.41 V              ; -0.0859 V           ; 0.289 V                              ; 0.136 V                              ; 3.15e-10 s                  ; 4.16e-10 s                  ; No                         ; Yes                        ; 2.32 V                      ; 8.25e-09 V                  ; 2.41 V             ; -0.0859 V          ; 0.289 V                             ; 0.136 V                             ; 3.15e-10 s                 ; 4.16e-10 s                 ; No                        ; Yes                       ;
; c_real[4]        ; 2.5 V        ; 0 s                 ; 0 s                 ; 2.32 V                       ; 8.25e-09 V                   ; 2.41 V              ; -0.0859 V           ; 0.289 V                              ; 0.136 V                              ; 3.15e-10 s                  ; 4.16e-10 s                  ; No                         ; Yes                        ; 2.32 V                      ; 8.25e-09 V                  ; 2.41 V             ; -0.0859 V          ; 0.289 V                             ; 0.136 V                             ; 3.15e-10 s                 ; 4.16e-10 s                 ; No                        ; Yes                       ;
; c_real[3]        ; 2.5 V        ; 0 s                 ; 0 s                 ; 2.32 V                       ; 8.26e-09 V                   ; 2.4 V               ; -0.0773 V           ; 0.156 V                              ; 0.166 V                              ; 4.55e-10 s                  ; 4.33e-10 s                  ; No                         ; Yes                        ; 2.32 V                      ; 8.26e-09 V                  ; 2.4 V              ; -0.0773 V          ; 0.156 V                             ; 0.166 V                             ; 4.55e-10 s                 ; 4.33e-10 s                 ; No                        ; Yes                       ;
; c_real[2]        ; 2.5 V        ; 0 s                 ; 0 s                 ; 2.32 V                       ; 8.25e-09 V                   ; 2.41 V              ; -0.0871 V           ; 0.291 V                              ; 0.138 V                              ; 3.15e-10 s                  ; 4.16e-10 s                  ; No                         ; Yes                        ; 2.32 V                      ; 8.25e-09 V                  ; 2.41 V             ; -0.0871 V          ; 0.291 V                             ; 0.138 V                             ; 3.15e-10 s                 ; 4.16e-10 s                 ; No                        ; Yes                       ;
; c_real[1]        ; 2.5 V        ; 0 s                 ; 0 s                 ; 2.32 V                       ; 8.26e-09 V                   ; 2.4 V               ; -0.0783 V           ; 0.157 V                              ; 0.167 V                              ; 4.55e-10 s                  ; 4.33e-10 s                  ; No                         ; Yes                        ; 2.32 V                      ; 8.26e-09 V                  ; 2.4 V              ; -0.0783 V          ; 0.157 V                             ; 0.167 V                             ; 4.55e-10 s                 ; 4.33e-10 s                 ; No                        ; Yes                       ;
; c_real[0]        ; 2.5 V        ; 0 s                 ; 0 s                 ; 2.32 V                       ; 8.25e-09 V                   ; 2.41 V              ; -0.0871 V           ; 0.291 V                              ; 0.138 V                              ; 3.15e-10 s                  ; 4.16e-10 s                  ; No                         ; Yes                        ; 2.32 V                      ; 8.25e-09 V                  ; 2.41 V             ; -0.0871 V          ; 0.291 V                             ; 0.138 V                             ; 3.15e-10 s                 ; 4.16e-10 s                 ; No                        ; Yes                       ;
; o_blue_out[2]    ; 2.5 V        ; 0 s                 ; 0 s                 ; 2.32 V                       ; 8.25e-09 V                   ; 2.41 V              ; -0.0871 V           ; 0.291 V                              ; 0.138 V                              ; 3.15e-10 s                  ; 4.16e-10 s                  ; No                         ; Yes                        ; 2.32 V                      ; 8.25e-09 V                  ; 2.41 V             ; -0.0871 V          ; 0.291 V                             ; 0.138 V                             ; 3.15e-10 s                 ; 4.16e-10 s                 ; No                        ; Yes                       ;
; o_blue_out[1]    ; 2.5 V        ; 0 s                 ; 0 s                 ; 2.32 V                       ; 8.25e-09 V                   ; 2.41 V              ; -0.0859 V           ; 0.289 V                              ; 0.136 V                              ; 3.15e-10 s                  ; 4.16e-10 s                  ; No                         ; Yes                        ; 2.32 V                      ; 8.25e-09 V                  ; 2.41 V             ; -0.0859 V          ; 0.289 V                             ; 0.136 V                             ; 3.15e-10 s                 ; 4.16e-10 s                 ; No                        ; Yes                       ;
; o_blue_out[0]    ; 2.5 V        ; 0 s                 ; 0 s                 ; 2.32 V                       ; 8.25e-09 V                   ; 2.41 V              ; -0.0871 V           ; 0.291 V                              ; 0.138 V                              ; 3.15e-10 s                  ; 4.16e-10 s                  ; No                         ; Yes                        ; 2.32 V                      ; 8.25e-09 V                  ; 2.41 V             ; -0.0871 V          ; 0.291 V                             ; 0.138 V                             ; 3.15e-10 s                 ; 4.16e-10 s                 ; No                        ; Yes                       ;
; o_green_out[2]   ; 2.5 V        ; 0 s                 ; 0 s                 ; 2.32 V                       ; 8.25e-09 V                   ; 2.41 V              ; -0.0871 V           ; 0.291 V                              ; 0.138 V                              ; 3.15e-10 s                  ; 4.16e-10 s                  ; No                         ; Yes                        ; 2.32 V                      ; 8.25e-09 V                  ; 2.41 V             ; -0.0871 V          ; 0.291 V                             ; 0.138 V                             ; 3.15e-10 s                 ; 4.16e-10 s                 ; No                        ; Yes                       ;
; o_green_out[1]   ; 2.5 V        ; 0 s                 ; 0 s                 ; 2.32 V                       ; 8.25e-09 V                   ; 2.41 V              ; -0.0859 V           ; 0.289 V                              ; 0.136 V                              ; 3.15e-10 s                  ; 4.16e-10 s                  ; No                         ; Yes                        ; 2.32 V                      ; 8.25e-09 V                  ; 2.41 V             ; -0.0859 V          ; 0.289 V                             ; 0.136 V                             ; 3.15e-10 s                 ; 4.16e-10 s                 ; No                        ; Yes                       ;
; o_green_out[0]   ; 2.5 V        ; 0 s                 ; 0 s                 ; 2.32 V                       ; 8.25e-09 V                   ; 2.41 V              ; -0.0871 V           ; 0.291 V                              ; 0.138 V                              ; 3.15e-10 s                  ; 4.16e-10 s                  ; No                         ; Yes                        ; 2.32 V                      ; 8.25e-09 V                  ; 2.41 V             ; -0.0871 V          ; 0.291 V                             ; 0.138 V                             ; 3.15e-10 s                 ; 4.16e-10 s                 ; No                        ; Yes                       ;
; o_pixel_x[9]     ; 2.5 V        ; 0 s                 ; 0 s                 ; 2.32 V                       ; 8.25e-09 V                   ; 2.41 V              ; -0.0871 V           ; 0.291 V                              ; 0.138 V                              ; 3.15e-10 s                  ; 4.16e-10 s                  ; No                         ; Yes                        ; 2.32 V                      ; 8.25e-09 V                  ; 2.41 V             ; -0.0871 V          ; 0.291 V                             ; 0.138 V                             ; 3.15e-10 s                 ; 4.16e-10 s                 ; No                        ; Yes                       ;
; o_pixel_x[8]     ; 2.5 V        ; 0 s                 ; 0 s                 ; 2.32 V                       ; 8.25e-09 V                   ; 2.41 V              ; -0.0859 V           ; 0.289 V                              ; 0.136 V                              ; 3.15e-10 s                  ; 4.16e-10 s                  ; No                         ; Yes                        ; 2.32 V                      ; 8.25e-09 V                  ; 2.41 V             ; -0.0859 V          ; 0.289 V                             ; 0.136 V                             ; 3.15e-10 s                 ; 4.16e-10 s                 ; No                        ; Yes                       ;
; o_pixel_x[7]     ; 2.5 V        ; 0 s                 ; 0 s                 ; 2.32 V                       ; 8.25e-09 V                   ; 2.41 V              ; -0.0871 V           ; 0.291 V                              ; 0.138 V                              ; 3.15e-10 s                  ; 4.16e-10 s                  ; No                         ; Yes                        ; 2.32 V                      ; 8.25e-09 V                  ; 2.41 V             ; -0.0871 V          ; 0.291 V                             ; 0.138 V                             ; 3.15e-10 s                 ; 4.16e-10 s                 ; No                        ; Yes                       ;
; o_pixel_x[6]     ; 2.5 V        ; 0 s                 ; 0 s                 ; 2.32 V                       ; 8.25e-09 V                   ; 2.41 V              ; -0.0859 V           ; 0.289 V                              ; 0.136 V                              ; 3.15e-10 s                  ; 4.16e-10 s                  ; No                         ; Yes                        ; 2.32 V                      ; 8.25e-09 V                  ; 2.41 V             ; -0.0859 V          ; 0.289 V                             ; 0.136 V                             ; 3.15e-10 s                 ; 4.16e-10 s                 ; No                        ; Yes                       ;
; o_pixel_x[5]     ; 2.5 V        ; 0 s                 ; 0 s                 ; 2.32 V                       ; 8.25e-09 V                   ; 2.41 V              ; -0.0871 V           ; 0.291 V                              ; 0.138 V                              ; 3.15e-10 s                  ; 4.16e-10 s                  ; No                         ; Yes                        ; 2.32 V                      ; 8.25e-09 V                  ; 2.41 V             ; -0.0871 V          ; 0.291 V                             ; 0.138 V                             ; 3.15e-10 s                 ; 4.16e-10 s                 ; No                        ; Yes                       ;
; o_pixel_x[4]     ; 2.5 V        ; 0 s                 ; 0 s                 ; 2.32 V                       ; 8.25e-09 V                   ; 2.41 V              ; -0.0859 V           ; 0.289 V                              ; 0.136 V                              ; 3.15e-10 s                  ; 4.16e-10 s                  ; No                         ; Yes                        ; 2.32 V                      ; 8.25e-09 V                  ; 2.41 V             ; -0.0859 V          ; 0.289 V                             ; 0.136 V                             ; 3.15e-10 s                 ; 4.16e-10 s                 ; No                        ; Yes                       ;
; o_pixel_x[3]     ; 2.5 V        ; 0 s                 ; 0 s                 ; 2.32 V                       ; 8.25e-09 V                   ; 2.41 V              ; -0.0871 V           ; 0.291 V                              ; 0.138 V                              ; 3.15e-10 s                  ; 4.16e-10 s                  ; No                         ; Yes                        ; 2.32 V                      ; 8.25e-09 V                  ; 2.41 V             ; -0.0871 V          ; 0.291 V                             ; 0.138 V                             ; 3.15e-10 s                 ; 4.16e-10 s                 ; No                        ; Yes                       ;
; o_pixel_x[2]     ; 2.5 V        ; 0 s                 ; 0 s                 ; 2.32 V                       ; 8.25e-09 V                   ; 2.41 V              ; -0.0871 V           ; 0.291 V                              ; 0.138 V                              ; 3.15e-10 s                  ; 4.16e-10 s                  ; No                         ; Yes                        ; 2.32 V                      ; 8.25e-09 V                  ; 2.41 V             ; -0.0871 V          ; 0.291 V                             ; 0.138 V                             ; 3.15e-10 s                 ; 4.16e-10 s                 ; No                        ; Yes                       ;
; o_pixel_x[1]     ; 2.5 V        ; 0 s                 ; 0 s                 ; 2.32 V                       ; 8.25e-09 V                   ; 2.41 V              ; -0.0859 V           ; 0.289 V                              ; 0.136 V                              ; 3.15e-10 s                  ; 4.16e-10 s                  ; No                         ; Yes                        ; 2.32 V                      ; 8.25e-09 V                  ; 2.41 V             ; -0.0859 V          ; 0.289 V                             ; 0.136 V                             ; 3.15e-10 s                 ; 4.16e-10 s                 ; No                        ; Yes                       ;
; o_pixel_x[0]     ; 2.5 V        ; 0 s                 ; 0 s                 ; 2.32 V                       ; 8.25e-09 V                   ; 2.41 V              ; -0.0871 V           ; 0.291 V                              ; 0.138 V                              ; 3.15e-10 s                  ; 4.16e-10 s                  ; No                         ; Yes                        ; 2.32 V                      ; 8.25e-09 V                  ; 2.41 V             ; -0.0871 V          ; 0.291 V                             ; 0.138 V                             ; 3.15e-10 s                 ; 4.16e-10 s                 ; No                        ; Yes                       ;
; o_pixel_y[9]     ; 2.5 V        ; 0 s                 ; 0 s                 ; 2.32 V                       ; 8.25e-09 V                   ; 2.41 V              ; -0.0871 V           ; 0.291 V                              ; 0.138 V                              ; 3.15e-10 s                  ; 4.16e-10 s                  ; No                         ; Yes                        ; 2.32 V                      ; 8.25e-09 V                  ; 2.41 V             ; -0.0871 V          ; 0.291 V                             ; 0.138 V                             ; 3.15e-10 s                 ; 4.16e-10 s                 ; No                        ; Yes                       ;
; o_pixel_y[8]     ; 2.5 V        ; 0 s                 ; 0 s                 ; 2.32 V                       ; 8.25e-09 V                   ; 2.41 V              ; -0.0859 V           ; 0.289 V                              ; 0.136 V                              ; 3.15e-10 s                  ; 4.16e-10 s                  ; No                         ; Yes                        ; 2.32 V                      ; 8.25e-09 V                  ; 2.41 V             ; -0.0859 V          ; 0.289 V                             ; 0.136 V                             ; 3.15e-10 s                 ; 4.16e-10 s                 ; No                        ; Yes                       ;
; o_pixel_y[7]     ; 2.5 V        ; 0 s                 ; 0 s                 ; 2.32 V                       ; 8.25e-09 V                   ; 2.41 V              ; -0.0871 V           ; 0.291 V                              ; 0.138 V                              ; 3.15e-10 s                  ; 4.16e-10 s                  ; No                         ; Yes                        ; 2.32 V                      ; 8.25e-09 V                  ; 2.41 V             ; -0.0871 V          ; 0.291 V                             ; 0.138 V                             ; 3.15e-10 s                 ; 4.16e-10 s                 ; No                        ; Yes                       ;
; o_pixel_y[6]     ; 2.5 V        ; 0 s                 ; 0 s                 ; 2.32 V                       ; 8.25e-09 V                   ; 2.41 V              ; -0.0871 V           ; 0.291 V                              ; 0.138 V                              ; 3.15e-10 s                  ; 4.16e-10 s                  ; No                         ; Yes                        ; 2.32 V                      ; 8.25e-09 V                  ; 2.41 V             ; -0.0871 V          ; 0.291 V                             ; 0.138 V                             ; 3.15e-10 s                 ; 4.16e-10 s                 ; No                        ; Yes                       ;
; o_pixel_y[5]     ; 2.5 V        ; 0 s                 ; 0 s                 ; 2.32 V                       ; 8.25e-09 V                   ; 2.41 V              ; -0.0859 V           ; 0.289 V                              ; 0.136 V                              ; 3.15e-10 s                  ; 4.16e-10 s                  ; No                         ; Yes                        ; 2.32 V                      ; 8.25e-09 V                  ; 2.41 V             ; -0.0859 V          ; 0.289 V                             ; 0.136 V                             ; 3.15e-10 s                 ; 4.16e-10 s                 ; No                        ; Yes                       ;
; o_pixel_y[4]     ; 2.5 V        ; 0 s                 ; 0 s                 ; 2.32 V                       ; 8.25e-09 V                   ; 2.41 V              ; -0.0859 V           ; 0.289 V                              ; 0.136 V                              ; 3.15e-10 s                  ; 4.16e-10 s                  ; No                         ; Yes                        ; 2.32 V                      ; 8.25e-09 V                  ; 2.41 V             ; -0.0859 V          ; 0.289 V                             ; 0.136 V                             ; 3.15e-10 s                 ; 4.16e-10 s                 ; No                        ; Yes                       ;
; o_pixel_y[3]     ; 2.5 V        ; 0 s                 ; 0 s                 ; 2.32 V                       ; 8.25e-09 V                   ; 2.41 V              ; -0.0859 V           ; 0.289 V                              ; 0.136 V                              ; 3.15e-10 s                  ; 4.16e-10 s                  ; No                         ; Yes                        ; 2.32 V                      ; 8.25e-09 V                  ; 2.41 V             ; -0.0859 V          ; 0.289 V                             ; 0.136 V                             ; 3.15e-10 s                 ; 4.16e-10 s                 ; No                        ; Yes                       ;
; o_pixel_y[2]     ; 2.5 V        ; 0 s                 ; 0 s                 ; 2.32 V                       ; 8.25e-09 V                   ; 2.41 V              ; -0.0859 V           ; 0.289 V                              ; 0.136 V                              ; 3.15e-10 s                  ; 4.16e-10 s                  ; No                         ; Yes                        ; 2.32 V                      ; 8.25e-09 V                  ; 2.41 V             ; -0.0859 V          ; 0.289 V                             ; 0.136 V                             ; 3.15e-10 s                 ; 4.16e-10 s                 ; No                        ; Yes                       ;
; o_pixel_y[1]     ; 2.5 V        ; 0 s                 ; 0 s                 ; 2.32 V                       ; 8.25e-09 V                   ; 2.33 V              ; -0.00603 V          ; 0.237 V                              ; 0.191 V                              ; 3.94e-09 s                  ; 3.71e-09 s                  ; No                         ; Yes                        ; 2.32 V                      ; 8.25e-09 V                  ; 2.33 V             ; -0.00603 V         ; 0.237 V                             ; 0.191 V                             ; 3.94e-09 s                 ; 3.71e-09 s                 ; No                        ; Yes                       ;
; o_pixel_y[0]     ; 2.5 V        ; 0 s                 ; 0 s                 ; 2.32 V                       ; 8.25e-09 V                   ; 2.41 V              ; -0.0859 V           ; 0.289 V                              ; 0.136 V                              ; 3.15e-10 s                  ; 4.16e-10 s                  ; No                         ; Yes                        ; 2.32 V                      ; 8.25e-09 V                  ; 2.41 V             ; -0.0859 V          ; 0.289 V                             ; 0.136 V                             ; 3.15e-10 s                 ; 4.16e-10 s                 ; No                        ; Yes                       ;
; o_red_out[2]     ; 2.5 V        ; 0 s                 ; 0 s                 ; 2.32 V                       ; 8.25e-09 V                   ; 2.41 V              ; -0.0859 V           ; 0.289 V                              ; 0.136 V                              ; 3.15e-10 s                  ; 4.16e-10 s                  ; No                         ; Yes                        ; 2.32 V                      ; 8.25e-09 V                  ; 2.41 V             ; -0.0859 V          ; 0.289 V                             ; 0.136 V                             ; 3.15e-10 s                 ; 4.16e-10 s                 ; No                        ; Yes                       ;
; o_red_out[1]     ; 2.5 V        ; 0 s                 ; 0 s                 ; 2.32 V                       ; 8.25e-09 V                   ; 2.41 V              ; -0.0871 V           ; 0.291 V                              ; 0.138 V                              ; 3.15e-10 s                  ; 4.16e-10 s                  ; No                         ; Yes                        ; 2.32 V                      ; 8.25e-09 V                  ; 2.41 V             ; -0.0871 V          ; 0.291 V                             ; 0.138 V                             ; 3.15e-10 s                 ; 4.16e-10 s                 ; No                        ; Yes                       ;
; o_red_out[0]     ; 2.5 V        ; 0 s                 ; 0 s                 ; 2.32 V                       ; 8.25e-09 V                   ; 2.41 V              ; -0.0859 V           ; 0.289 V                              ; 0.136 V                              ; 3.15e-10 s                  ; 4.16e-10 s                  ; No                         ; Yes                        ; 2.32 V                      ; 8.25e-09 V                  ; 2.41 V             ; -0.0859 V          ; 0.289 V                             ; 0.136 V                             ; 3.15e-10 s                 ; 4.16e-10 s                 ; No                        ; Yes                       ;
; ~ALTERA_TDO~     ; 2.5 V        ; 0 s                 ; 0 s                 ; 2.32 V                       ; 1.39e-08 V                   ; 2.39 V              ; -0.0409 V           ; 0.21 V                               ; 0.121 V                              ; 4.7e-10 s                   ; 5.93e-10 s                  ; No                         ; Yes                        ; 2.32 V                      ; 1.39e-08 V                  ; 2.39 V             ; -0.0409 V          ; 0.21 V                              ; 0.121 V                             ; 4.7e-10 s                  ; 5.93e-10 s                 ; No                        ; Yes                       ;
+------------------+--------------+---------------------+---------------------+------------------------------+------------------------------+---------------------+---------------------+--------------------------------------+--------------------------------------+-----------------------------+-----------------------------+----------------------------+----------------------------+-----------------------------+-----------------------------+--------------------+--------------------+-------------------------------------+-------------------------------------+----------------------------+----------------------------+---------------------------+---------------------------+


+-----------------------------------------------------------------------------------------------------------------------------------------------------------------------------------------------------------------------------------------------------------------------------------------------------------------------------------------------------------------------------------------------------------------------------------------------------------------------------------------------------------------------------------------------------------------------------------------------------------------------------------------------------------------------------------------------+
; Signal Integrity Metrics (Slow 1200mv 85c Model)                                                                                                                                                                                                                                                                                                                                                                                                                                                                                                                                                                                                                                              ;
+------------------+--------------+---------------------+---------------------+------------------------------+------------------------------+---------------------+---------------------+--------------------------------------+--------------------------------------+-----------------------------+-----------------------------+----------------------------+----------------------------+-----------------------------+-----------------------------+--------------------+--------------------+-------------------------------------+-------------------------------------+----------------------------+----------------------------+---------------------------+---------------------------+
; Pin              ; I/O Standard ; Board Delay on Rise ; Board Delay on Fall ; Steady State Voh at FPGA Pin ; Steady State Vol at FPGA Pin ; Voh Max at FPGA Pin ; Vol Min at FPGA Pin ; Ringback Voltage on Rise at FPGA Pin ; Ringback Voltage on Fall at FPGA Pin ; 10-90 Rise Time at FPGA Pin ; 90-10 Fall Time at FPGA Pin ; Monotonic Rise at FPGA Pin ; Monotonic Fall at FPGA Pin ; Steady State Voh at Far-end ; Steady State Vol at Far-end ; Voh Max at Far-end ; Vol Min at Far-end ; Ringback Voltage on Rise at Far-end ; Ringback Voltage on Fall at Far-end ; 10-90 Rise Time at Far-end ; 90-10 Fall Time at Far-end ; Monotonic Rise at Far-end ; Monotonic Fall at Far-end ;
+------------------+--------------+---------------------+---------------------+------------------------------+------------------------------+---------------------+---------------------+--------------------------------------+--------------------------------------+-----------------------------+-----------------------------+----------------------------+----------------------------+-----------------------------+-----------------------------+--------------------+--------------------+-------------------------------------+-------------------------------------+----------------------------+----------------------------+---------------------------+---------------------------+
; frame_done       ; 2.5 V        ; 0 s                 ; 0 s                 ; 2.32 V                       ; 1.16e-06 V                   ; 2.37 V              ; -0.049 V            ; 0.154 V                              ; 0.186 V                              ; 4.63e-10 s                  ; 4.5e-10 s                   ; Yes                        ; Yes                        ; 2.32 V                      ; 1.16e-06 V                  ; 2.37 V             ; -0.049 V           ; 0.154 V                             ; 0.186 V                             ; 4.63e-10 s                 ; 4.5e-10 s                  ; Yes                       ; Yes                       ;
; o_h_sync         ; 2.5 V        ; 0 s                 ; 0 s                 ; 2.32 V                       ; 1.16e-06 V                   ; 2.37 V              ; -0.0508 V           ; 0.153 V                              ; 0.187 V                              ; 4.63e-10 s                  ; 4.49e-10 s                  ; Yes                        ; Yes                        ; 2.32 V                      ; 1.16e-06 V                  ; 2.37 V             ; -0.0508 V          ; 0.153 V                             ; 0.187 V                             ; 4.63e-10 s                 ; 4.49e-10 s                 ; Yes                       ; Yes                       ;
; o_v_sync         ; 2.5 V        ; 0 s                 ; 0 s                 ; 2.32 V                       ; 1.16e-06 V                   ; 2.37 V              ; -0.049 V            ; 0.154 V                              ; 0.186 V                              ; 4.63e-10 s                  ; 4.5e-10 s                   ; Yes                        ; Yes                        ; 2.32 V                      ; 1.16e-06 V                  ; 2.37 V             ; -0.049 V           ; 0.154 V                             ; 0.186 V                             ; 4.63e-10 s                 ; 4.5e-10 s                  ; Yes                       ; Yes                       ;
; o_vid_display    ; 2.5 V        ; 0 s                 ; 0 s                 ; 2.32 V                       ; 1.16e-06 V                   ; 2.37 V              ; -0.0508 V           ; 0.153 V                              ; 0.187 V                              ; 4.63e-10 s                  ; 4.49e-10 s                  ; Yes                        ; Yes                        ; 2.32 V                      ; 1.16e-06 V                  ; 2.37 V             ; -0.0508 V          ; 0.153 V                             ; 0.187 V                             ; 4.63e-10 s                 ; 4.49e-10 s                 ; Yes                       ; Yes                       ;
; assigned_line[9] ; 2.5 V        ; 0 s                 ; 0 s                 ; 2.32 V                       ; 1.16e-06 V                   ; 2.37 V              ; -0.049 V            ; 0.154 V                              ; 0.186 V                              ; 4.63e-10 s                  ; 4.5e-10 s                   ; Yes                        ; Yes                        ; 2.32 V                      ; 1.16e-06 V                  ; 2.37 V             ; -0.049 V           ; 0.154 V                             ; 0.186 V                             ; 4.63e-10 s                 ; 4.5e-10 s                  ; Yes                       ; Yes                       ;
; assigned_line[8] ; 2.5 V        ; 0 s                 ; 0 s                 ; 2.32 V                       ; 1.16e-06 V                   ; 2.37 V              ; -0.0508 V           ; 0.153 V                              ; 0.187 V                              ; 4.63e-10 s                  ; 4.49e-10 s                  ; Yes                        ; Yes                        ; 2.32 V                      ; 1.16e-06 V                  ; 2.37 V             ; -0.0508 V          ; 0.153 V                             ; 0.187 V                             ; 4.63e-10 s                 ; 4.49e-10 s                 ; Yes                       ; Yes                       ;
; assigned_line[7] ; 2.5 V        ; 0 s                 ; 0 s                 ; 2.32 V                       ; 1.16e-06 V                   ; 2.37 V              ; -0.0508 V           ; 0.153 V                              ; 0.187 V                              ; 4.63e-10 s                  ; 4.49e-10 s                  ; Yes                        ; Yes                        ; 2.32 V                      ; 1.16e-06 V                  ; 2.37 V             ; -0.0508 V          ; 0.153 V                             ; 0.187 V                             ; 4.63e-10 s                 ; 4.49e-10 s                 ; Yes                       ; Yes                       ;
; assigned_line[6] ; 2.5 V        ; 0 s                 ; 0 s                 ; 2.32 V                       ; 1.16e-06 V                   ; 2.37 V              ; -0.049 V            ; 0.154 V                              ; 0.186 V                              ; 4.63e-10 s                  ; 4.5e-10 s                   ; Yes                        ; Yes                        ; 2.32 V                      ; 1.16e-06 V                  ; 2.37 V             ; -0.049 V           ; 0.154 V                             ; 0.186 V                             ; 4.63e-10 s                 ; 4.5e-10 s                  ; Yes                       ; Yes                       ;
; assigned_line[5] ; 2.5 V        ; 0 s                 ; 0 s                 ; 2.32 V                       ; 1.16e-06 V                   ; 2.37 V              ; -0.049 V            ; 0.154 V                              ; 0.186 V                              ; 4.63e-10 s                  ; 4.5e-10 s                   ; Yes                        ; Yes                        ; 2.32 V                      ; 1.16e-06 V                  ; 2.37 V             ; -0.049 V           ; 0.154 V                             ; 0.186 V                             ; 4.63e-10 s                 ; 4.5e-10 s                  ; Yes                       ; Yes                       ;
; assigned_line[4] ; 2.5 V        ; 0 s                 ; 0 s                 ; 2.32 V                       ; 1.16e-06 V                   ; 2.37 V              ; -0.0508 V           ; 0.153 V                              ; 0.187 V                              ; 4.63e-10 s                  ; 4.49e-10 s                  ; Yes                        ; Yes                        ; 2.32 V                      ; 1.16e-06 V                  ; 2.37 V             ; -0.0508 V          ; 0.153 V                             ; 0.187 V                             ; 4.63e-10 s                 ; 4.49e-10 s                 ; Yes                       ; Yes                       ;
; assigned_line[3] ; 2.5 V        ; 0 s                 ; 0 s                 ; 2.32 V                       ; 1.16e-06 V                   ; 2.37 V              ; -0.0508 V           ; 0.153 V                              ; 0.187 V                              ; 4.63e-10 s                  ; 4.49e-10 s                  ; Yes                        ; Yes                        ; 2.32 V                      ; 1.16e-06 V                  ; 2.37 V             ; -0.0508 V          ; 0.153 V                             ; 0.187 V                             ; 4.63e-10 s                 ; 4.49e-10 s                 ; Yes                       ; Yes                       ;
; assigned_line[2] ; 2.5 V        ; 0 s                 ; 0 s                 ; 2.32 V                       ; 1.16e-06 V                   ; 2.37 V              ; -0.0508 V           ; 0.153 V                              ; 0.187 V                              ; 4.63e-10 s                  ; 4.49e-10 s                  ; Yes                        ; Yes                        ; 2.32 V                      ; 1.16e-06 V                  ; 2.37 V             ; -0.0508 V          ; 0.153 V                             ; 0.187 V                             ; 4.63e-10 s                 ; 4.49e-10 s                 ; Yes                       ; Yes                       ;
; assigned_line[1] ; 2.5 V        ; 0 s                 ; 0 s                 ; 2.32 V                       ; 1.16e-06 V                   ; 2.37 V              ; -0.0508 V           ; 0.153 V                              ; 0.187 V                              ; 4.63e-10 s                  ; 4.49e-10 s                  ; Yes                        ; Yes                        ; 2.32 V                      ; 1.16e-06 V                  ; 2.37 V             ; -0.0508 V          ; 0.153 V                             ; 0.187 V                             ; 4.63e-10 s                 ; 4.49e-10 s                 ; Yes                       ; Yes                       ;
; assigned_line[0] ; 2.5 V        ; 0 s                 ; 0 s                 ; 2.32 V                       ; 1.16e-06 V                   ; 2.37 V              ; -0.0508 V           ; 0.153 V                              ; 0.187 V                              ; 4.63e-10 s                  ; 4.49e-10 s                  ; Yes                        ; Yes                        ; 2.32 V                      ; 1.16e-06 V                  ; 2.37 V             ; -0.0508 V          ; 0.153 V                             ; 0.187 V                             ; 4.63e-10 s                 ; 4.49e-10 s                 ; Yes                       ; Yes                       ;
; c_imag[31]       ; 2.5 V        ; 0 s                 ; 0 s                 ; 2.32 V                       ; 1.16e-06 V                   ; 2.37 V              ; -0.0508 V           ; 0.153 V                              ; 0.187 V                              ; 4.63e-10 s                  ; 4.49e-10 s                  ; Yes                        ; Yes                        ; 2.32 V                      ; 1.16e-06 V                  ; 2.37 V             ; -0.0508 V          ; 0.153 V                             ; 0.187 V                             ; 4.63e-10 s                 ; 4.49e-10 s                 ; Yes                       ; Yes                       ;
; c_imag[30]       ; 2.5 V        ; 0 s                 ; 0 s                 ; 2.32 V                       ; 1.16e-06 V                   ; 2.37 V              ; -0.0449 V           ; 0.201 V                              ; 0.093 V                              ; 4.89e-10 s                  ; 5.81e-10 s                  ; Yes                        ; No                         ; 2.32 V                      ; 1.16e-06 V                  ; 2.37 V             ; -0.0449 V          ; 0.201 V                             ; 0.093 V                             ; 4.89e-10 s                 ; 5.81e-10 s                 ; Yes                       ; No                        ;
; c_imag[29]       ; 2.5 V        ; 0 s                 ; 0 s                 ; 2.32 V                       ; 1.16e-06 V                   ; 2.37 V              ; -0.049 V            ; 0.154 V                              ; 0.186 V                              ; 4.63e-10 s                  ; 4.5e-10 s                   ; Yes                        ; Yes                        ; 2.32 V                      ; 1.16e-06 V                  ; 2.37 V             ; -0.049 V           ; 0.154 V                             ; 0.186 V                             ; 4.63e-10 s                 ; 4.5e-10 s                  ; Yes                       ; Yes                       ;
; c_imag[28]       ; 2.5 V        ; 0 s                 ; 0 s                 ; 2.32 V                       ; 1.16e-06 V                   ; 2.37 V              ; -0.049 V            ; 0.154 V                              ; 0.186 V                              ; 4.63e-10 s                  ; 4.5e-10 s                   ; Yes                        ; Yes                        ; 2.32 V                      ; 1.16e-06 V                  ; 2.37 V             ; -0.049 V           ; 0.154 V                             ; 0.186 V                             ; 4.63e-10 s                 ; 4.5e-10 s                  ; Yes                       ; Yes                       ;
; c_imag[27]       ; 2.5 V        ; 0 s                 ; 0 s                 ; 2.32 V                       ; 1.16e-06 V                   ; 2.37 V              ; -0.0449 V           ; 0.201 V                              ; 0.093 V                              ; 4.89e-10 s                  ; 5.81e-10 s                  ; Yes                        ; No                         ; 2.32 V                      ; 1.16e-06 V                  ; 2.37 V             ; -0.0449 V          ; 0.201 V                             ; 0.093 V                             ; 4.89e-10 s                 ; 5.81e-10 s                 ; Yes                       ; No                        ;
; c_imag[26]       ; 2.5 V        ; 0 s                 ; 0 s                 ; 2.32 V                       ; 1.16e-06 V                   ; 2.37 V              ; -0.0508 V           ; 0.153 V                              ; 0.187 V                              ; 4.63e-10 s                  ; 4.49e-10 s                  ; Yes                        ; Yes                        ; 2.32 V                      ; 1.16e-06 V                  ; 2.37 V             ; -0.0508 V          ; 0.153 V                             ; 0.187 V                             ; 4.63e-10 s                 ; 4.49e-10 s                 ; Yes                       ; Yes                       ;
; c_imag[25]       ; 2.5 V        ; 0 s                 ; 0 s                 ; 2.32 V                       ; 1.16e-06 V                   ; 2.37 V              ; -0.0459 V           ; 0.201 V                              ; 0.093 V                              ; 4.9e-10 s                   ; 5.83e-10 s                  ; Yes                        ; No                         ; 2.32 V                      ; 1.16e-06 V                  ; 2.37 V             ; -0.0459 V          ; 0.201 V                             ; 0.093 V                             ; 4.9e-10 s                  ; 5.83e-10 s                 ; Yes                       ; No                        ;
; c_imag[24]       ; 2.5 V        ; 0 s                 ; 0 s                 ; 2.32 V                       ; 1.16e-06 V                   ; 2.37 V              ; -0.0459 V           ; 0.201 V                              ; 0.093 V                              ; 4.9e-10 s                   ; 5.83e-10 s                  ; Yes                        ; No                         ; 2.32 V                      ; 1.16e-06 V                  ; 2.37 V             ; -0.0459 V          ; 0.201 V                             ; 0.093 V                             ; 4.9e-10 s                  ; 5.83e-10 s                 ; Yes                       ; No                        ;
; c_imag[23]       ; 2.5 V        ; 0 s                 ; 0 s                 ; 2.32 V                       ; 1.16e-06 V                   ; 2.37 V              ; -0.049 V            ; 0.154 V                              ; 0.186 V                              ; 4.63e-10 s                  ; 4.5e-10 s                   ; Yes                        ; Yes                        ; 2.32 V                      ; 1.16e-06 V                  ; 2.37 V             ; -0.049 V           ; 0.154 V                             ; 0.186 V                             ; 4.63e-10 s                 ; 4.5e-10 s                  ; Yes                       ; Yes                       ;
; c_imag[22]       ; 2.5 V        ; 0 s                 ; 0 s                 ; 2.32 V                       ; 1.16e-06 V                   ; 2.37 V              ; -0.0449 V           ; 0.201 V                              ; 0.093 V                              ; 4.89e-10 s                  ; 5.81e-10 s                  ; Yes                        ; No                         ; 2.32 V                      ; 1.16e-06 V                  ; 2.37 V             ; -0.0449 V          ; 0.201 V                             ; 0.093 V                             ; 4.89e-10 s                 ; 5.81e-10 s                 ; Yes                       ; No                        ;
; c_imag[21]       ; 2.5 V        ; 0 s                 ; 0 s                 ; 2.32 V                       ; 1.16e-06 V                   ; 2.37 V              ; -0.0508 V           ; 0.153 V                              ; 0.187 V                              ; 4.63e-10 s                  ; 4.49e-10 s                  ; Yes                        ; Yes                        ; 2.32 V                      ; 1.16e-06 V                  ; 2.37 V             ; -0.0508 V          ; 0.153 V                             ; 0.187 V                             ; 4.63e-10 s                 ; 4.49e-10 s                 ; Yes                       ; Yes                       ;
; c_imag[20]       ; 2.5 V        ; 0 s                 ; 0 s                 ; 2.32 V                       ; 1.16e-06 V                   ; 2.37 V              ; -0.0449 V           ; 0.201 V                              ; 0.093 V                              ; 4.89e-10 s                  ; 5.81e-10 s                  ; Yes                        ; No                         ; 2.32 V                      ; 1.16e-06 V                  ; 2.37 V             ; -0.0449 V          ; 0.201 V                             ; 0.093 V                             ; 4.89e-10 s                 ; 5.81e-10 s                 ; Yes                       ; No                        ;
; c_imag[19]       ; 2.5 V        ; 0 s                 ; 0 s                 ; 2.32 V                       ; 1.16e-06 V                   ; 2.37 V              ; -0.0508 V           ; 0.153 V                              ; 0.187 V                              ; 4.63e-10 s                  ; 4.49e-10 s                  ; Yes                        ; Yes                        ; 2.32 V                      ; 1.16e-06 V                  ; 2.37 V             ; -0.0508 V          ; 0.153 V                             ; 0.187 V                             ; 4.63e-10 s                 ; 4.49e-10 s                 ; Yes                       ; Yes                       ;
; c_imag[18]       ; 2.5 V        ; 0 s                 ; 0 s                 ; 2.32 V                       ; 1.16e-06 V                   ; 2.37 V              ; -0.049 V            ; 0.154 V                              ; 0.186 V                              ; 4.63e-10 s                  ; 4.5e-10 s                   ; Yes                        ; Yes                        ; 2.32 V                      ; 1.16e-06 V                  ; 2.37 V             ; -0.049 V           ; 0.154 V                             ; 0.186 V                             ; 4.63e-10 s                 ; 4.5e-10 s                  ; Yes                       ; Yes                       ;
; c_imag[17]       ; 2.5 V        ; 0 s                 ; 0 s                 ; 2.32 V                       ; 1.16e-06 V                   ; 2.37 V              ; -0.0459 V           ; 0.201 V                              ; 0.093 V                              ; 4.9e-10 s                   ; 5.83e-10 s                  ; Yes                        ; No                         ; 2.32 V                      ; 1.16e-06 V                  ; 2.37 V             ; -0.0459 V          ; 0.201 V                             ; 0.093 V                             ; 4.9e-10 s                  ; 5.83e-10 s                 ; Yes                       ; No                        ;
; c_imag[16]       ; 2.5 V        ; 0 s                 ; 0 s                 ; 2.32 V                       ; 1.16e-06 V                   ; 2.37 V              ; -0.0459 V           ; 0.201 V                              ; 0.093 V                              ; 4.9e-10 s                   ; 5.83e-10 s                  ; Yes                        ; No                         ; 2.32 V                      ; 1.16e-06 V                  ; 2.37 V             ; -0.0459 V          ; 0.201 V                             ; 0.093 V                             ; 4.9e-10 s                  ; 5.83e-10 s                 ; Yes                       ; No                        ;
; c_imag[15]       ; 2.5 V        ; 0 s                 ; 0 s                 ; 2.32 V                       ; 1.16e-06 V                   ; 2.37 V              ; -0.0449 V           ; 0.201 V                              ; 0.093 V                              ; 4.89e-10 s                  ; 5.81e-10 s                  ; Yes                        ; No                         ; 2.32 V                      ; 1.16e-06 V                  ; 2.37 V             ; -0.0449 V          ; 0.201 V                             ; 0.093 V                             ; 4.89e-10 s                 ; 5.81e-10 s                 ; Yes                       ; No                        ;
; c_imag[14]       ; 2.5 V        ; 0 s                 ; 0 s                 ; 2.32 V                       ; 1.16e-06 V                   ; 2.37 V              ; -0.0459 V           ; 0.201 V                              ; 0.093 V                              ; 4.9e-10 s                   ; 5.83e-10 s                  ; Yes                        ; No                         ; 2.32 V                      ; 1.16e-06 V                  ; 2.37 V             ; -0.0459 V          ; 0.201 V                             ; 0.093 V                             ; 4.9e-10 s                  ; 5.83e-10 s                 ; Yes                       ; No                        ;
; c_imag[13]       ; 2.5 V        ; 0 s                 ; 0 s                 ; 2.32 V                       ; 1.16e-06 V                   ; 2.37 V              ; -0.0459 V           ; 0.201 V                              ; 0.093 V                              ; 4.9e-10 s                   ; 5.83e-10 s                  ; Yes                        ; No                         ; 2.32 V                      ; 1.16e-06 V                  ; 2.37 V             ; -0.0459 V          ; 0.201 V                             ; 0.093 V                             ; 4.9e-10 s                  ; 5.83e-10 s                 ; Yes                       ; No                        ;
; c_imag[12]       ; 2.5 V        ; 0 s                 ; 0 s                 ; 2.32 V                       ; 1.16e-06 V                   ; 2.37 V              ; -0.0508 V           ; 0.153 V                              ; 0.187 V                              ; 4.63e-10 s                  ; 4.49e-10 s                  ; Yes                        ; Yes                        ; 2.32 V                      ; 1.16e-06 V                  ; 2.37 V             ; -0.0508 V          ; 0.153 V                             ; 0.187 V                             ; 4.63e-10 s                 ; 4.49e-10 s                 ; Yes                       ; Yes                       ;
; c_imag[11]       ; 2.5 V        ; 0 s                 ; 0 s                 ; 2.32 V                       ; 1.16e-06 V                   ; 2.37 V              ; -0.049 V            ; 0.154 V                              ; 0.186 V                              ; 4.63e-10 s                  ; 4.5e-10 s                   ; Yes                        ; Yes                        ; 2.32 V                      ; 1.16e-06 V                  ; 2.37 V             ; -0.049 V           ; 0.154 V                             ; 0.186 V                             ; 4.63e-10 s                 ; 4.5e-10 s                  ; Yes                       ; Yes                       ;
; c_imag[10]       ; 2.5 V        ; 0 s                 ; 0 s                 ; 2.32 V                       ; 1.16e-06 V                   ; 2.37 V              ; -0.0459 V           ; 0.201 V                              ; 0.093 V                              ; 4.9e-10 s                   ; 5.83e-10 s                  ; Yes                        ; No                         ; 2.32 V                      ; 1.16e-06 V                  ; 2.37 V             ; -0.0459 V          ; 0.201 V                             ; 0.093 V                             ; 4.9e-10 s                  ; 5.83e-10 s                 ; Yes                       ; No                        ;
; c_imag[9]        ; 2.5 V        ; 0 s                 ; 0 s                 ; 2.32 V                       ; 1.16e-06 V                   ; 2.37 V              ; -0.0508 V           ; 0.153 V                              ; 0.187 V                              ; 4.63e-10 s                  ; 4.49e-10 s                  ; Yes                        ; Yes                        ; 2.32 V                      ; 1.16e-06 V                  ; 2.37 V             ; -0.0508 V          ; 0.153 V                             ; 0.187 V                             ; 4.63e-10 s                 ; 4.49e-10 s                 ; Yes                       ; Yes                       ;
; c_imag[8]        ; 2.5 V        ; 0 s                 ; 0 s                 ; 2.32 V                       ; 1.16e-06 V                   ; 2.37 V              ; -0.0449 V           ; 0.201 V                              ; 0.093 V                              ; 4.89e-10 s                  ; 5.81e-10 s                  ; Yes                        ; No                         ; 2.32 V                      ; 1.16e-06 V                  ; 2.37 V             ; -0.0449 V          ; 0.201 V                             ; 0.093 V                             ; 4.89e-10 s                 ; 5.81e-10 s                 ; Yes                       ; No                        ;
; c_imag[7]        ; 2.5 V        ; 0 s                 ; 0 s                 ; 2.32 V                       ; 1.16e-06 V                   ; 2.37 V              ; -0.0459 V           ; 0.201 V                              ; 0.093 V                              ; 4.9e-10 s                   ; 5.83e-10 s                  ; Yes                        ; No                         ; 2.32 V                      ; 1.16e-06 V                  ; 2.37 V             ; -0.0459 V          ; 0.201 V                             ; 0.093 V                             ; 4.9e-10 s                  ; 5.83e-10 s                 ; Yes                       ; No                        ;
; c_imag[6]        ; 2.5 V        ; 0 s                 ; 0 s                 ; 2.32 V                       ; 1.16e-06 V                   ; 2.37 V              ; -0.0459 V           ; 0.201 V                              ; 0.093 V                              ; 4.9e-10 s                   ; 5.83e-10 s                  ; Yes                        ; No                         ; 2.32 V                      ; 1.16e-06 V                  ; 2.37 V             ; -0.0459 V          ; 0.201 V                             ; 0.093 V                             ; 4.9e-10 s                  ; 5.83e-10 s                 ; Yes                       ; No                        ;
; c_imag[5]        ; 2.5 V        ; 0 s                 ; 0 s                 ; 2.32 V                       ; 1.16e-06 V                   ; 2.37 V              ; -0.049 V            ; 0.154 V                              ; 0.186 V                              ; 4.63e-10 s                  ; 4.5e-10 s                   ; Yes                        ; Yes                        ; 2.32 V                      ; 1.16e-06 V                  ; 2.37 V             ; -0.049 V           ; 0.154 V                             ; 0.186 V                             ; 4.63e-10 s                 ; 4.5e-10 s                  ; Yes                       ; Yes                       ;
; c_imag[4]        ; 2.5 V        ; 0 s                 ; 0 s                 ; 2.32 V                       ; 1.16e-06 V                   ; 2.37 V              ; -0.0449 V           ; 0.201 V                              ; 0.093 V                              ; 4.89e-10 s                  ; 5.81e-10 s                  ; Yes                        ; No                         ; 2.32 V                      ; 1.16e-06 V                  ; 2.37 V             ; -0.0449 V          ; 0.201 V                             ; 0.093 V                             ; 4.89e-10 s                 ; 5.81e-10 s                 ; Yes                       ; No                        ;
; c_imag[3]        ; 2.5 V        ; 0 s                 ; 0 s                 ; 2.32 V                       ; 1.16e-06 V                   ; 2.37 V              ; -0.0459 V           ; 0.201 V                              ; 0.093 V                              ; 4.9e-10 s                   ; 5.83e-10 s                  ; Yes                        ; No                         ; 2.32 V                      ; 1.16e-06 V                  ; 2.37 V             ; -0.0459 V          ; 0.201 V                             ; 0.093 V                             ; 4.9e-10 s                  ; 5.83e-10 s                 ; Yes                       ; No                        ;
; c_imag[2]        ; 2.5 V        ; 0 s                 ; 0 s                 ; 2.32 V                       ; 1.16e-06 V                   ; 2.37 V              ; -0.0449 V           ; 0.201 V                              ; 0.093 V                              ; 4.89e-10 s                  ; 5.81e-10 s                  ; Yes                        ; No                         ; 2.32 V                      ; 1.16e-06 V                  ; 2.37 V             ; -0.0449 V          ; 0.201 V                             ; 0.093 V                             ; 4.89e-10 s                 ; 5.81e-10 s                 ; Yes                       ; No                        ;
; c_imag[1]        ; 2.5 V        ; 0 s                 ; 0 s                 ; 2.32 V                       ; 1.16e-06 V                   ; 2.37 V              ; -0.0459 V           ; 0.201 V                              ; 0.093 V                              ; 4.9e-10 s                   ; 5.83e-10 s                  ; Yes                        ; No                         ; 2.32 V                      ; 1.16e-06 V                  ; 2.37 V             ; -0.0459 V          ; 0.201 V                             ; 0.093 V                             ; 4.9e-10 s                  ; 5.83e-10 s                 ; Yes                       ; No                        ;
; c_imag[0]        ; 2.5 V        ; 0 s                 ; 0 s                 ; 2.32 V                       ; 1.16e-06 V                   ; 2.37 V              ; -0.049 V            ; 0.154 V                              ; 0.186 V                              ; 4.63e-10 s                  ; 4.5e-10 s                   ; Yes                        ; Yes                        ; 2.32 V                      ; 1.16e-06 V                  ; 2.37 V             ; -0.049 V           ; 0.154 V                             ; 0.186 V                             ; 4.63e-10 s                 ; 4.5e-10 s                  ; Yes                       ; Yes                       ;
; c_real[31]       ; 2.5 V        ; 0 s                 ; 0 s                 ; 2.32 V                       ; 1.16e-06 V                   ; 2.37 V              ; -0.0508 V           ; 0.153 V                              ; 0.187 V                              ; 4.63e-10 s                  ; 4.49e-10 s                  ; Yes                        ; Yes                        ; 2.32 V                      ; 1.16e-06 V                  ; 2.37 V             ; -0.0508 V          ; 0.153 V                             ; 0.187 V                             ; 4.63e-10 s                 ; 4.49e-10 s                 ; Yes                       ; Yes                       ;
; c_real[30]       ; 2.5 V        ; 0 s                 ; 0 s                 ; 2.32 V                       ; 1.16e-06 V                   ; 2.37 V              ; -0.0449 V           ; 0.201 V                              ; 0.093 V                              ; 4.89e-10 s                  ; 5.81e-10 s                  ; Yes                        ; No                         ; 2.32 V                      ; 1.16e-06 V                  ; 2.37 V             ; -0.0449 V          ; 0.201 V                             ; 0.093 V                             ; 4.89e-10 s                 ; 5.81e-10 s                 ; Yes                       ; No                        ;
; c_real[29]       ; 2.5 V        ; 0 s                 ; 0 s                 ; 2.32 V                       ; 1.16e-06 V                   ; 2.37 V              ; -0.0449 V           ; 0.201 V                              ; 0.093 V                              ; 4.89e-10 s                  ; 5.81e-10 s                  ; Yes                        ; No                         ; 2.32 V                      ; 1.16e-06 V                  ; 2.37 V             ; -0.0449 V          ; 0.201 V                             ; 0.093 V                             ; 4.89e-10 s                 ; 5.81e-10 s                 ; Yes                       ; No                        ;
; c_real[28]       ; 2.5 V        ; 0 s                 ; 0 s                 ; 2.32 V                       ; 1.16e-06 V                   ; 2.37 V              ; -0.049 V            ; 0.154 V                              ; 0.186 V                              ; 4.63e-10 s                  ; 4.5e-10 s                   ; Yes                        ; Yes                        ; 2.32 V                      ; 1.16e-06 V                  ; 2.37 V             ; -0.049 V           ; 0.154 V                             ; 0.186 V                             ; 4.63e-10 s                 ; 4.5e-10 s                  ; Yes                       ; Yes                       ;
; c_real[27]       ; 2.5 V        ; 0 s                 ; 0 s                 ; 2.32 V                       ; 1.16e-06 V                   ; 2.37 V              ; -0.0459 V           ; 0.201 V                              ; 0.093 V                              ; 4.9e-10 s                   ; 5.83e-10 s                  ; Yes                        ; No                         ; 2.32 V                      ; 1.16e-06 V                  ; 2.37 V             ; -0.0459 V          ; 0.201 V                             ; 0.093 V                             ; 4.9e-10 s                  ; 5.83e-10 s                 ; Yes                       ; No                        ;
; c_real[26]       ; 2.5 V        ; 0 s                 ; 0 s                 ; 2.32 V                       ; 1.16e-06 V                   ; 2.37 V              ; -0.0508 V           ; 0.153 V                              ; 0.187 V                              ; 4.63e-10 s                  ; 4.49e-10 s                  ; Yes                        ; Yes                        ; 2.32 V                      ; 1.16e-06 V                  ; 2.37 V             ; -0.0508 V          ; 0.153 V                             ; 0.187 V                             ; 4.63e-10 s                 ; 4.49e-10 s                 ; Yes                       ; Yes                       ;
; c_real[25]       ; 2.5 V        ; 0 s                 ; 0 s                 ; 2.32 V                       ; 1.16e-06 V                   ; 2.37 V              ; -0.0459 V           ; 0.201 V                              ; 0.093 V                              ; 4.9e-10 s                   ; 5.83e-10 s                  ; Yes                        ; No                         ; 2.32 V                      ; 1.16e-06 V                  ; 2.37 V             ; -0.0459 V          ; 0.201 V                             ; 0.093 V                             ; 4.9e-10 s                  ; 5.83e-10 s                 ; Yes                       ; No                        ;
; c_real[24]       ; 2.5 V        ; 0 s                 ; 0 s                 ; 2.32 V                       ; 1.16e-06 V                   ; 2.37 V              ; -0.0508 V           ; 0.153 V                              ; 0.187 V                              ; 4.63e-10 s                  ; 4.49e-10 s                  ; Yes                        ; Yes                        ; 2.32 V                      ; 1.16e-06 V                  ; 2.37 V             ; -0.0508 V          ; 0.153 V                             ; 0.187 V                             ; 4.63e-10 s                 ; 4.49e-10 s                 ; Yes                       ; Yes                       ;
; c_real[23]       ; 2.5 V        ; 0 s                 ; 0 s                 ; 2.32 V                       ; 1.16e-06 V                   ; 2.37 V              ; -0.049 V            ; 0.154 V                              ; 0.186 V                              ; 4.63e-10 s                  ; 4.5e-10 s                   ; Yes                        ; Yes                        ; 2.32 V                      ; 1.16e-06 V                  ; 2.37 V             ; -0.049 V           ; 0.154 V                             ; 0.186 V                             ; 4.63e-10 s                 ; 4.5e-10 s                  ; Yes                       ; Yes                       ;
; c_real[22]       ; 2.5 V        ; 0 s                 ; 0 s                 ; 2.32 V                       ; 1.16e-06 V                   ; 2.37 V              ; -0.0449 V           ; 0.201 V                              ; 0.093 V                              ; 4.89e-10 s                  ; 5.81e-10 s                  ; Yes                        ; No                         ; 2.32 V                      ; 1.16e-06 V                  ; 2.37 V             ; -0.0449 V          ; 0.201 V                             ; 0.093 V                             ; 4.89e-10 s                 ; 5.81e-10 s                 ; Yes                       ; No                        ;
; c_real[21]       ; 2.5 V        ; 0 s                 ; 0 s                 ; 2.32 V                       ; 1.16e-06 V                   ; 2.37 V              ; -0.049 V            ; 0.154 V                              ; 0.186 V                              ; 4.63e-10 s                  ; 4.5e-10 s                   ; Yes                        ; Yes                        ; 2.32 V                      ; 1.16e-06 V                  ; 2.37 V             ; -0.049 V           ; 0.154 V                             ; 0.186 V                             ; 4.63e-10 s                 ; 4.5e-10 s                  ; Yes                       ; Yes                       ;
; c_real[20]       ; 2.5 V        ; 0 s                 ; 0 s                 ; 2.32 V                       ; 1.16e-06 V                   ; 2.37 V              ; -0.0449 V           ; 0.201 V                              ; 0.093 V                              ; 4.89e-10 s                  ; 5.81e-10 s                  ; Yes                        ; No                         ; 2.32 V                      ; 1.16e-06 V                  ; 2.37 V             ; -0.0449 V          ; 0.201 V                             ; 0.093 V                             ; 4.89e-10 s                 ; 5.81e-10 s                 ; Yes                       ; No                        ;
; c_real[19]       ; 2.5 V        ; 0 s                 ; 0 s                 ; 2.32 V                       ; 1.16e-06 V                   ; 2.37 V              ; -0.049 V            ; 0.154 V                              ; 0.186 V                              ; 4.63e-10 s                  ; 4.5e-10 s                   ; Yes                        ; Yes                        ; 2.32 V                      ; 1.16e-06 V                  ; 2.37 V             ; -0.049 V           ; 0.154 V                             ; 0.186 V                             ; 4.63e-10 s                 ; 4.5e-10 s                  ; Yes                       ; Yes                       ;
; c_real[18]       ; 2.5 V        ; 0 s                 ; 0 s                 ; 2.32 V                       ; 1.16e-06 V                   ; 2.37 V              ; -0.049 V            ; 0.154 V                              ; 0.186 V                              ; 4.63e-10 s                  ; 4.5e-10 s                   ; Yes                        ; Yes                        ; 2.32 V                      ; 1.16e-06 V                  ; 2.37 V             ; -0.049 V           ; 0.154 V                             ; 0.186 V                             ; 4.63e-10 s                 ; 4.5e-10 s                  ; Yes                       ; Yes                       ;
; c_real[17]       ; 2.5 V        ; 0 s                 ; 0 s                 ; 2.32 V                       ; 1.16e-06 V                   ; 2.37 V              ; -0.0449 V           ; 0.201 V                              ; 0.093 V                              ; 4.89e-10 s                  ; 5.81e-10 s                  ; Yes                        ; No                         ; 2.32 V                      ; 1.16e-06 V                  ; 2.37 V             ; -0.0449 V          ; 0.201 V                             ; 0.093 V                             ; 4.89e-10 s                 ; 5.81e-10 s                 ; Yes                       ; No                        ;
; c_real[16]       ; 2.5 V        ; 0 s                 ; 0 s                 ; 2.32 V                       ; 1.16e-06 V                   ; 2.37 V              ; -0.049 V            ; 0.154 V                              ; 0.186 V                              ; 4.63e-10 s                  ; 4.5e-10 s                   ; Yes                        ; Yes                        ; 2.32 V                      ; 1.16e-06 V                  ; 2.37 V             ; -0.049 V           ; 0.154 V                             ; 0.186 V                             ; 4.63e-10 s                 ; 4.5e-10 s                  ; Yes                       ; Yes                       ;
; c_real[15]       ; 2.5 V        ; 0 s                 ; 0 s                 ; 2.32 V                       ; 1.16e-06 V                   ; 2.37 V              ; -0.0508 V           ; 0.153 V                              ; 0.187 V                              ; 4.63e-10 s                  ; 4.49e-10 s                  ; Yes                        ; Yes                        ; 2.32 V                      ; 1.16e-06 V                  ; 2.37 V             ; -0.0508 V          ; 0.153 V                             ; 0.187 V                             ; 4.63e-10 s                 ; 4.49e-10 s                 ; Yes                       ; Yes                       ;
; c_real[14]       ; 2.5 V        ; 0 s                 ; 0 s                 ; 2.32 V                       ; 1.16e-06 V                   ; 2.37 V              ; -0.0459 V           ; 0.201 V                              ; 0.093 V                              ; 4.9e-10 s                   ; 5.83e-10 s                  ; Yes                        ; No                         ; 2.32 V                      ; 1.16e-06 V                  ; 2.37 V             ; -0.0459 V          ; 0.201 V                             ; 0.093 V                             ; 4.9e-10 s                  ; 5.83e-10 s                 ; Yes                       ; No                        ;
; c_real[13]       ; 2.5 V        ; 0 s                 ; 0 s                 ; 2.32 V                       ; 1.16e-06 V                   ; 2.37 V              ; -0.0459 V           ; 0.201 V                              ; 0.093 V                              ; 4.9e-10 s                   ; 5.83e-10 s                  ; Yes                        ; No                         ; 2.32 V                      ; 1.16e-06 V                  ; 2.37 V             ; -0.0459 V          ; 0.201 V                             ; 0.093 V                             ; 4.9e-10 s                  ; 5.83e-10 s                 ; Yes                       ; No                        ;
; c_real[12]       ; 2.5 V        ; 0 s                 ; 0 s                 ; 2.32 V                       ; 1.16e-06 V                   ; 2.37 V              ; -0.0449 V           ; 0.201 V                              ; 0.093 V                              ; 4.89e-10 s                  ; 5.81e-10 s                  ; Yes                        ; No                         ; 2.32 V                      ; 1.16e-06 V                  ; 2.37 V             ; -0.0449 V          ; 0.201 V                             ; 0.093 V                             ; 4.89e-10 s                 ; 5.81e-10 s                 ; Yes                       ; No                        ;
; c_real[11]       ; 2.5 V        ; 0 s                 ; 0 s                 ; 2.32 V                       ; 1.16e-06 V                   ; 2.37 V              ; -0.0508 V           ; 0.153 V                              ; 0.187 V                              ; 4.63e-10 s                  ; 4.49e-10 s                  ; Yes                        ; Yes                        ; 2.32 V                      ; 1.16e-06 V                  ; 2.37 V             ; -0.0508 V          ; 0.153 V                             ; 0.187 V                             ; 4.63e-10 s                 ; 4.49e-10 s                 ; Yes                       ; Yes                       ;
; c_real[10]       ; 2.5 V        ; 0 s                 ; 0 s                 ; 2.32 V                       ; 1.16e-06 V                   ; 2.37 V              ; -0.049 V            ; 0.154 V                              ; 0.186 V                              ; 4.63e-10 s                  ; 4.5e-10 s                   ; Yes                        ; Yes                        ; 2.32 V                      ; 1.16e-06 V                  ; 2.37 V             ; -0.049 V           ; 0.154 V                             ; 0.186 V                             ; 4.63e-10 s                 ; 4.5e-10 s                  ; Yes                       ; Yes                       ;
; c_real[9]        ; 2.5 V        ; 0 s                 ; 0 s                 ; 2.32 V                       ; 1.16e-06 V                   ; 2.37 V              ; -0.049 V            ; 0.154 V                              ; 0.186 V                              ; 4.63e-10 s                  ; 4.5e-10 s                   ; Yes                        ; Yes                        ; 2.32 V                      ; 1.16e-06 V                  ; 2.37 V             ; -0.049 V           ; 0.154 V                             ; 0.186 V                             ; 4.63e-10 s                 ; 4.5e-10 s                  ; Yes                       ; Yes                       ;
; c_real[8]        ; 2.5 V        ; 0 s                 ; 0 s                 ; 2.32 V                       ; 1.16e-06 V                   ; 2.37 V              ; -0.049 V            ; 0.154 V                              ; 0.186 V                              ; 4.63e-10 s                  ; 4.5e-10 s                   ; Yes                        ; Yes                        ; 2.32 V                      ; 1.16e-06 V                  ; 2.37 V             ; -0.049 V           ; 0.154 V                             ; 0.186 V                             ; 4.63e-10 s                 ; 4.5e-10 s                  ; Yes                       ; Yes                       ;
; c_real[7]        ; 2.5 V        ; 0 s                 ; 0 s                 ; 2.32 V                       ; 1.16e-06 V                   ; 2.37 V              ; -0.0508 V           ; 0.153 V                              ; 0.187 V                              ; 4.63e-10 s                  ; 4.49e-10 s                  ; Yes                        ; Yes                        ; 2.32 V                      ; 1.16e-06 V                  ; 2.37 V             ; -0.0508 V          ; 0.153 V                             ; 0.187 V                             ; 4.63e-10 s                 ; 4.49e-10 s                 ; Yes                       ; Yes                       ;
; c_real[6]        ; 2.5 V        ; 0 s                 ; 0 s                 ; 2.32 V                       ; 1.16e-06 V                   ; 2.37 V              ; -0.0449 V           ; 0.201 V                              ; 0.093 V                              ; 4.89e-10 s                  ; 5.81e-10 s                  ; Yes                        ; No                         ; 2.32 V                      ; 1.16e-06 V                  ; 2.37 V             ; -0.0449 V          ; 0.201 V                             ; 0.093 V                             ; 4.89e-10 s                 ; 5.81e-10 s                 ; Yes                       ; No                        ;
; c_real[5]        ; 2.5 V        ; 0 s                 ; 0 s                 ; 2.32 V                       ; 1.16e-06 V                   ; 2.37 V              ; -0.049 V            ; 0.154 V                              ; 0.186 V                              ; 4.63e-10 s                  ; 4.5e-10 s                   ; Yes                        ; Yes                        ; 2.32 V                      ; 1.16e-06 V                  ; 2.37 V             ; -0.049 V           ; 0.154 V                             ; 0.186 V                             ; 4.63e-10 s                 ; 4.5e-10 s                  ; Yes                       ; Yes                       ;
; c_real[4]        ; 2.5 V        ; 0 s                 ; 0 s                 ; 2.32 V                       ; 1.16e-06 V                   ; 2.37 V              ; -0.049 V            ; 0.154 V                              ; 0.186 V                              ; 4.63e-10 s                  ; 4.5e-10 s                   ; Yes                        ; Yes                        ; 2.32 V                      ; 1.16e-06 V                  ; 2.37 V             ; -0.049 V           ; 0.154 V                             ; 0.186 V                             ; 4.63e-10 s                 ; 4.5e-10 s                  ; Yes                       ; Yes                       ;
; c_real[3]        ; 2.5 V        ; 0 s                 ; 0 s                 ; 2.32 V                       ; 1.16e-06 V                   ; 2.37 V              ; -0.0449 V           ; 0.201 V                              ; 0.093 V                              ; 4.89e-10 s                  ; 5.81e-10 s                  ; Yes                        ; No                         ; 2.32 V                      ; 1.16e-06 V                  ; 2.37 V             ; -0.0449 V          ; 0.201 V                             ; 0.093 V                             ; 4.89e-10 s                 ; 5.81e-10 s                 ; Yes                       ; No                        ;
; c_real[2]        ; 2.5 V        ; 0 s                 ; 0 s                 ; 2.32 V                       ; 1.16e-06 V                   ; 2.37 V              ; -0.0508 V           ; 0.153 V                              ; 0.187 V                              ; 4.63e-10 s                  ; 4.49e-10 s                  ; Yes                        ; Yes                        ; 2.32 V                      ; 1.16e-06 V                  ; 2.37 V             ; -0.0508 V          ; 0.153 V                             ; 0.187 V                             ; 4.63e-10 s                 ; 4.49e-10 s                 ; Yes                       ; Yes                       ;
; c_real[1]        ; 2.5 V        ; 0 s                 ; 0 s                 ; 2.32 V                       ; 1.16e-06 V                   ; 2.37 V              ; -0.0459 V           ; 0.201 V                              ; 0.093 V                              ; 4.9e-10 s                   ; 5.83e-10 s                  ; Yes                        ; No                         ; 2.32 V                      ; 1.16e-06 V                  ; 2.37 V             ; -0.0459 V          ; 0.201 V                             ; 0.093 V                             ; 4.9e-10 s                  ; 5.83e-10 s                 ; Yes                       ; No                        ;
; c_real[0]        ; 2.5 V        ; 0 s                 ; 0 s                 ; 2.32 V                       ; 1.16e-06 V                   ; 2.37 V              ; -0.0508 V           ; 0.153 V                              ; 0.187 V                              ; 4.63e-10 s                  ; 4.49e-10 s                  ; Yes                        ; Yes                        ; 2.32 V                      ; 1.16e-06 V                  ; 2.37 V             ; -0.0508 V          ; 0.153 V                             ; 0.187 V                             ; 4.63e-10 s                 ; 4.49e-10 s                 ; Yes                       ; Yes                       ;
; o_blue_out[2]    ; 2.5 V        ; 0 s                 ; 0 s                 ; 2.32 V                       ; 1.16e-06 V                   ; 2.37 V              ; -0.0508 V           ; 0.153 V                              ; 0.187 V                              ; 4.63e-10 s                  ; 4.49e-10 s                  ; Yes                        ; Yes                        ; 2.32 V                      ; 1.16e-06 V                  ; 2.37 V             ; -0.0508 V          ; 0.153 V                             ; 0.187 V                             ; 4.63e-10 s                 ; 4.49e-10 s                 ; Yes                       ; Yes                       ;
; o_blue_out[1]    ; 2.5 V        ; 0 s                 ; 0 s                 ; 2.32 V                       ; 1.16e-06 V                   ; 2.37 V              ; -0.049 V            ; 0.154 V                              ; 0.186 V                              ; 4.63e-10 s                  ; 4.5e-10 s                   ; Yes                        ; Yes                        ; 2.32 V                      ; 1.16e-06 V                  ; 2.37 V             ; -0.049 V           ; 0.154 V                             ; 0.186 V                             ; 4.63e-10 s                 ; 4.5e-10 s                  ; Yes                       ; Yes                       ;
; o_blue_out[0]    ; 2.5 V        ; 0 s                 ; 0 s                 ; 2.32 V                       ; 1.16e-06 V                   ; 2.37 V              ; -0.0508 V           ; 0.153 V                              ; 0.187 V                              ; 4.63e-10 s                  ; 4.49e-10 s                  ; Yes                        ; Yes                        ; 2.32 V                      ; 1.16e-06 V                  ; 2.37 V             ; -0.0508 V          ; 0.153 V                             ; 0.187 V                             ; 4.63e-10 s                 ; 4.49e-10 s                 ; Yes                       ; Yes                       ;
; o_green_out[2]   ; 2.5 V        ; 0 s                 ; 0 s                 ; 2.32 V                       ; 1.16e-06 V                   ; 2.37 V              ; -0.0508 V           ; 0.153 V                              ; 0.187 V                              ; 4.63e-10 s                  ; 4.49e-10 s                  ; Yes                        ; Yes                        ; 2.32 V                      ; 1.16e-06 V                  ; 2.37 V             ; -0.0508 V          ; 0.153 V                             ; 0.187 V                             ; 4.63e-10 s                 ; 4.49e-10 s                 ; Yes                       ; Yes                       ;
; o_green_out[1]   ; 2.5 V        ; 0 s                 ; 0 s                 ; 2.32 V                       ; 1.16e-06 V                   ; 2.37 V              ; -0.049 V            ; 0.154 V                              ; 0.186 V                              ; 4.63e-10 s                  ; 4.5e-10 s                   ; Yes                        ; Yes                        ; 2.32 V                      ; 1.16e-06 V                  ; 2.37 V             ; -0.049 V           ; 0.154 V                             ; 0.186 V                             ; 4.63e-10 s                 ; 4.5e-10 s                  ; Yes                       ; Yes                       ;
; o_green_out[0]   ; 2.5 V        ; 0 s                 ; 0 s                 ; 2.32 V                       ; 1.16e-06 V                   ; 2.37 V              ; -0.0508 V           ; 0.153 V                              ; 0.187 V                              ; 4.63e-10 s                  ; 4.49e-10 s                  ; Yes                        ; Yes                        ; 2.32 V                      ; 1.16e-06 V                  ; 2.37 V             ; -0.0508 V          ; 0.153 V                             ; 0.187 V                             ; 4.63e-10 s                 ; 4.49e-10 s                 ; Yes                       ; Yes                       ;
; o_pixel_x[9]     ; 2.5 V        ; 0 s                 ; 0 s                 ; 2.32 V                       ; 1.16e-06 V                   ; 2.37 V              ; -0.0508 V           ; 0.153 V                              ; 0.187 V                              ; 4.63e-10 s                  ; 4.49e-10 s                  ; Yes                        ; Yes                        ; 2.32 V                      ; 1.16e-06 V                  ; 2.37 V             ; -0.0508 V          ; 0.153 V                             ; 0.187 V                             ; 4.63e-10 s                 ; 4.49e-10 s                 ; Yes                       ; Yes                       ;
; o_pixel_x[8]     ; 2.5 V        ; 0 s                 ; 0 s                 ; 2.32 V                       ; 1.16e-06 V                   ; 2.37 V              ; -0.049 V            ; 0.154 V                              ; 0.186 V                              ; 4.63e-10 s                  ; 4.5e-10 s                   ; Yes                        ; Yes                        ; 2.32 V                      ; 1.16e-06 V                  ; 2.37 V             ; -0.049 V           ; 0.154 V                             ; 0.186 V                             ; 4.63e-10 s                 ; 4.5e-10 s                  ; Yes                       ; Yes                       ;
; o_pixel_x[7]     ; 2.5 V        ; 0 s                 ; 0 s                 ; 2.32 V                       ; 1.16e-06 V                   ; 2.37 V              ; -0.0508 V           ; 0.153 V                              ; 0.187 V                              ; 4.63e-10 s                  ; 4.49e-10 s                  ; Yes                        ; Yes                        ; 2.32 V                      ; 1.16e-06 V                  ; 2.37 V             ; -0.0508 V          ; 0.153 V                             ; 0.187 V                             ; 4.63e-10 s                 ; 4.49e-10 s                 ; Yes                       ; Yes                       ;
; o_pixel_x[6]     ; 2.5 V        ; 0 s                 ; 0 s                 ; 2.32 V                       ; 1.16e-06 V                   ; 2.37 V              ; -0.049 V            ; 0.154 V                              ; 0.186 V                              ; 4.63e-10 s                  ; 4.5e-10 s                   ; Yes                        ; Yes                        ; 2.32 V                      ; 1.16e-06 V                  ; 2.37 V             ; -0.049 V           ; 0.154 V                             ; 0.186 V                             ; 4.63e-10 s                 ; 4.5e-10 s                  ; Yes                       ; Yes                       ;
; o_pixel_x[5]     ; 2.5 V        ; 0 s                 ; 0 s                 ; 2.32 V                       ; 1.16e-06 V                   ; 2.37 V              ; -0.0508 V           ; 0.153 V                              ; 0.187 V                              ; 4.63e-10 s                  ; 4.49e-10 s                  ; Yes                        ; Yes                        ; 2.32 V                      ; 1.16e-06 V                  ; 2.37 V             ; -0.0508 V          ; 0.153 V                             ; 0.187 V                             ; 4.63e-10 s                 ; 4.49e-10 s                 ; Yes                       ; Yes                       ;
; o_pixel_x[4]     ; 2.5 V        ; 0 s                 ; 0 s                 ; 2.32 V                       ; 1.16e-06 V                   ; 2.37 V              ; -0.049 V            ; 0.154 V                              ; 0.186 V                              ; 4.63e-10 s                  ; 4.5e-10 s                   ; Yes                        ; Yes                        ; 2.32 V                      ; 1.16e-06 V                  ; 2.37 V             ; -0.049 V           ; 0.154 V                             ; 0.186 V                             ; 4.63e-10 s                 ; 4.5e-10 s                  ; Yes                       ; Yes                       ;
; o_pixel_x[3]     ; 2.5 V        ; 0 s                 ; 0 s                 ; 2.32 V                       ; 1.16e-06 V                   ; 2.37 V              ; -0.0508 V           ; 0.153 V                              ; 0.187 V                              ; 4.63e-10 s                  ; 4.49e-10 s                  ; Yes                        ; Yes                        ; 2.32 V                      ; 1.16e-06 V                  ; 2.37 V             ; -0.0508 V          ; 0.153 V                             ; 0.187 V                             ; 4.63e-10 s                 ; 4.49e-10 s                 ; Yes                       ; Yes                       ;
; o_pixel_x[2]     ; 2.5 V        ; 0 s                 ; 0 s                 ; 2.32 V                       ; 1.16e-06 V                   ; 2.37 V              ; -0.0508 V           ; 0.153 V                              ; 0.187 V                              ; 4.63e-10 s                  ; 4.49e-10 s                  ; Yes                        ; Yes                        ; 2.32 V                      ; 1.16e-06 V                  ; 2.37 V             ; -0.0508 V          ; 0.153 V                             ; 0.187 V                             ; 4.63e-10 s                 ; 4.49e-10 s                 ; Yes                       ; Yes                       ;
; o_pixel_x[1]     ; 2.5 V        ; 0 s                 ; 0 s                 ; 2.32 V                       ; 1.16e-06 V                   ; 2.37 V              ; -0.049 V            ; 0.154 V                              ; 0.186 V                              ; 4.63e-10 s                  ; 4.5e-10 s                   ; Yes                        ; Yes                        ; 2.32 V                      ; 1.16e-06 V                  ; 2.37 V             ; -0.049 V           ; 0.154 V                             ; 0.186 V                             ; 4.63e-10 s                 ; 4.5e-10 s                  ; Yes                       ; Yes                       ;
; o_pixel_x[0]     ; 2.5 V        ; 0 s                 ; 0 s                 ; 2.32 V                       ; 1.16e-06 V                   ; 2.37 V              ; -0.0508 V           ; 0.153 V                              ; 0.187 V                              ; 4.63e-10 s                  ; 4.49e-10 s                  ; Yes                        ; Yes                        ; 2.32 V                      ; 1.16e-06 V                  ; 2.37 V             ; -0.0508 V          ; 0.153 V                             ; 0.187 V                             ; 4.63e-10 s                 ; 4.49e-10 s                 ; Yes                       ; Yes                       ;
; o_pixel_y[9]     ; 2.5 V        ; 0 s                 ; 0 s                 ; 2.32 V                       ; 1.16e-06 V                   ; 2.37 V              ; -0.0508 V           ; 0.153 V                              ; 0.187 V                              ; 4.63e-10 s                  ; 4.49e-10 s                  ; Yes                        ; Yes                        ; 2.32 V                      ; 1.16e-06 V                  ; 2.37 V             ; -0.0508 V          ; 0.153 V                             ; 0.187 V                             ; 4.63e-10 s                 ; 4.49e-10 s                 ; Yes                       ; Yes                       ;
; o_pixel_y[8]     ; 2.5 V        ; 0 s                 ; 0 s                 ; 2.32 V                       ; 1.16e-06 V                   ; 2.37 V              ; -0.049 V            ; 0.154 V                              ; 0.186 V                              ; 4.63e-10 s                  ; 4.5e-10 s                   ; Yes                        ; Yes                        ; 2.32 V                      ; 1.16e-06 V                  ; 2.37 V             ; -0.049 V           ; 0.154 V                             ; 0.186 V                             ; 4.63e-10 s                 ; 4.5e-10 s                  ; Yes                       ; Yes                       ;
; o_pixel_y[7]     ; 2.5 V        ; 0 s                 ; 0 s                 ; 2.32 V                       ; 1.16e-06 V                   ; 2.37 V              ; -0.0508 V           ; 0.153 V                              ; 0.187 V                              ; 4.63e-10 s                  ; 4.49e-10 s                  ; Yes                        ; Yes                        ; 2.32 V                      ; 1.16e-06 V                  ; 2.37 V             ; -0.0508 V          ; 0.153 V                             ; 0.187 V                             ; 4.63e-10 s                 ; 4.49e-10 s                 ; Yes                       ; Yes                       ;
; o_pixel_y[6]     ; 2.5 V        ; 0 s                 ; 0 s                 ; 2.32 V                       ; 1.16e-06 V                   ; 2.37 V              ; -0.0508 V           ; 0.153 V                              ; 0.187 V                              ; 4.63e-10 s                  ; 4.49e-10 s                  ; Yes                        ; Yes                        ; 2.32 V                      ; 1.16e-06 V                  ; 2.37 V             ; -0.0508 V          ; 0.153 V                             ; 0.187 V                             ; 4.63e-10 s                 ; 4.49e-10 s                 ; Yes                       ; Yes                       ;
; o_pixel_y[5]     ; 2.5 V        ; 0 s                 ; 0 s                 ; 2.32 V                       ; 1.16e-06 V                   ; 2.37 V              ; -0.049 V            ; 0.154 V                              ; 0.186 V                              ; 4.63e-10 s                  ; 4.5e-10 s                   ; Yes                        ; Yes                        ; 2.32 V                      ; 1.16e-06 V                  ; 2.37 V             ; -0.049 V           ; 0.154 V                             ; 0.186 V                             ; 4.63e-10 s                 ; 4.5e-10 s                  ; Yes                       ; Yes                       ;
; o_pixel_y[4]     ; 2.5 V        ; 0 s                 ; 0 s                 ; 2.32 V                       ; 1.16e-06 V                   ; 2.37 V              ; -0.049 V            ; 0.154 V                              ; 0.186 V                              ; 4.63e-10 s                  ; 4.5e-10 s                   ; Yes                        ; Yes                        ; 2.32 V                      ; 1.16e-06 V                  ; 2.37 V             ; -0.049 V           ; 0.154 V                             ; 0.186 V                             ; 4.63e-10 s                 ; 4.5e-10 s                  ; Yes                       ; Yes                       ;
; o_pixel_y[3]     ; 2.5 V        ; 0 s                 ; 0 s                 ; 2.32 V                       ; 1.16e-06 V                   ; 2.37 V              ; -0.049 V            ; 0.154 V                              ; 0.186 V                              ; 4.63e-10 s                  ; 4.5e-10 s                   ; Yes                        ; Yes                        ; 2.32 V                      ; 1.16e-06 V                  ; 2.37 V             ; -0.049 V           ; 0.154 V                             ; 0.186 V                             ; 4.63e-10 s                 ; 4.5e-10 s                  ; Yes                       ; Yes                       ;
; o_pixel_y[2]     ; 2.5 V        ; 0 s                 ; 0 s                 ; 2.32 V                       ; 1.16e-06 V                   ; 2.37 V              ; -0.049 V            ; 0.154 V                              ; 0.186 V                              ; 4.63e-10 s                  ; 4.5e-10 s                   ; Yes                        ; Yes                        ; 2.32 V                      ; 1.16e-06 V                  ; 2.37 V             ; -0.049 V           ; 0.154 V                             ; 0.186 V                             ; 4.63e-10 s                 ; 4.5e-10 s                  ; Yes                       ; Yes                       ;
; o_pixel_y[1]     ; 2.5 V        ; 0 s                 ; 0 s                 ; 2.32 V                       ; 1.16e-06 V                   ; 2.33 V              ; -0.00314 V          ; 0.21 V                               ; 0.115 V                              ; 4.79e-09 s                  ; 4.41e-09 s                  ; No                         ; Yes                        ; 2.32 V                      ; 1.16e-06 V                  ; 2.33 V             ; -0.00314 V         ; 0.21 V                              ; 0.115 V                             ; 4.79e-09 s                 ; 4.41e-09 s                 ; No                        ; Yes                       ;
; o_pixel_y[0]     ; 2.5 V        ; 0 s                 ; 0 s                 ; 2.32 V                       ; 1.16e-06 V                   ; 2.37 V              ; -0.049 V            ; 0.154 V                              ; 0.186 V                              ; 4.63e-10 s                  ; 4.5e-10 s                   ; Yes                        ; Yes                        ; 2.32 V                      ; 1.16e-06 V                  ; 2.37 V             ; -0.049 V           ; 0.154 V                             ; 0.186 V                             ; 4.63e-10 s                 ; 4.5e-10 s                  ; Yes                       ; Yes                       ;
; o_red_out[2]     ; 2.5 V        ; 0 s                 ; 0 s                 ; 2.32 V                       ; 1.16e-06 V                   ; 2.37 V              ; -0.049 V            ; 0.154 V                              ; 0.186 V                              ; 4.63e-10 s                  ; 4.5e-10 s                   ; Yes                        ; Yes                        ; 2.32 V                      ; 1.16e-06 V                  ; 2.37 V             ; -0.049 V           ; 0.154 V                             ; 0.186 V                             ; 4.63e-10 s                 ; 4.5e-10 s                  ; Yes                       ; Yes                       ;
; o_red_out[1]     ; 2.5 V        ; 0 s                 ; 0 s                 ; 2.32 V                       ; 1.16e-06 V                   ; 2.37 V              ; -0.0508 V           ; 0.153 V                              ; 0.187 V                              ; 4.63e-10 s                  ; 4.49e-10 s                  ; Yes                        ; Yes                        ; 2.32 V                      ; 1.16e-06 V                  ; 2.37 V             ; -0.0508 V          ; 0.153 V                             ; 0.187 V                             ; 4.63e-10 s                 ; 4.49e-10 s                 ; Yes                       ; Yes                       ;
; o_red_out[0]     ; 2.5 V        ; 0 s                 ; 0 s                 ; 2.32 V                       ; 1.16e-06 V                   ; 2.37 V              ; -0.049 V            ; 0.154 V                              ; 0.186 V                              ; 4.63e-10 s                  ; 4.5e-10 s                   ; Yes                        ; Yes                        ; 2.32 V                      ; 1.16e-06 V                  ; 2.37 V             ; -0.049 V           ; 0.154 V                             ; 0.186 V                             ; 4.63e-10 s                 ; 4.5e-10 s                  ; Yes                       ; Yes                       ;
; ~ALTERA_TDO~     ; 2.5 V        ; 0 s                 ; 0 s                 ; 2.32 V                       ; 1.97e-06 V                   ; 2.36 V              ; -0.0173 V           ; 0.144 V                              ; 0.094 V                              ; 6.44e-10 s                  ; 7.2e-10 s                   ; No                         ; Yes                        ; 2.32 V                      ; 1.97e-06 V                  ; 2.36 V             ; -0.0173 V          ; 0.144 V                             ; 0.094 V                             ; 6.44e-10 s                 ; 7.2e-10 s                  ; No                        ; Yes                       ;
+------------------+--------------+---------------------+---------------------+------------------------------+------------------------------+---------------------+---------------------+--------------------------------------+--------------------------------------+-----------------------------+-----------------------------+----------------------------+----------------------------+-----------------------------+-----------------------------+--------------------+--------------------+-------------------------------------+-------------------------------------+----------------------------+----------------------------+---------------------------+---------------------------+


+-----------------------------------------------------------------------------------------------------------------------------------------------------------------------------------------------------------------------------------------------------------------------------------------------------------------------------------------------------------------------------------------------------------------------------------------------------------------------------------------------------------------------------------------------------------------------------------------------------------------------------------------------------------------------------------------------+
; Signal Integrity Metrics (Fast 1200mv 0c Model)                                                                                                                                                                                                                                                                                                                                                                                                                                                                                                                                                                                                                                               ;
+------------------+--------------+---------------------+---------------------+------------------------------+------------------------------+---------------------+---------------------+--------------------------------------+--------------------------------------+-----------------------------+-----------------------------+----------------------------+----------------------------+-----------------------------+-----------------------------+--------------------+--------------------+-------------------------------------+-------------------------------------+----------------------------+----------------------------+---------------------------+---------------------------+
; Pin              ; I/O Standard ; Board Delay on Rise ; Board Delay on Fall ; Steady State Voh at FPGA Pin ; Steady State Vol at FPGA Pin ; Voh Max at FPGA Pin ; Vol Min at FPGA Pin ; Ringback Voltage on Rise at FPGA Pin ; Ringback Voltage on Fall at FPGA Pin ; 10-90 Rise Time at FPGA Pin ; 90-10 Fall Time at FPGA Pin ; Monotonic Rise at FPGA Pin ; Monotonic Fall at FPGA Pin ; Steady State Voh at Far-end ; Steady State Vol at Far-end ; Voh Max at Far-end ; Vol Min at Far-end ; Ringback Voltage on Rise at Far-end ; Ringback Voltage on Fall at Far-end ; 10-90 Rise Time at Far-end ; 90-10 Fall Time at Far-end ; Monotonic Rise at Far-end ; Monotonic Fall at Far-end ;
+------------------+--------------+---------------------+---------------------+------------------------------+------------------------------+---------------------+---------------------+--------------------------------------+--------------------------------------+-----------------------------+-----------------------------+----------------------------+----------------------------+-----------------------------+-----------------------------+--------------------+--------------------+-------------------------------------+-------------------------------------+----------------------------+----------------------------+---------------------------+---------------------------+
; frame_done       ; 2.5 V        ; 0 s                 ; 0 s                 ; 2.62 V                       ; 9.95e-08 V                   ; 2.78 V              ; -0.0452 V           ; 0.248 V                              ; 0.108 V                              ; 2.67e-10 s                  ; 2.75e-10 s                  ; No                         ; Yes                        ; 2.62 V                      ; 9.95e-08 V                  ; 2.78 V             ; -0.0452 V          ; 0.248 V                             ; 0.108 V                             ; 2.67e-10 s                 ; 2.75e-10 s                 ; No                        ; Yes                       ;
; o_h_sync         ; 2.5 V        ; 0 s                 ; 0 s                 ; 2.62 V                       ; 9.94e-08 V                   ; 2.78 V              ; -0.0444 V           ; 0.25 V                               ; 0.107 V                              ; 2.67e-10 s                  ; 2.75e-10 s                  ; No                         ; Yes                        ; 2.62 V                      ; 9.94e-08 V                  ; 2.78 V             ; -0.0444 V          ; 0.25 V                              ; 0.107 V                             ; 2.67e-10 s                 ; 2.75e-10 s                 ; No                        ; Yes                       ;
; o_v_sync         ; 2.5 V        ; 0 s                 ; 0 s                 ; 2.62 V                       ; 9.95e-08 V                   ; 2.78 V              ; -0.0452 V           ; 0.248 V                              ; 0.108 V                              ; 2.67e-10 s                  ; 2.75e-10 s                  ; No                         ; Yes                        ; 2.62 V                      ; 9.95e-08 V                  ; 2.78 V             ; -0.0452 V          ; 0.248 V                             ; 0.108 V                             ; 2.67e-10 s                 ; 2.75e-10 s                 ; No                        ; Yes                       ;
; o_vid_display    ; 2.5 V        ; 0 s                 ; 0 s                 ; 2.62 V                       ; 9.94e-08 V                   ; 2.78 V              ; -0.0444 V           ; 0.25 V                               ; 0.107 V                              ; 2.67e-10 s                  ; 2.75e-10 s                  ; No                         ; Yes                        ; 2.62 V                      ; 9.94e-08 V                  ; 2.78 V             ; -0.0444 V          ; 0.25 V                              ; 0.107 V                             ; 2.67e-10 s                 ; 2.75e-10 s                 ; No                        ; Yes                       ;
; assigned_line[9] ; 2.5 V        ; 0 s                 ; 0 s                 ; 2.62 V                       ; 9.95e-08 V                   ; 2.78 V              ; -0.0452 V           ; 0.248 V                              ; 0.108 V                              ; 2.67e-10 s                  ; 2.75e-10 s                  ; No                         ; Yes                        ; 2.62 V                      ; 9.95e-08 V                  ; 2.78 V             ; -0.0452 V          ; 0.248 V                             ; 0.108 V                             ; 2.67e-10 s                 ; 2.75e-10 s                 ; No                        ; Yes                       ;
; assigned_line[8] ; 2.5 V        ; 0 s                 ; 0 s                 ; 2.62 V                       ; 9.94e-08 V                   ; 2.78 V              ; -0.0444 V           ; 0.25 V                               ; 0.107 V                              ; 2.67e-10 s                  ; 2.75e-10 s                  ; No                         ; Yes                        ; 2.62 V                      ; 9.94e-08 V                  ; 2.78 V             ; -0.0444 V          ; 0.25 V                              ; 0.107 V                             ; 2.67e-10 s                 ; 2.75e-10 s                 ; No                        ; Yes                       ;
; assigned_line[7] ; 2.5 V        ; 0 s                 ; 0 s                 ; 2.62 V                       ; 9.94e-08 V                   ; 2.78 V              ; -0.0444 V           ; 0.25 V                               ; 0.107 V                              ; 2.67e-10 s                  ; 2.75e-10 s                  ; No                         ; Yes                        ; 2.62 V                      ; 9.94e-08 V                  ; 2.78 V             ; -0.0444 V          ; 0.25 V                              ; 0.107 V                             ; 2.67e-10 s                 ; 2.75e-10 s                 ; No                        ; Yes                       ;
; assigned_line[6] ; 2.5 V        ; 0 s                 ; 0 s                 ; 2.62 V                       ; 9.95e-08 V                   ; 2.78 V              ; -0.0452 V           ; 0.248 V                              ; 0.108 V                              ; 2.67e-10 s                  ; 2.75e-10 s                  ; No                         ; Yes                        ; 2.62 V                      ; 9.95e-08 V                  ; 2.78 V             ; -0.0452 V          ; 0.248 V                             ; 0.108 V                             ; 2.67e-10 s                 ; 2.75e-10 s                 ; No                        ; Yes                       ;
; assigned_line[5] ; 2.5 V        ; 0 s                 ; 0 s                 ; 2.62 V                       ; 9.95e-08 V                   ; 2.78 V              ; -0.0452 V           ; 0.248 V                              ; 0.108 V                              ; 2.67e-10 s                  ; 2.75e-10 s                  ; No                         ; Yes                        ; 2.62 V                      ; 9.95e-08 V                  ; 2.78 V             ; -0.0452 V          ; 0.248 V                             ; 0.108 V                             ; 2.67e-10 s                 ; 2.75e-10 s                 ; No                        ; Yes                       ;
; assigned_line[4] ; 2.5 V        ; 0 s                 ; 0 s                 ; 2.62 V                       ; 9.94e-08 V                   ; 2.78 V              ; -0.0444 V           ; 0.25 V                               ; 0.107 V                              ; 2.67e-10 s                  ; 2.75e-10 s                  ; No                         ; Yes                        ; 2.62 V                      ; 9.94e-08 V                  ; 2.78 V             ; -0.0444 V          ; 0.25 V                              ; 0.107 V                             ; 2.67e-10 s                 ; 2.75e-10 s                 ; No                        ; Yes                       ;
; assigned_line[3] ; 2.5 V        ; 0 s                 ; 0 s                 ; 2.62 V                       ; 9.94e-08 V                   ; 2.78 V              ; -0.0444 V           ; 0.25 V                               ; 0.107 V                              ; 2.67e-10 s                  ; 2.75e-10 s                  ; No                         ; Yes                        ; 2.62 V                      ; 9.94e-08 V                  ; 2.78 V             ; -0.0444 V          ; 0.25 V                              ; 0.107 V                             ; 2.67e-10 s                 ; 2.75e-10 s                 ; No                        ; Yes                       ;
; assigned_line[2] ; 2.5 V        ; 0 s                 ; 0 s                 ; 2.62 V                       ; 9.94e-08 V                   ; 2.78 V              ; -0.0444 V           ; 0.25 V                               ; 0.107 V                              ; 2.67e-10 s                  ; 2.75e-10 s                  ; No                         ; Yes                        ; 2.62 V                      ; 9.94e-08 V                  ; 2.78 V             ; -0.0444 V          ; 0.25 V                              ; 0.107 V                             ; 2.67e-10 s                 ; 2.75e-10 s                 ; No                        ; Yes                       ;
; assigned_line[1] ; 2.5 V        ; 0 s                 ; 0 s                 ; 2.62 V                       ; 9.94e-08 V                   ; 2.78 V              ; -0.0444 V           ; 0.25 V                               ; 0.107 V                              ; 2.67e-10 s                  ; 2.75e-10 s                  ; No                         ; Yes                        ; 2.62 V                      ; 9.94e-08 V                  ; 2.78 V             ; -0.0444 V          ; 0.25 V                              ; 0.107 V                             ; 2.67e-10 s                 ; 2.75e-10 s                 ; No                        ; Yes                       ;
; assigned_line[0] ; 2.5 V        ; 0 s                 ; 0 s                 ; 2.62 V                       ; 9.94e-08 V                   ; 2.78 V              ; -0.0444 V           ; 0.25 V                               ; 0.107 V                              ; 2.67e-10 s                  ; 2.75e-10 s                  ; No                         ; Yes                        ; 2.62 V                      ; 9.94e-08 V                  ; 2.78 V             ; -0.0444 V          ; 0.25 V                              ; 0.107 V                             ; 2.67e-10 s                 ; 2.75e-10 s                 ; No                        ; Yes                       ;
; c_imag[31]       ; 2.5 V        ; 0 s                 ; 0 s                 ; 2.62 V                       ; 9.94e-08 V                   ; 2.78 V              ; -0.0444 V           ; 0.25 V                               ; 0.107 V                              ; 2.67e-10 s                  ; 2.75e-10 s                  ; No                         ; Yes                        ; 2.62 V                      ; 9.94e-08 V                  ; 2.78 V             ; -0.0444 V          ; 0.25 V                              ; 0.107 V                             ; 2.67e-10 s                 ; 2.75e-10 s                 ; No                        ; Yes                       ;
; c_imag[30]       ; 2.5 V        ; 0 s                 ; 0 s                 ; 2.62 V                       ; 9.95e-08 V                   ; 2.77 V              ; -0.0486 V           ; 0.285 V                              ; 0.06 V                               ; 2.8e-10 s                   ; 3.04e-10 s                  ; No                         ; Yes                        ; 2.62 V                      ; 9.95e-08 V                  ; 2.77 V             ; -0.0486 V          ; 0.285 V                             ; 0.06 V                              ; 2.8e-10 s                  ; 3.04e-10 s                 ; No                        ; Yes                       ;
; c_imag[29]       ; 2.5 V        ; 0 s                 ; 0 s                 ; 2.62 V                       ; 9.95e-08 V                   ; 2.78 V              ; -0.0452 V           ; 0.248 V                              ; 0.108 V                              ; 2.67e-10 s                  ; 2.75e-10 s                  ; No                         ; Yes                        ; 2.62 V                      ; 9.95e-08 V                  ; 2.78 V             ; -0.0452 V          ; 0.248 V                             ; 0.108 V                             ; 2.67e-10 s                 ; 2.75e-10 s                 ; No                        ; Yes                       ;
; c_imag[28]       ; 2.5 V        ; 0 s                 ; 0 s                 ; 2.62 V                       ; 9.95e-08 V                   ; 2.78 V              ; -0.0452 V           ; 0.248 V                              ; 0.108 V                              ; 2.67e-10 s                  ; 2.75e-10 s                  ; No                         ; Yes                        ; 2.62 V                      ; 9.95e-08 V                  ; 2.78 V             ; -0.0452 V          ; 0.248 V                             ; 0.108 V                             ; 2.67e-10 s                 ; 2.75e-10 s                 ; No                        ; Yes                       ;
; c_imag[27]       ; 2.5 V        ; 0 s                 ; 0 s                 ; 2.62 V                       ; 9.95e-08 V                   ; 2.77 V              ; -0.0486 V           ; 0.285 V                              ; 0.06 V                               ; 2.8e-10 s                   ; 3.04e-10 s                  ; No                         ; Yes                        ; 2.62 V                      ; 9.95e-08 V                  ; 2.77 V             ; -0.0486 V          ; 0.285 V                             ; 0.06 V                              ; 2.8e-10 s                  ; 3.04e-10 s                 ; No                        ; Yes                       ;
; c_imag[26]       ; 2.5 V        ; 0 s                 ; 0 s                 ; 2.62 V                       ; 9.94e-08 V                   ; 2.78 V              ; -0.0444 V           ; 0.25 V                               ; 0.107 V                              ; 2.67e-10 s                  ; 2.75e-10 s                  ; No                         ; Yes                        ; 2.62 V                      ; 9.94e-08 V                  ; 2.78 V             ; -0.0444 V          ; 0.25 V                              ; 0.107 V                             ; 2.67e-10 s                 ; 2.75e-10 s                 ; No                        ; Yes                       ;
; c_imag[25]       ; 2.5 V        ; 0 s                 ; 0 s                 ; 2.62 V                       ; 9.94e-08 V                   ; 2.77 V              ; -0.0485 V           ; 0.289 V                              ; 0.058 V                              ; 2.81e-10 s                  ; 3.04e-10 s                  ; No                         ; Yes                        ; 2.62 V                      ; 9.94e-08 V                  ; 2.77 V             ; -0.0485 V          ; 0.289 V                             ; 0.058 V                             ; 2.81e-10 s                 ; 3.04e-10 s                 ; No                        ; Yes                       ;
; c_imag[24]       ; 2.5 V        ; 0 s                 ; 0 s                 ; 2.62 V                       ; 9.94e-08 V                   ; 2.77 V              ; -0.0485 V           ; 0.289 V                              ; 0.058 V                              ; 2.81e-10 s                  ; 3.04e-10 s                  ; No                         ; Yes                        ; 2.62 V                      ; 9.94e-08 V                  ; 2.77 V             ; -0.0485 V          ; 0.289 V                             ; 0.058 V                             ; 2.81e-10 s                 ; 3.04e-10 s                 ; No                        ; Yes                       ;
; c_imag[23]       ; 2.5 V        ; 0 s                 ; 0 s                 ; 2.62 V                       ; 9.95e-08 V                   ; 2.78 V              ; -0.0452 V           ; 0.248 V                              ; 0.108 V                              ; 2.67e-10 s                  ; 2.75e-10 s                  ; No                         ; Yes                        ; 2.62 V                      ; 9.95e-08 V                  ; 2.78 V             ; -0.0452 V          ; 0.248 V                             ; 0.108 V                             ; 2.67e-10 s                 ; 2.75e-10 s                 ; No                        ; Yes                       ;
; c_imag[22]       ; 2.5 V        ; 0 s                 ; 0 s                 ; 2.62 V                       ; 9.95e-08 V                   ; 2.77 V              ; -0.0486 V           ; 0.285 V                              ; 0.06 V                               ; 2.8e-10 s                   ; 3.04e-10 s                  ; No                         ; Yes                        ; 2.62 V                      ; 9.95e-08 V                  ; 2.77 V             ; -0.0486 V          ; 0.285 V                             ; 0.06 V                              ; 2.8e-10 s                  ; 3.04e-10 s                 ; No                        ; Yes                       ;
; c_imag[21]       ; 2.5 V        ; 0 s                 ; 0 s                 ; 2.62 V                       ; 9.94e-08 V                   ; 2.78 V              ; -0.0444 V           ; 0.25 V                               ; 0.107 V                              ; 2.67e-10 s                  ; 2.75e-10 s                  ; No                         ; Yes                        ; 2.62 V                      ; 9.94e-08 V                  ; 2.78 V             ; -0.0444 V          ; 0.25 V                              ; 0.107 V                             ; 2.67e-10 s                 ; 2.75e-10 s                 ; No                        ; Yes                       ;
; c_imag[20]       ; 2.5 V        ; 0 s                 ; 0 s                 ; 2.62 V                       ; 9.95e-08 V                   ; 2.77 V              ; -0.0486 V           ; 0.285 V                              ; 0.06 V                               ; 2.8e-10 s                   ; 3.04e-10 s                  ; No                         ; Yes                        ; 2.62 V                      ; 9.95e-08 V                  ; 2.77 V             ; -0.0486 V          ; 0.285 V                             ; 0.06 V                              ; 2.8e-10 s                  ; 3.04e-10 s                 ; No                        ; Yes                       ;
; c_imag[19]       ; 2.5 V        ; 0 s                 ; 0 s                 ; 2.62 V                       ; 9.94e-08 V                   ; 2.78 V              ; -0.0444 V           ; 0.25 V                               ; 0.107 V                              ; 2.67e-10 s                  ; 2.75e-10 s                  ; No                         ; Yes                        ; 2.62 V                      ; 9.94e-08 V                  ; 2.78 V             ; -0.0444 V          ; 0.25 V                              ; 0.107 V                             ; 2.67e-10 s                 ; 2.75e-10 s                 ; No                        ; Yes                       ;
; c_imag[18]       ; 2.5 V        ; 0 s                 ; 0 s                 ; 2.62 V                       ; 9.95e-08 V                   ; 2.78 V              ; -0.0452 V           ; 0.248 V                              ; 0.108 V                              ; 2.67e-10 s                  ; 2.75e-10 s                  ; No                         ; Yes                        ; 2.62 V                      ; 9.95e-08 V                  ; 2.78 V             ; -0.0452 V          ; 0.248 V                             ; 0.108 V                             ; 2.67e-10 s                 ; 2.75e-10 s                 ; No                        ; Yes                       ;
; c_imag[17]       ; 2.5 V        ; 0 s                 ; 0 s                 ; 2.62 V                       ; 9.94e-08 V                   ; 2.77 V              ; -0.0485 V           ; 0.289 V                              ; 0.058 V                              ; 2.81e-10 s                  ; 3.04e-10 s                  ; No                         ; Yes                        ; 2.62 V                      ; 9.94e-08 V                  ; 2.77 V             ; -0.0485 V          ; 0.289 V                             ; 0.058 V                             ; 2.81e-10 s                 ; 3.04e-10 s                 ; No                        ; Yes                       ;
; c_imag[16]       ; 2.5 V        ; 0 s                 ; 0 s                 ; 2.62 V                       ; 9.94e-08 V                   ; 2.77 V              ; -0.0485 V           ; 0.289 V                              ; 0.058 V                              ; 2.81e-10 s                  ; 3.04e-10 s                  ; No                         ; Yes                        ; 2.62 V                      ; 9.94e-08 V                  ; 2.77 V             ; -0.0485 V          ; 0.289 V                             ; 0.058 V                             ; 2.81e-10 s                 ; 3.04e-10 s                 ; No                        ; Yes                       ;
; c_imag[15]       ; 2.5 V        ; 0 s                 ; 0 s                 ; 2.62 V                       ; 9.95e-08 V                   ; 2.77 V              ; -0.0486 V           ; 0.285 V                              ; 0.06 V                               ; 2.8e-10 s                   ; 3.04e-10 s                  ; No                         ; Yes                        ; 2.62 V                      ; 9.95e-08 V                  ; 2.77 V             ; -0.0486 V          ; 0.285 V                             ; 0.06 V                              ; 2.8e-10 s                  ; 3.04e-10 s                 ; No                        ; Yes                       ;
; c_imag[14]       ; 2.5 V        ; 0 s                 ; 0 s                 ; 2.62 V                       ; 9.94e-08 V                   ; 2.77 V              ; -0.0485 V           ; 0.289 V                              ; 0.058 V                              ; 2.81e-10 s                  ; 3.04e-10 s                  ; No                         ; Yes                        ; 2.62 V                      ; 9.94e-08 V                  ; 2.77 V             ; -0.0485 V          ; 0.289 V                             ; 0.058 V                             ; 2.81e-10 s                 ; 3.04e-10 s                 ; No                        ; Yes                       ;
; c_imag[13]       ; 2.5 V        ; 0 s                 ; 0 s                 ; 2.62 V                       ; 9.94e-08 V                   ; 2.77 V              ; -0.0485 V           ; 0.289 V                              ; 0.058 V                              ; 2.81e-10 s                  ; 3.04e-10 s                  ; No                         ; Yes                        ; 2.62 V                      ; 9.94e-08 V                  ; 2.77 V             ; -0.0485 V          ; 0.289 V                             ; 0.058 V                             ; 2.81e-10 s                 ; 3.04e-10 s                 ; No                        ; Yes                       ;
; c_imag[12]       ; 2.5 V        ; 0 s                 ; 0 s                 ; 2.62 V                       ; 9.94e-08 V                   ; 2.78 V              ; -0.0444 V           ; 0.25 V                               ; 0.107 V                              ; 2.67e-10 s                  ; 2.75e-10 s                  ; No                         ; Yes                        ; 2.62 V                      ; 9.94e-08 V                  ; 2.78 V             ; -0.0444 V          ; 0.25 V                              ; 0.107 V                             ; 2.67e-10 s                 ; 2.75e-10 s                 ; No                        ; Yes                       ;
; c_imag[11]       ; 2.5 V        ; 0 s                 ; 0 s                 ; 2.62 V                       ; 9.95e-08 V                   ; 2.78 V              ; -0.0452 V           ; 0.248 V                              ; 0.108 V                              ; 2.67e-10 s                  ; 2.75e-10 s                  ; No                         ; Yes                        ; 2.62 V                      ; 9.95e-08 V                  ; 2.78 V             ; -0.0452 V          ; 0.248 V                             ; 0.108 V                             ; 2.67e-10 s                 ; 2.75e-10 s                 ; No                        ; Yes                       ;
; c_imag[10]       ; 2.5 V        ; 0 s                 ; 0 s                 ; 2.62 V                       ; 9.94e-08 V                   ; 2.77 V              ; -0.0485 V           ; 0.289 V                              ; 0.058 V                              ; 2.81e-10 s                  ; 3.04e-10 s                  ; No                         ; Yes                        ; 2.62 V                      ; 9.94e-08 V                  ; 2.77 V             ; -0.0485 V          ; 0.289 V                             ; 0.058 V                             ; 2.81e-10 s                 ; 3.04e-10 s                 ; No                        ; Yes                       ;
; c_imag[9]        ; 2.5 V        ; 0 s                 ; 0 s                 ; 2.62 V                       ; 9.94e-08 V                   ; 2.78 V              ; -0.0444 V           ; 0.25 V                               ; 0.107 V                              ; 2.67e-10 s                  ; 2.75e-10 s                  ; No                         ; Yes                        ; 2.62 V                      ; 9.94e-08 V                  ; 2.78 V             ; -0.0444 V          ; 0.25 V                              ; 0.107 V                             ; 2.67e-10 s                 ; 2.75e-10 s                 ; No                        ; Yes                       ;
; c_imag[8]        ; 2.5 V        ; 0 s                 ; 0 s                 ; 2.62 V                       ; 9.95e-08 V                   ; 2.77 V              ; -0.0486 V           ; 0.285 V                              ; 0.06 V                               ; 2.8e-10 s                   ; 3.04e-10 s                  ; No                         ; Yes                        ; 2.62 V                      ; 9.95e-08 V                  ; 2.77 V             ; -0.0486 V          ; 0.285 V                             ; 0.06 V                              ; 2.8e-10 s                  ; 3.04e-10 s                 ; No                        ; Yes                       ;
; c_imag[7]        ; 2.5 V        ; 0 s                 ; 0 s                 ; 2.62 V                       ; 9.94e-08 V                   ; 2.77 V              ; -0.0485 V           ; 0.289 V                              ; 0.058 V                              ; 2.81e-10 s                  ; 3.04e-10 s                  ; No                         ; Yes                        ; 2.62 V                      ; 9.94e-08 V                  ; 2.77 V             ; -0.0485 V          ; 0.289 V                             ; 0.058 V                             ; 2.81e-10 s                 ; 3.04e-10 s                 ; No                        ; Yes                       ;
; c_imag[6]        ; 2.5 V        ; 0 s                 ; 0 s                 ; 2.62 V                       ; 9.94e-08 V                   ; 2.77 V              ; -0.0485 V           ; 0.289 V                              ; 0.058 V                              ; 2.81e-10 s                  ; 3.04e-10 s                  ; No                         ; Yes                        ; 2.62 V                      ; 9.94e-08 V                  ; 2.77 V             ; -0.0485 V          ; 0.289 V                             ; 0.058 V                             ; 2.81e-10 s                 ; 3.04e-10 s                 ; No                        ; Yes                       ;
; c_imag[5]        ; 2.5 V        ; 0 s                 ; 0 s                 ; 2.62 V                       ; 9.95e-08 V                   ; 2.78 V              ; -0.0452 V           ; 0.248 V                              ; 0.108 V                              ; 2.67e-10 s                  ; 2.75e-10 s                  ; No                         ; Yes                        ; 2.62 V                      ; 9.95e-08 V                  ; 2.78 V             ; -0.0452 V          ; 0.248 V                             ; 0.108 V                             ; 2.67e-10 s                 ; 2.75e-10 s                 ; No                        ; Yes                       ;
; c_imag[4]        ; 2.5 V        ; 0 s                 ; 0 s                 ; 2.62 V                       ; 9.95e-08 V                   ; 2.77 V              ; -0.0486 V           ; 0.285 V                              ; 0.06 V                               ; 2.8e-10 s                   ; 3.04e-10 s                  ; No                         ; Yes                        ; 2.62 V                      ; 9.95e-08 V                  ; 2.77 V             ; -0.0486 V          ; 0.285 V                             ; 0.06 V                              ; 2.8e-10 s                  ; 3.04e-10 s                 ; No                        ; Yes                       ;
; c_imag[3]        ; 2.5 V        ; 0 s                 ; 0 s                 ; 2.62 V                       ; 9.94e-08 V                   ; 2.77 V              ; -0.0485 V           ; 0.289 V                              ; 0.058 V                              ; 2.81e-10 s                  ; 3.04e-10 s                  ; No                         ; Yes                        ; 2.62 V                      ; 9.94e-08 V                  ; 2.77 V             ; -0.0485 V          ; 0.289 V                             ; 0.058 V                             ; 2.81e-10 s                 ; 3.04e-10 s                 ; No                        ; Yes                       ;
; c_imag[2]        ; 2.5 V        ; 0 s                 ; 0 s                 ; 2.62 V                       ; 9.95e-08 V                   ; 2.77 V              ; -0.0486 V           ; 0.285 V                              ; 0.06 V                               ; 2.8e-10 s                   ; 3.04e-10 s                  ; No                         ; Yes                        ; 2.62 V                      ; 9.95e-08 V                  ; 2.77 V             ; -0.0486 V          ; 0.285 V                             ; 0.06 V                              ; 2.8e-10 s                  ; 3.04e-10 s                 ; No                        ; Yes                       ;
; c_imag[1]        ; 2.5 V        ; 0 s                 ; 0 s                 ; 2.62 V                       ; 9.94e-08 V                   ; 2.77 V              ; -0.0485 V           ; 0.289 V                              ; 0.058 V                              ; 2.81e-10 s                  ; 3.04e-10 s                  ; No                         ; Yes                        ; 2.62 V                      ; 9.94e-08 V                  ; 2.77 V             ; -0.0485 V          ; 0.289 V                             ; 0.058 V                             ; 2.81e-10 s                 ; 3.04e-10 s                 ; No                        ; Yes                       ;
; c_imag[0]        ; 2.5 V        ; 0 s                 ; 0 s                 ; 2.62 V                       ; 9.95e-08 V                   ; 2.78 V              ; -0.0452 V           ; 0.248 V                              ; 0.108 V                              ; 2.67e-10 s                  ; 2.75e-10 s                  ; No                         ; Yes                        ; 2.62 V                      ; 9.95e-08 V                  ; 2.78 V             ; -0.0452 V          ; 0.248 V                             ; 0.108 V                             ; 2.67e-10 s                 ; 2.75e-10 s                 ; No                        ; Yes                       ;
; c_real[31]       ; 2.5 V        ; 0 s                 ; 0 s                 ; 2.62 V                       ; 9.94e-08 V                   ; 2.78 V              ; -0.0444 V           ; 0.25 V                               ; 0.107 V                              ; 2.67e-10 s                  ; 2.75e-10 s                  ; No                         ; Yes                        ; 2.62 V                      ; 9.94e-08 V                  ; 2.78 V             ; -0.0444 V          ; 0.25 V                              ; 0.107 V                             ; 2.67e-10 s                 ; 2.75e-10 s                 ; No                        ; Yes                       ;
; c_real[30]       ; 2.5 V        ; 0 s                 ; 0 s                 ; 2.62 V                       ; 9.95e-08 V                   ; 2.77 V              ; -0.0486 V           ; 0.285 V                              ; 0.06 V                               ; 2.8e-10 s                   ; 3.04e-10 s                  ; No                         ; Yes                        ; 2.62 V                      ; 9.95e-08 V                  ; 2.77 V             ; -0.0486 V          ; 0.285 V                             ; 0.06 V                              ; 2.8e-10 s                  ; 3.04e-10 s                 ; No                        ; Yes                       ;
; c_real[29]       ; 2.5 V        ; 0 s                 ; 0 s                 ; 2.62 V                       ; 9.95e-08 V                   ; 2.77 V              ; -0.0486 V           ; 0.285 V                              ; 0.06 V                               ; 2.8e-10 s                   ; 3.04e-10 s                  ; No                         ; Yes                        ; 2.62 V                      ; 9.95e-08 V                  ; 2.77 V             ; -0.0486 V          ; 0.285 V                             ; 0.06 V                              ; 2.8e-10 s                  ; 3.04e-10 s                 ; No                        ; Yes                       ;
; c_real[28]       ; 2.5 V        ; 0 s                 ; 0 s                 ; 2.62 V                       ; 9.95e-08 V                   ; 2.78 V              ; -0.0452 V           ; 0.248 V                              ; 0.108 V                              ; 2.67e-10 s                  ; 2.75e-10 s                  ; No                         ; Yes                        ; 2.62 V                      ; 9.95e-08 V                  ; 2.78 V             ; -0.0452 V          ; 0.248 V                             ; 0.108 V                             ; 2.67e-10 s                 ; 2.75e-10 s                 ; No                        ; Yes                       ;
; c_real[27]       ; 2.5 V        ; 0 s                 ; 0 s                 ; 2.62 V                       ; 9.94e-08 V                   ; 2.77 V              ; -0.0485 V           ; 0.289 V                              ; 0.058 V                              ; 2.81e-10 s                  ; 3.04e-10 s                  ; No                         ; Yes                        ; 2.62 V                      ; 9.94e-08 V                  ; 2.77 V             ; -0.0485 V          ; 0.289 V                             ; 0.058 V                             ; 2.81e-10 s                 ; 3.04e-10 s                 ; No                        ; Yes                       ;
; c_real[26]       ; 2.5 V        ; 0 s                 ; 0 s                 ; 2.62 V                       ; 9.94e-08 V                   ; 2.78 V              ; -0.0444 V           ; 0.25 V                               ; 0.107 V                              ; 2.67e-10 s                  ; 2.75e-10 s                  ; No                         ; Yes                        ; 2.62 V                      ; 9.94e-08 V                  ; 2.78 V             ; -0.0444 V          ; 0.25 V                              ; 0.107 V                             ; 2.67e-10 s                 ; 2.75e-10 s                 ; No                        ; Yes                       ;
; c_real[25]       ; 2.5 V        ; 0 s                 ; 0 s                 ; 2.62 V                       ; 9.94e-08 V                   ; 2.77 V              ; -0.0485 V           ; 0.289 V                              ; 0.058 V                              ; 2.81e-10 s                  ; 3.04e-10 s                  ; No                         ; Yes                        ; 2.62 V                      ; 9.94e-08 V                  ; 2.77 V             ; -0.0485 V          ; 0.289 V                             ; 0.058 V                             ; 2.81e-10 s                 ; 3.04e-10 s                 ; No                        ; Yes                       ;
; c_real[24]       ; 2.5 V        ; 0 s                 ; 0 s                 ; 2.62 V                       ; 9.94e-08 V                   ; 2.78 V              ; -0.0444 V           ; 0.25 V                               ; 0.107 V                              ; 2.67e-10 s                  ; 2.75e-10 s                  ; No                         ; Yes                        ; 2.62 V                      ; 9.94e-08 V                  ; 2.78 V             ; -0.0444 V          ; 0.25 V                              ; 0.107 V                             ; 2.67e-10 s                 ; 2.75e-10 s                 ; No                        ; Yes                       ;
; c_real[23]       ; 2.5 V        ; 0 s                 ; 0 s                 ; 2.62 V                       ; 9.95e-08 V                   ; 2.78 V              ; -0.0452 V           ; 0.248 V                              ; 0.108 V                              ; 2.67e-10 s                  ; 2.75e-10 s                  ; No                         ; Yes                        ; 2.62 V                      ; 9.95e-08 V                  ; 2.78 V             ; -0.0452 V          ; 0.248 V                             ; 0.108 V                             ; 2.67e-10 s                 ; 2.75e-10 s                 ; No                        ; Yes                       ;
; c_real[22]       ; 2.5 V        ; 0 s                 ; 0 s                 ; 2.62 V                       ; 9.95e-08 V                   ; 2.77 V              ; -0.0486 V           ; 0.285 V                              ; 0.06 V                               ; 2.8e-10 s                   ; 3.04e-10 s                  ; No                         ; Yes                        ; 2.62 V                      ; 9.95e-08 V                  ; 2.77 V             ; -0.0486 V          ; 0.285 V                             ; 0.06 V                              ; 2.8e-10 s                  ; 3.04e-10 s                 ; No                        ; Yes                       ;
; c_real[21]       ; 2.5 V        ; 0 s                 ; 0 s                 ; 2.62 V                       ; 9.95e-08 V                   ; 2.78 V              ; -0.0452 V           ; 0.248 V                              ; 0.108 V                              ; 2.67e-10 s                  ; 2.75e-10 s                  ; No                         ; Yes                        ; 2.62 V                      ; 9.95e-08 V                  ; 2.78 V             ; -0.0452 V          ; 0.248 V                             ; 0.108 V                             ; 2.67e-10 s                 ; 2.75e-10 s                 ; No                        ; Yes                       ;
; c_real[20]       ; 2.5 V        ; 0 s                 ; 0 s                 ; 2.62 V                       ; 9.95e-08 V                   ; 2.77 V              ; -0.0486 V           ; 0.285 V                              ; 0.06 V                               ; 2.8e-10 s                   ; 3.04e-10 s                  ; No                         ; Yes                        ; 2.62 V                      ; 9.95e-08 V                  ; 2.77 V             ; -0.0486 V          ; 0.285 V                             ; 0.06 V                              ; 2.8e-10 s                  ; 3.04e-10 s                 ; No                        ; Yes                       ;
; c_real[19]       ; 2.5 V        ; 0 s                 ; 0 s                 ; 2.62 V                       ; 9.95e-08 V                   ; 2.78 V              ; -0.0452 V           ; 0.248 V                              ; 0.108 V                              ; 2.67e-10 s                  ; 2.75e-10 s                  ; No                         ; Yes                        ; 2.62 V                      ; 9.95e-08 V                  ; 2.78 V             ; -0.0452 V          ; 0.248 V                             ; 0.108 V                             ; 2.67e-10 s                 ; 2.75e-10 s                 ; No                        ; Yes                       ;
; c_real[18]       ; 2.5 V        ; 0 s                 ; 0 s                 ; 2.62 V                       ; 9.95e-08 V                   ; 2.78 V              ; -0.0452 V           ; 0.248 V                              ; 0.108 V                              ; 2.67e-10 s                  ; 2.75e-10 s                  ; No                         ; Yes                        ; 2.62 V                      ; 9.95e-08 V                  ; 2.78 V             ; -0.0452 V          ; 0.248 V                             ; 0.108 V                             ; 2.67e-10 s                 ; 2.75e-10 s                 ; No                        ; Yes                       ;
; c_real[17]       ; 2.5 V        ; 0 s                 ; 0 s                 ; 2.62 V                       ; 9.95e-08 V                   ; 2.77 V              ; -0.0486 V           ; 0.285 V                              ; 0.06 V                               ; 2.8e-10 s                   ; 3.04e-10 s                  ; No                         ; Yes                        ; 2.62 V                      ; 9.95e-08 V                  ; 2.77 V             ; -0.0486 V          ; 0.285 V                             ; 0.06 V                              ; 2.8e-10 s                  ; 3.04e-10 s                 ; No                        ; Yes                       ;
; c_real[16]       ; 2.5 V        ; 0 s                 ; 0 s                 ; 2.62 V                       ; 9.95e-08 V                   ; 2.78 V              ; -0.0452 V           ; 0.248 V                              ; 0.108 V                              ; 2.67e-10 s                  ; 2.75e-10 s                  ; No                         ; Yes                        ; 2.62 V                      ; 9.95e-08 V                  ; 2.78 V             ; -0.0452 V          ; 0.248 V                             ; 0.108 V                             ; 2.67e-10 s                 ; 2.75e-10 s                 ; No                        ; Yes                       ;
; c_real[15]       ; 2.5 V        ; 0 s                 ; 0 s                 ; 2.62 V                       ; 9.94e-08 V                   ; 2.78 V              ; -0.0444 V           ; 0.25 V                               ; 0.107 V                              ; 2.67e-10 s                  ; 2.75e-10 s                  ; No                         ; Yes                        ; 2.62 V                      ; 9.94e-08 V                  ; 2.78 V             ; -0.0444 V          ; 0.25 V                              ; 0.107 V                             ; 2.67e-10 s                 ; 2.75e-10 s                 ; No                        ; Yes                       ;
; c_real[14]       ; 2.5 V        ; 0 s                 ; 0 s                 ; 2.62 V                       ; 9.94e-08 V                   ; 2.77 V              ; -0.0485 V           ; 0.289 V                              ; 0.058 V                              ; 2.81e-10 s                  ; 3.04e-10 s                  ; No                         ; Yes                        ; 2.62 V                      ; 9.94e-08 V                  ; 2.77 V             ; -0.0485 V          ; 0.289 V                             ; 0.058 V                             ; 2.81e-10 s                 ; 3.04e-10 s                 ; No                        ; Yes                       ;
; c_real[13]       ; 2.5 V        ; 0 s                 ; 0 s                 ; 2.62 V                       ; 9.94e-08 V                   ; 2.77 V              ; -0.0485 V           ; 0.289 V                              ; 0.058 V                              ; 2.81e-10 s                  ; 3.04e-10 s                  ; No                         ; Yes                        ; 2.62 V                      ; 9.94e-08 V                  ; 2.77 V             ; -0.0485 V          ; 0.289 V                             ; 0.058 V                             ; 2.81e-10 s                 ; 3.04e-10 s                 ; No                        ; Yes                       ;
; c_real[12]       ; 2.5 V        ; 0 s                 ; 0 s                 ; 2.62 V                       ; 9.95e-08 V                   ; 2.77 V              ; -0.0486 V           ; 0.285 V                              ; 0.06 V                               ; 2.8e-10 s                   ; 3.04e-10 s                  ; No                         ; Yes                        ; 2.62 V                      ; 9.95e-08 V                  ; 2.77 V             ; -0.0486 V          ; 0.285 V                             ; 0.06 V                              ; 2.8e-10 s                  ; 3.04e-10 s                 ; No                        ; Yes                       ;
; c_real[11]       ; 2.5 V        ; 0 s                 ; 0 s                 ; 2.62 V                       ; 9.94e-08 V                   ; 2.78 V              ; -0.0444 V           ; 0.25 V                               ; 0.107 V                              ; 2.67e-10 s                  ; 2.75e-10 s                  ; No                         ; Yes                        ; 2.62 V                      ; 9.94e-08 V                  ; 2.78 V             ; -0.0444 V          ; 0.25 V                              ; 0.107 V                             ; 2.67e-10 s                 ; 2.75e-10 s                 ; No                        ; Yes                       ;
; c_real[10]       ; 2.5 V        ; 0 s                 ; 0 s                 ; 2.62 V                       ; 9.95e-08 V                   ; 2.78 V              ; -0.0452 V           ; 0.248 V                              ; 0.108 V                              ; 2.67e-10 s                  ; 2.75e-10 s                  ; No                         ; Yes                        ; 2.62 V                      ; 9.95e-08 V                  ; 2.78 V             ; -0.0452 V          ; 0.248 V                             ; 0.108 V                             ; 2.67e-10 s                 ; 2.75e-10 s                 ; No                        ; Yes                       ;
; c_real[9]        ; 2.5 V        ; 0 s                 ; 0 s                 ; 2.62 V                       ; 9.95e-08 V                   ; 2.78 V              ; -0.0452 V           ; 0.248 V                              ; 0.108 V                              ; 2.67e-10 s                  ; 2.75e-10 s                  ; No                         ; Yes                        ; 2.62 V                      ; 9.95e-08 V                  ; 2.78 V             ; -0.0452 V          ; 0.248 V                             ; 0.108 V                             ; 2.67e-10 s                 ; 2.75e-10 s                 ; No                        ; Yes                       ;
; c_real[8]        ; 2.5 V        ; 0 s                 ; 0 s                 ; 2.62 V                       ; 9.95e-08 V                   ; 2.78 V              ; -0.0452 V           ; 0.248 V                              ; 0.108 V                              ; 2.67e-10 s                  ; 2.75e-10 s                  ; No                         ; Yes                        ; 2.62 V                      ; 9.95e-08 V                  ; 2.78 V             ; -0.0452 V          ; 0.248 V                             ; 0.108 V                             ; 2.67e-10 s                 ; 2.75e-10 s                 ; No                        ; Yes                       ;
; c_real[7]        ; 2.5 V        ; 0 s                 ; 0 s                 ; 2.62 V                       ; 9.94e-08 V                   ; 2.78 V              ; -0.0444 V           ; 0.25 V                               ; 0.107 V                              ; 2.67e-10 s                  ; 2.75e-10 s                  ; No                         ; Yes                        ; 2.62 V                      ; 9.94e-08 V                  ; 2.78 V             ; -0.0444 V          ; 0.25 V                              ; 0.107 V                             ; 2.67e-10 s                 ; 2.75e-10 s                 ; No                        ; Yes                       ;
; c_real[6]        ; 2.5 V        ; 0 s                 ; 0 s                 ; 2.62 V                       ; 9.95e-08 V                   ; 2.77 V              ; -0.0486 V           ; 0.285 V                              ; 0.06 V                               ; 2.8e-10 s                   ; 3.04e-10 s                  ; No                         ; Yes                        ; 2.62 V                      ; 9.95e-08 V                  ; 2.77 V             ; -0.0486 V          ; 0.285 V                             ; 0.06 V                              ; 2.8e-10 s                  ; 3.04e-10 s                 ; No                        ; Yes                       ;
; c_real[5]        ; 2.5 V        ; 0 s                 ; 0 s                 ; 2.62 V                       ; 9.95e-08 V                   ; 2.78 V              ; -0.0452 V           ; 0.248 V                              ; 0.108 V                              ; 2.67e-10 s                  ; 2.75e-10 s                  ; No                         ; Yes                        ; 2.62 V                      ; 9.95e-08 V                  ; 2.78 V             ; -0.0452 V          ; 0.248 V                             ; 0.108 V                             ; 2.67e-10 s                 ; 2.75e-10 s                 ; No                        ; Yes                       ;
; c_real[4]        ; 2.5 V        ; 0 s                 ; 0 s                 ; 2.62 V                       ; 9.95e-08 V                   ; 2.78 V              ; -0.0452 V           ; 0.248 V                              ; 0.108 V                              ; 2.67e-10 s                  ; 2.75e-10 s                  ; No                         ; Yes                        ; 2.62 V                      ; 9.95e-08 V                  ; 2.78 V             ; -0.0452 V          ; 0.248 V                             ; 0.108 V                             ; 2.67e-10 s                 ; 2.75e-10 s                 ; No                        ; Yes                       ;
; c_real[3]        ; 2.5 V        ; 0 s                 ; 0 s                 ; 2.62 V                       ; 9.95e-08 V                   ; 2.77 V              ; -0.0486 V           ; 0.285 V                              ; 0.06 V                               ; 2.8e-10 s                   ; 3.04e-10 s                  ; No                         ; Yes                        ; 2.62 V                      ; 9.95e-08 V                  ; 2.77 V             ; -0.0486 V          ; 0.285 V                             ; 0.06 V                              ; 2.8e-10 s                  ; 3.04e-10 s                 ; No                        ; Yes                       ;
; c_real[2]        ; 2.5 V        ; 0 s                 ; 0 s                 ; 2.62 V                       ; 9.94e-08 V                   ; 2.78 V              ; -0.0444 V           ; 0.25 V                               ; 0.107 V                              ; 2.67e-10 s                  ; 2.75e-10 s                  ; No                         ; Yes                        ; 2.62 V                      ; 9.94e-08 V                  ; 2.78 V             ; -0.0444 V          ; 0.25 V                              ; 0.107 V                             ; 2.67e-10 s                 ; 2.75e-10 s                 ; No                        ; Yes                       ;
; c_real[1]        ; 2.5 V        ; 0 s                 ; 0 s                 ; 2.62 V                       ; 9.94e-08 V                   ; 2.77 V              ; -0.0485 V           ; 0.289 V                              ; 0.058 V                              ; 2.81e-10 s                  ; 3.04e-10 s                  ; No                         ; Yes                        ; 2.62 V                      ; 9.94e-08 V                  ; 2.77 V             ; -0.0485 V          ; 0.289 V                             ; 0.058 V                             ; 2.81e-10 s                 ; 3.04e-10 s                 ; No                        ; Yes                       ;
; c_real[0]        ; 2.5 V        ; 0 s                 ; 0 s                 ; 2.62 V                       ; 9.94e-08 V                   ; 2.78 V              ; -0.0444 V           ; 0.25 V                               ; 0.107 V                              ; 2.67e-10 s                  ; 2.75e-10 s                  ; No                         ; Yes                        ; 2.62 V                      ; 9.94e-08 V                  ; 2.78 V             ; -0.0444 V          ; 0.25 V                              ; 0.107 V                             ; 2.67e-10 s                 ; 2.75e-10 s                 ; No                        ; Yes                       ;
; o_blue_out[2]    ; 2.5 V        ; 0 s                 ; 0 s                 ; 2.62 V                       ; 9.94e-08 V                   ; 2.78 V              ; -0.0444 V           ; 0.25 V                               ; 0.107 V                              ; 2.67e-10 s                  ; 2.75e-10 s                  ; No                         ; Yes                        ; 2.62 V                      ; 9.94e-08 V                  ; 2.78 V             ; -0.0444 V          ; 0.25 V                              ; 0.107 V                             ; 2.67e-10 s                 ; 2.75e-10 s                 ; No                        ; Yes                       ;
; o_blue_out[1]    ; 2.5 V        ; 0 s                 ; 0 s                 ; 2.62 V                       ; 9.95e-08 V                   ; 2.78 V              ; -0.0452 V           ; 0.248 V                              ; 0.108 V                              ; 2.67e-10 s                  ; 2.75e-10 s                  ; No                         ; Yes                        ; 2.62 V                      ; 9.95e-08 V                  ; 2.78 V             ; -0.0452 V          ; 0.248 V                             ; 0.108 V                             ; 2.67e-10 s                 ; 2.75e-10 s                 ; No                        ; Yes                       ;
; o_blue_out[0]    ; 2.5 V        ; 0 s                 ; 0 s                 ; 2.62 V                       ; 9.94e-08 V                   ; 2.78 V              ; -0.0444 V           ; 0.25 V                               ; 0.107 V                              ; 2.67e-10 s                  ; 2.75e-10 s                  ; No                         ; Yes                        ; 2.62 V                      ; 9.94e-08 V                  ; 2.78 V             ; -0.0444 V          ; 0.25 V                              ; 0.107 V                             ; 2.67e-10 s                 ; 2.75e-10 s                 ; No                        ; Yes                       ;
; o_green_out[2]   ; 2.5 V        ; 0 s                 ; 0 s                 ; 2.62 V                       ; 9.94e-08 V                   ; 2.78 V              ; -0.0444 V           ; 0.25 V                               ; 0.107 V                              ; 2.67e-10 s                  ; 2.75e-10 s                  ; No                         ; Yes                        ; 2.62 V                      ; 9.94e-08 V                  ; 2.78 V             ; -0.0444 V          ; 0.25 V                              ; 0.107 V                             ; 2.67e-10 s                 ; 2.75e-10 s                 ; No                        ; Yes                       ;
; o_green_out[1]   ; 2.5 V        ; 0 s                 ; 0 s                 ; 2.62 V                       ; 9.95e-08 V                   ; 2.78 V              ; -0.0452 V           ; 0.248 V                              ; 0.108 V                              ; 2.67e-10 s                  ; 2.75e-10 s                  ; No                         ; Yes                        ; 2.62 V                      ; 9.95e-08 V                  ; 2.78 V             ; -0.0452 V          ; 0.248 V                             ; 0.108 V                             ; 2.67e-10 s                 ; 2.75e-10 s                 ; No                        ; Yes                       ;
; o_green_out[0]   ; 2.5 V        ; 0 s                 ; 0 s                 ; 2.62 V                       ; 9.94e-08 V                   ; 2.78 V              ; -0.0444 V           ; 0.25 V                               ; 0.107 V                              ; 2.67e-10 s                  ; 2.75e-10 s                  ; No                         ; Yes                        ; 2.62 V                      ; 9.94e-08 V                  ; 2.78 V             ; -0.0444 V          ; 0.25 V                              ; 0.107 V                             ; 2.67e-10 s                 ; 2.75e-10 s                 ; No                        ; Yes                       ;
; o_pixel_x[9]     ; 2.5 V        ; 0 s                 ; 0 s                 ; 2.62 V                       ; 9.94e-08 V                   ; 2.78 V              ; -0.0444 V           ; 0.25 V                               ; 0.107 V                              ; 2.67e-10 s                  ; 2.75e-10 s                  ; No                         ; Yes                        ; 2.62 V                      ; 9.94e-08 V                  ; 2.78 V             ; -0.0444 V          ; 0.25 V                              ; 0.107 V                             ; 2.67e-10 s                 ; 2.75e-10 s                 ; No                        ; Yes                       ;
; o_pixel_x[8]     ; 2.5 V        ; 0 s                 ; 0 s                 ; 2.62 V                       ; 9.95e-08 V                   ; 2.78 V              ; -0.0452 V           ; 0.248 V                              ; 0.108 V                              ; 2.67e-10 s                  ; 2.75e-10 s                  ; No                         ; Yes                        ; 2.62 V                      ; 9.95e-08 V                  ; 2.78 V             ; -0.0452 V          ; 0.248 V                             ; 0.108 V                             ; 2.67e-10 s                 ; 2.75e-10 s                 ; No                        ; Yes                       ;
; o_pixel_x[7]     ; 2.5 V        ; 0 s                 ; 0 s                 ; 2.62 V                       ; 9.94e-08 V                   ; 2.78 V              ; -0.0444 V           ; 0.25 V                               ; 0.107 V                              ; 2.67e-10 s                  ; 2.75e-10 s                  ; No                         ; Yes                        ; 2.62 V                      ; 9.94e-08 V                  ; 2.78 V             ; -0.0444 V          ; 0.25 V                              ; 0.107 V                             ; 2.67e-10 s                 ; 2.75e-10 s                 ; No                        ; Yes                       ;
; o_pixel_x[6]     ; 2.5 V        ; 0 s                 ; 0 s                 ; 2.62 V                       ; 9.95e-08 V                   ; 2.78 V              ; -0.0452 V           ; 0.248 V                              ; 0.108 V                              ; 2.67e-10 s                  ; 2.75e-10 s                  ; No                         ; Yes                        ; 2.62 V                      ; 9.95e-08 V                  ; 2.78 V             ; -0.0452 V          ; 0.248 V                             ; 0.108 V                             ; 2.67e-10 s                 ; 2.75e-10 s                 ; No                        ; Yes                       ;
; o_pixel_x[5]     ; 2.5 V        ; 0 s                 ; 0 s                 ; 2.62 V                       ; 9.94e-08 V                   ; 2.78 V              ; -0.0444 V           ; 0.25 V                               ; 0.107 V                              ; 2.67e-10 s                  ; 2.75e-10 s                  ; No                         ; Yes                        ; 2.62 V                      ; 9.94e-08 V                  ; 2.78 V             ; -0.0444 V          ; 0.25 V                              ; 0.107 V                             ; 2.67e-10 s                 ; 2.75e-10 s                 ; No                        ; Yes                       ;
; o_pixel_x[4]     ; 2.5 V        ; 0 s                 ; 0 s                 ; 2.62 V                       ; 9.95e-08 V                   ; 2.78 V              ; -0.0452 V           ; 0.248 V                              ; 0.108 V                              ; 2.67e-10 s                  ; 2.75e-10 s                  ; No                         ; Yes                        ; 2.62 V                      ; 9.95e-08 V                  ; 2.78 V             ; -0.0452 V          ; 0.248 V                             ; 0.108 V                             ; 2.67e-10 s                 ; 2.75e-10 s                 ; No                        ; Yes                       ;
; o_pixel_x[3]     ; 2.5 V        ; 0 s                 ; 0 s                 ; 2.62 V                       ; 9.94e-08 V                   ; 2.78 V              ; -0.0444 V           ; 0.25 V                               ; 0.107 V                              ; 2.67e-10 s                  ; 2.75e-10 s                  ; No                         ; Yes                        ; 2.62 V                      ; 9.94e-08 V                  ; 2.78 V             ; -0.0444 V          ; 0.25 V                              ; 0.107 V                             ; 2.67e-10 s                 ; 2.75e-10 s                 ; No                        ; Yes                       ;
; o_pixel_x[2]     ; 2.5 V        ; 0 s                 ; 0 s                 ; 2.62 V                       ; 9.94e-08 V                   ; 2.78 V              ; -0.0444 V           ; 0.25 V                               ; 0.107 V                              ; 2.67e-10 s                  ; 2.75e-10 s                  ; No                         ; Yes                        ; 2.62 V                      ; 9.94e-08 V                  ; 2.78 V             ; -0.0444 V          ; 0.25 V                              ; 0.107 V                             ; 2.67e-10 s                 ; 2.75e-10 s                 ; No                        ; Yes                       ;
; o_pixel_x[1]     ; 2.5 V        ; 0 s                 ; 0 s                 ; 2.62 V                       ; 9.95e-08 V                   ; 2.78 V              ; -0.0452 V           ; 0.248 V                              ; 0.108 V                              ; 2.67e-10 s                  ; 2.75e-10 s                  ; No                         ; Yes                        ; 2.62 V                      ; 9.95e-08 V                  ; 2.78 V             ; -0.0452 V          ; 0.248 V                             ; 0.108 V                             ; 2.67e-10 s                 ; 2.75e-10 s                 ; No                        ; Yes                       ;
; o_pixel_x[0]     ; 2.5 V        ; 0 s                 ; 0 s                 ; 2.62 V                       ; 9.94e-08 V                   ; 2.78 V              ; -0.0444 V           ; 0.25 V                               ; 0.107 V                              ; 2.67e-10 s                  ; 2.75e-10 s                  ; No                         ; Yes                        ; 2.62 V                      ; 9.94e-08 V                  ; 2.78 V             ; -0.0444 V          ; 0.25 V                              ; 0.107 V                             ; 2.67e-10 s                 ; 2.75e-10 s                 ; No                        ; Yes                       ;
; o_pixel_y[9]     ; 2.5 V        ; 0 s                 ; 0 s                 ; 2.62 V                       ; 9.94e-08 V                   ; 2.78 V              ; -0.0444 V           ; 0.25 V                               ; 0.107 V                              ; 2.67e-10 s                  ; 2.75e-10 s                  ; No                         ; Yes                        ; 2.62 V                      ; 9.94e-08 V                  ; 2.78 V             ; -0.0444 V          ; 0.25 V                              ; 0.107 V                             ; 2.67e-10 s                 ; 2.75e-10 s                 ; No                        ; Yes                       ;
; o_pixel_y[8]     ; 2.5 V        ; 0 s                 ; 0 s                 ; 2.62 V                       ; 9.95e-08 V                   ; 2.78 V              ; -0.0452 V           ; 0.248 V                              ; 0.108 V                              ; 2.67e-10 s                  ; 2.75e-10 s                  ; No                         ; Yes                        ; 2.62 V                      ; 9.95e-08 V                  ; 2.78 V             ; -0.0452 V          ; 0.248 V                             ; 0.108 V                             ; 2.67e-10 s                 ; 2.75e-10 s                 ; No                        ; Yes                       ;
; o_pixel_y[7]     ; 2.5 V        ; 0 s                 ; 0 s                 ; 2.62 V                       ; 9.94e-08 V                   ; 2.78 V              ; -0.0444 V           ; 0.25 V                               ; 0.107 V                              ; 2.67e-10 s                  ; 2.75e-10 s                  ; No                         ; Yes                        ; 2.62 V                      ; 9.94e-08 V                  ; 2.78 V             ; -0.0444 V          ; 0.25 V                              ; 0.107 V                             ; 2.67e-10 s                 ; 2.75e-10 s                 ; No                        ; Yes                       ;
; o_pixel_y[6]     ; 2.5 V        ; 0 s                 ; 0 s                 ; 2.62 V                       ; 9.94e-08 V                   ; 2.78 V              ; -0.0444 V           ; 0.25 V                               ; 0.107 V                              ; 2.67e-10 s                  ; 2.75e-10 s                  ; No                         ; Yes                        ; 2.62 V                      ; 9.94e-08 V                  ; 2.78 V             ; -0.0444 V          ; 0.25 V                              ; 0.107 V                             ; 2.67e-10 s                 ; 2.75e-10 s                 ; No                        ; Yes                       ;
; o_pixel_y[5]     ; 2.5 V        ; 0 s                 ; 0 s                 ; 2.62 V                       ; 9.95e-08 V                   ; 2.78 V              ; -0.0452 V           ; 0.248 V                              ; 0.108 V                              ; 2.67e-10 s                  ; 2.75e-10 s                  ; No                         ; Yes                        ; 2.62 V                      ; 9.95e-08 V                  ; 2.78 V             ; -0.0452 V          ; 0.248 V                             ; 0.108 V                             ; 2.67e-10 s                 ; 2.75e-10 s                 ; No                        ; Yes                       ;
; o_pixel_y[4]     ; 2.5 V        ; 0 s                 ; 0 s                 ; 2.62 V                       ; 9.95e-08 V                   ; 2.78 V              ; -0.0452 V           ; 0.248 V                              ; 0.108 V                              ; 2.67e-10 s                  ; 2.75e-10 s                  ; No                         ; Yes                        ; 2.62 V                      ; 9.95e-08 V                  ; 2.78 V             ; -0.0452 V          ; 0.248 V                             ; 0.108 V                             ; 2.67e-10 s                 ; 2.75e-10 s                 ; No                        ; Yes                       ;
; o_pixel_y[3]     ; 2.5 V        ; 0 s                 ; 0 s                 ; 2.62 V                       ; 9.95e-08 V                   ; 2.78 V              ; -0.0452 V           ; 0.248 V                              ; 0.108 V                              ; 2.67e-10 s                  ; 2.75e-10 s                  ; No                         ; Yes                        ; 2.62 V                      ; 9.95e-08 V                  ; 2.78 V             ; -0.0452 V          ; 0.248 V                             ; 0.108 V                             ; 2.67e-10 s                 ; 2.75e-10 s                 ; No                        ; Yes                       ;
; o_pixel_y[2]     ; 2.5 V        ; 0 s                 ; 0 s                 ; 2.62 V                       ; 9.95e-08 V                   ; 2.78 V              ; -0.0452 V           ; 0.248 V                              ; 0.108 V                              ; 2.67e-10 s                  ; 2.75e-10 s                  ; No                         ; Yes                        ; 2.62 V                      ; 9.95e-08 V                  ; 2.78 V             ; -0.0452 V          ; 0.248 V                             ; 0.108 V                             ; 2.67e-10 s                 ; 2.75e-10 s                 ; No                        ; Yes                       ;
; o_pixel_y[1]     ; 2.5 V        ; 0 s                 ; 0 s                 ; 2.62 V                       ; 9.95e-08 V                   ; 2.64 V              ; -0.00893 V          ; 0.249 V                              ; 0.203 V                              ; 3.12e-09 s                  ; 3.02e-09 s                  ; No                         ; Yes                        ; 2.62 V                      ; 9.95e-08 V                  ; 2.64 V             ; -0.00893 V         ; 0.249 V                             ; 0.203 V                             ; 3.12e-09 s                 ; 3.02e-09 s                 ; No                        ; Yes                       ;
; o_pixel_y[0]     ; 2.5 V        ; 0 s                 ; 0 s                 ; 2.62 V                       ; 9.95e-08 V                   ; 2.78 V              ; -0.0452 V           ; 0.248 V                              ; 0.108 V                              ; 2.67e-10 s                  ; 2.75e-10 s                  ; No                         ; Yes                        ; 2.62 V                      ; 9.95e-08 V                  ; 2.78 V             ; -0.0452 V          ; 0.248 V                             ; 0.108 V                             ; 2.67e-10 s                 ; 2.75e-10 s                 ; No                        ; Yes                       ;
; o_red_out[2]     ; 2.5 V        ; 0 s                 ; 0 s                 ; 2.62 V                       ; 9.95e-08 V                   ; 2.78 V              ; -0.0452 V           ; 0.248 V                              ; 0.108 V                              ; 2.67e-10 s                  ; 2.75e-10 s                  ; No                         ; Yes                        ; 2.62 V                      ; 9.95e-08 V                  ; 2.78 V             ; -0.0452 V          ; 0.248 V                             ; 0.108 V                             ; 2.67e-10 s                 ; 2.75e-10 s                 ; No                        ; Yes                       ;
; o_red_out[1]     ; 2.5 V        ; 0 s                 ; 0 s                 ; 2.62 V                       ; 9.94e-08 V                   ; 2.78 V              ; -0.0444 V           ; 0.25 V                               ; 0.107 V                              ; 2.67e-10 s                  ; 2.75e-10 s                  ; No                         ; Yes                        ; 2.62 V                      ; 9.94e-08 V                  ; 2.78 V             ; -0.0444 V          ; 0.25 V                              ; 0.107 V                             ; 2.67e-10 s                 ; 2.75e-10 s                 ; No                        ; Yes                       ;
; o_red_out[0]     ; 2.5 V        ; 0 s                 ; 0 s                 ; 2.62 V                       ; 9.95e-08 V                   ; 2.78 V              ; -0.0452 V           ; 0.248 V                              ; 0.108 V                              ; 2.67e-10 s                  ; 2.75e-10 s                  ; No                         ; Yes                        ; 2.62 V                      ; 9.95e-08 V                  ; 2.78 V             ; -0.0452 V          ; 0.248 V                             ; 0.108 V                             ; 2.67e-10 s                 ; 2.75e-10 s                 ; No                        ; Yes                       ;
; ~ALTERA_TDO~     ; 2.5 V        ; 0 s                 ; 0 s                 ; 2.62 V                       ; 1.68e-07 V                   ; 2.73 V              ; -0.0395 V           ; 0.361 V                              ; 0.109 V                              ; 3.1e-10 s                   ; 4.41e-10 s                  ; No                         ; Yes                        ; 2.62 V                      ; 1.68e-07 V                  ; 2.73 V             ; -0.0395 V          ; 0.361 V                             ; 0.109 V                             ; 3.1e-10 s                  ; 4.41e-10 s                 ; No                        ; Yes                       ;
+------------------+--------------+---------------------+---------------------+------------------------------+------------------------------+---------------------+---------------------+--------------------------------------+--------------------------------------+-----------------------------+-----------------------------+----------------------------+----------------------------+-----------------------------+-----------------------------+--------------------+--------------------+-------------------------------------+-------------------------------------+----------------------------+----------------------------+---------------------------+---------------------------+


+-------------------------------------------------------------------+
; Setup Transfers                                                   ;
+------------+----------+----------+----------+----------+----------+
; From Clock ; To Clock ; RR Paths ; FR Paths ; RF Paths ; FF Paths ;
+------------+----------+----------+----------+----------+----------+
; clk        ; clk      ; 3642     ; 0        ; 0        ; 0        ;
+------------+----------+----------+----------+----------+----------+
Entries labeled "false path" only account for clock-to-clock false paths and not path-based false paths. As a result, actual path counts may be lower than reported.


+-------------------------------------------------------------------+
; Hold Transfers                                                    ;
+------------+----------+----------+----------+----------+----------+
; From Clock ; To Clock ; RR Paths ; FR Paths ; RF Paths ; FF Paths ;
+------------+----------+----------+----------+----------+----------+
; clk        ; clk      ; 3642     ; 0        ; 0        ; 0        ;
+------------+----------+----------+----------+----------+----------+
Entries labeled "false path" only account for clock-to-clock false paths and not path-based false paths. As a result, actual path counts may be lower than reported.


---------------
; Report TCCS ;
---------------
No dedicated SERDES Transmitter circuitry present in device or used in design


---------------
; Report RSKM ;
---------------
No non-DPA dedicated SERDES Receiver circuitry present in device or used in design


+------------------------------------------------+
; Unconstrained Paths Summary                    ;
+---------------------------------+-------+------+
; Property                        ; Setup ; Hold ;
+---------------------------------+-------+------+
; Illegal Clocks                  ; 0     ; 0    ;
; Unconstrained Clocks            ; 0     ; 0    ;
; Unconstrained Input Ports       ; 52    ; 52   ;
; Unconstrained Input Port Paths  ; 2223  ; 2223 ;
; Unconstrained Output Ports      ; 107   ; 107  ;
; Unconstrained Output Port Paths ; 3420  ; 3420 ;
+---------------------------------+-------+------+


+-------------------------------------+
; Clock Status Summary                ;
+--------+-------+------+-------------+
; Target ; Clock ; Type ; Status      ;
+--------+-------+------+-------------+
; clk    ; clk   ; Base ; Constrained ;
+--------+-------+------+-------------+


+------------------------------------------------------------------------------------------------------+
; Unconstrained Input Ports                                                                            ;
+---------------+--------------------------------------------------------------------------------------+
; Input Port    ; Comment                                                                              ;
+---------------+--------------------------------------------------------------------------------------+
; axis_select   ; No input delay, min/max delays, false-path exceptions, or max skew assignments found ;
; btn_negative  ; No input delay, min/max delays, false-path exceptions, or max skew assignments found ;
; btn_positive  ; No input delay, min/max delays, false-path exceptions, or max skew assignments found ;
; frame_ready   ; No input delay, min/max delays, false-path exceptions, or max skew assignments found ;
; mode_zoom     ; No input delay, min/max delays, false-path exceptions, or max skew assignments found ;
; pixel_data[0] ; No input delay, min/max delays, false-path exceptions, or max skew assignments found ;
; pixel_data[1] ; No input delay, min/max delays, false-path exceptions, or max skew assignments found ;
; pixel_data[2] ; No input delay, min/max delays, false-path exceptions, or max skew assignments found ;
; pixel_data[3] ; No input delay, min/max delays, false-path exceptions, or max skew assignments found ;
; pixel_data[4] ; No input delay, min/max delays, false-path exceptions, or max skew assignments found ;
; pixel_data[5] ; No input delay, min/max delays, false-path exceptions, or max skew assignments found ;
; pixel_data[6] ; No input delay, min/max delays, false-path exceptions, or max skew assignments found ;
; pixel_data[7] ; No input delay, min/max delays, false-path exceptions, or max skew assignments found ;
; pixel_data[8] ; No input delay, min/max delays, false-path exceptions, or max skew assignments found ;
; pixel_valid   ; No input delay, min/max delays, false-path exceptions, or max skew assignments found ;
; pixel_x[0]    ; No input delay, min/max delays, false-path exceptions, or max skew assignments found ;
; pixel_x[1]    ; No input delay, min/max delays, false-path exceptions, or max skew assignments found ;
; pixel_x[2]    ; No input delay, min/max delays, false-path exceptions, or max skew assignments found ;
; pixel_x[3]    ; No input delay, min/max delays, false-path exceptions, or max skew assignments found ;
; pixel_x[4]    ; No input delay, min/max delays, false-path exceptions, or max skew assignments found ;
; pixel_x[5]    ; No input delay, min/max delays, false-path exceptions, or max skew assignments found ;
; pixel_x[6]    ; No input delay, min/max delays, false-path exceptions, or max skew assignments found ;
; pixel_x[7]    ; No input delay, min/max delays, false-path exceptions, or max skew assignments found ;
; pixel_x[8]    ; No input delay, min/max delays, false-path exceptions, or max skew assignments found ;
; pixel_x[9]    ; No input delay, min/max delays, false-path exceptions, or max skew assignments found ;
; pixel_y[0]    ; No input delay, min/max delays, false-path exceptions, or max skew assignments found ;
; pixel_y[1]    ; No input delay, min/max delays, false-path exceptions, or max skew assignments found ;
; pixel_y[2]    ; No input delay, min/max delays, false-path exceptions, or max skew assignments found ;
; pixel_y[3]    ; No input delay, min/max delays, false-path exceptions, or max skew assignments found ;
; pixel_y[4]    ; No input delay, min/max delays, false-path exceptions, or max skew assignments found ;
; pixel_y[5]    ; No input delay, min/max delays, false-path exceptions, or max skew assignments found ;
; pixel_y[6]    ; No input delay, min/max delays, false-path exceptions, or max skew assignments found ;
; pixel_y[7]    ; No input delay, min/max delays, false-path exceptions, or max skew assignments found ;
; pixel_y[8]    ; No input delay, min/max delays, false-path exceptions, or max skew assignments found ;
; pixel_y[9]    ; No input delay, min/max delays, false-path exceptions, or max skew assignments found ;
; request_line  ; No input delay, min/max delays, false-path exceptions, or max skew assignments found ;
; reset         ; No input delay, min/max delays, false-path exceptions, or max skew assignments found ;
; vga_x[0]      ; No input delay, min/max delays, false-path exceptions, or max skew assignments found ;
; vga_x[1]      ; No input delay, min/max delays, false-path exceptions, or max skew assignments found ;
; vga_x[2]      ; No input delay, min/max delays, false-path exceptions, or max skew assignments found ;
; vga_x[3]      ; No input delay, min/max delays, false-path exceptions, or max skew assignments found ;
; vga_x[4]      ; No input delay, min/max delays, false-path exceptions, or max skew assignments found ;
; vga_x[5]      ; No input delay, min/max delays, false-path exceptions, or max skew assignments found ;
; vga_x[6]      ; No input delay, min/max delays, false-path exceptions, or max skew assignments found ;
; vga_x[7]      ; No input delay, min/max delays, false-path exceptions, or max skew assignments found ;
; vga_y[0]      ; No input delay, min/max delays, false-path exceptions, or max skew assignments found ;
; vga_y[1]      ; No input delay, min/max delays, false-path exceptions, or max skew assignments found ;
; vga_y[2]      ; No input delay, min/max delays, false-path exceptions, or max skew assignments found ;
; vga_y[3]      ; No input delay, min/max delays, false-path exceptions, or max skew assignments found ;
; vga_y[4]      ; No input delay, min/max delays, false-path exceptions, or max skew assignments found ;
; vga_y[5]      ; No input delay, min/max delays, false-path exceptions, or max skew assignments found ;
; vga_y[6]      ; No input delay, min/max delays, false-path exceptions, or max skew assignments found ;
+---------------+--------------------------------------------------------------------------------------+


+----------------------------------------------------------------------------------------------------------+
; Unconstrained Output Ports                                                                               ;
+------------------+---------------------------------------------------------------------------------------+
; Output Port      ; Comment                                                                               ;
+------------------+---------------------------------------------------------------------------------------+
; assigned_line[0] ; No output delay, min/max delays, false-path exceptions, or max skew assignments found ;
; assigned_line[1] ; No output delay, min/max delays, false-path exceptions, or max skew assignments found ;
; assigned_line[2] ; No output delay, min/max delays, false-path exceptions, or max skew assignments found ;
; assigned_line[3] ; No output delay, min/max delays, false-path exceptions, or max skew assignments found ;
; assigned_line[4] ; No output delay, min/max delays, false-path exceptions, or max skew assignments found ;
; assigned_line[5] ; No output delay, min/max delays, false-path exceptions, or max skew assignments found ;
; assigned_line[6] ; No output delay, min/max delays, false-path exceptions, or max skew assignments found ;
; assigned_line[7] ; No output delay, min/max delays, false-path exceptions, or max skew assignments found ;
; assigned_line[8] ; No output delay, min/max delays, false-path exceptions, or max skew assignments found ;
; assigned_line[9] ; No output delay, min/max delays, false-path exceptions, or max skew assignments found ;
; c_imag[0]        ; No output delay, min/max delays, false-path exceptions, or max skew assignments found ;
; c_imag[1]        ; No output delay, min/max delays, false-path exceptions, or max skew assignments found ;
; c_imag[2]        ; No output delay, min/max delays, false-path exceptions, or max skew assignments found ;
; c_imag[3]        ; No output delay, min/max delays, false-path exceptions, or max skew assignments found ;
; c_imag[4]        ; No output delay, min/max delays, false-path exceptions, or max skew assignments found ;
; c_imag[5]        ; No output delay, min/max delays, false-path exceptions, or max skew assignments found ;
; c_imag[6]        ; No output delay, min/max delays, false-path exceptions, or max skew assignments found ;
; c_imag[7]        ; No output delay, min/max delays, false-path exceptions, or max skew assignments found ;
; c_imag[8]        ; No output delay, min/max delays, false-path exceptions, or max skew assignments found ;
; c_imag[9]        ; No output delay, min/max delays, false-path exceptions, or max skew assignments found ;
; c_imag[10]       ; No output delay, min/max delays, false-path exceptions, or max skew assignments found ;
; c_imag[11]       ; No output delay, min/max delays, false-path exceptions, or max skew assignments found ;
; c_imag[12]       ; No output delay, min/max delays, false-path exceptions, or max skew assignments found ;
; c_imag[13]       ; No output delay, min/max delays, false-path exceptions, or max skew assignments found ;
; c_imag[14]       ; No output delay, min/max delays, false-path exceptions, or max skew assignments found ;
; c_imag[15]       ; No output delay, min/max delays, false-path exceptions, or max skew assignments found ;
; c_imag[16]       ; No output delay, min/max delays, false-path exceptions, or max skew assignments found ;
; c_imag[17]       ; No output delay, min/max delays, false-path exceptions, or max skew assignments found ;
; c_imag[18]       ; No output delay, min/max delays, false-path exceptions, or max skew assignments found ;
; c_imag[19]       ; No output delay, min/max delays, false-path exceptions, or max skew assignments found ;
; c_imag[20]       ; No output delay, min/max delays, false-path exceptions, or max skew assignments found ;
; c_imag[21]       ; No output delay, min/max delays, false-path exceptions, or max skew assignments found ;
; c_imag[22]       ; No output delay, min/max delays, false-path exceptions, or max skew assignments found ;
; c_imag[23]       ; No output delay, min/max delays, false-path exceptions, or max skew assignments found ;
; c_imag[24]       ; No output delay, min/max delays, false-path exceptions, or max skew assignments found ;
; c_imag[25]       ; No output delay, min/max delays, false-path exceptions, or max skew assignments found ;
; c_imag[26]       ; No output delay, min/max delays, false-path exceptions, or max skew assignments found ;
; c_imag[27]       ; No output delay, min/max delays, false-path exceptions, or max skew assignments found ;
; c_imag[28]       ; No output delay, min/max delays, false-path exceptions, or max skew assignments found ;
; c_imag[29]       ; No output delay, min/max delays, false-path exceptions, or max skew assignments found ;
; c_imag[30]       ; No output delay, min/max delays, false-path exceptions, or max skew assignments found ;
; c_imag[31]       ; No output delay, min/max delays, false-path exceptions, or max skew assignments found ;
; c_real[0]        ; No output delay, min/max delays, false-path exceptions, or max skew assignments found ;
; c_real[1]        ; No output delay, min/max delays, false-path exceptions, or max skew assignments found ;
; c_real[2]        ; No output delay, min/max delays, false-path exceptions, or max skew assignments found ;
; c_real[3]        ; No output delay, min/max delays, false-path exceptions, or max skew assignments found ;
; c_real[4]        ; No output delay, min/max delays, false-path exceptions, or max skew assignments found ;
; c_real[5]        ; No output delay, min/max delays, false-path exceptions, or max skew assignments found ;
; c_real[6]        ; No output delay, min/max delays, false-path exceptions, or max skew assignments found ;
; c_real[7]        ; No output delay, min/max delays, false-path exceptions, or max skew assignments found ;
; c_real[8]        ; No output delay, min/max delays, false-path exceptions, or max skew assignments found ;
; c_real[9]        ; No output delay, min/max delays, false-path exceptions, or max skew assignments found ;
; c_real[10]       ; No output delay, min/max delays, false-path exceptions, or max skew assignments found ;
; c_real[11]       ; No output delay, min/max delays, false-path exceptions, or max skew assignments found ;
; c_real[12]       ; No output delay, min/max delays, false-path exceptions, or max skew assignments found ;
; c_real[13]       ; No output delay, min/max delays, false-path exceptions, or max skew assignments found ;
; c_real[14]       ; No output delay, min/max delays, false-path exceptions, or max skew assignments found ;
; c_real[15]       ; No output delay, min/max delays, false-path exceptions, or max skew assignments found ;
; c_real[16]       ; No output delay, min/max delays, false-path exceptions, or max skew assignments found ;
; c_real[17]       ; No output delay, min/max delays, false-path exceptions, or max skew assignments found ;
; c_real[18]       ; No output delay, min/max delays, false-path exceptions, or max skew assignments found ;
; c_real[19]       ; No output delay, min/max delays, false-path exceptions, or max skew assignments found ;
; c_real[20]       ; No output delay, min/max delays, false-path exceptions, or max skew assignments found ;
; c_real[21]       ; No output delay, min/max delays, false-path exceptions, or max skew assignments found ;
; c_real[22]       ; No output delay, min/max delays, false-path exceptions, or max skew assignments found ;
; c_real[23]       ; No output delay, min/max delays, false-path exceptions, or max skew assignments found ;
; c_real[24]       ; No output delay, min/max delays, false-path exceptions, or max skew assignments found ;
; c_real[25]       ; No output delay, min/max delays, false-path exceptions, or max skew assignments found ;
; c_real[26]       ; No output delay, min/max delays, false-path exceptions, or max skew assignments found ;
; c_real[27]       ; No output delay, min/max delays, false-path exceptions, or max skew assignments found ;
; c_real[28]       ; No output delay, min/max delays, false-path exceptions, or max skew assignments found ;
; c_real[29]       ; No output delay, min/max delays, false-path exceptions, or max skew assignments found ;
; c_real[30]       ; No output delay, min/max delays, false-path exceptions, or max skew assignments found ;
; c_real[31]       ; No output delay, min/max delays, false-path exceptions, or max skew assignments found ;
; frame_done       ; No output delay, min/max delays, false-path exceptions, or max skew assignments found ;
; o_blue_out[0]    ; No output delay, min/max delays, false-path exceptions, or max skew assignments found ;
; o_blue_out[1]    ; No output delay, min/max delays, false-path exceptions, or max skew assignments found ;
; o_blue_out[2]    ; No output delay, min/max delays, false-path exceptions, or max skew assignments found ;
; o_green_out[0]   ; No output delay, min/max delays, false-path exceptions, or max skew assignments found ;
; o_green_out[1]   ; No output delay, min/max delays, false-path exceptions, or max skew assignments found ;
; o_green_out[2]   ; No output delay, min/max delays, false-path exceptions, or max skew assignments found ;
; o_h_sync         ; No output delay, min/max delays, false-path exceptions, or max skew assignments found ;
; o_pixel_x[0]     ; No output delay, min/max delays, false-path exceptions, or max skew assignments found ;
; o_pixel_x[1]     ; No output delay, min/max delays, false-path exceptions, or max skew assignments found ;
; o_pixel_x[2]     ; No output delay, min/max delays, false-path exceptions, or max skew assignments found ;
; o_pixel_x[3]     ; No output delay, min/max delays, false-path exceptions, or max skew assignments found ;
; o_pixel_x[4]     ; No output delay, min/max delays, false-path exceptions, or max skew assignments found ;
; o_pixel_x[5]     ; No output delay, min/max delays, false-path exceptions, or max skew assignments found ;
; o_pixel_x[6]     ; No output delay, min/max delays, false-path exceptions, or max skew assignments found ;
; o_pixel_x[7]     ; No output delay, min/max delays, false-path exceptions, or max skew assignments found ;
; o_pixel_x[8]     ; No output delay, min/max delays, false-path exceptions, or max skew assignments found ;
; o_pixel_x[9]     ; No output delay, min/max delays, false-path exceptions, or max skew assignments found ;
; o_pixel_y[0]     ; No output delay, min/max delays, false-path exceptions, or max skew assignments found ;
; o_pixel_y[1]     ; No output delay, min/max delays, false-path exceptions, or max skew assignments found ;
; o_pixel_y[2]     ; No output delay, min/max delays, false-path exceptions, or max skew assignments found ;
; o_pixel_y[3]     ; No output delay, min/max delays, false-path exceptions, or max skew assignments found ;
; o_pixel_y[4]     ; No output delay, min/max delays, false-path exceptions, or max skew assignments found ;
; o_pixel_y[5]     ; No output delay, min/max delays, false-path exceptions, or max skew assignments found ;
; o_pixel_y[6]     ; No output delay, min/max delays, false-path exceptions, or max skew assignments found ;
; o_pixel_y[7]     ; No output delay, min/max delays, false-path exceptions, or max skew assignments found ;
; o_pixel_y[8]     ; No output delay, min/max delays, false-path exceptions, or max skew assignments found ;
; o_pixel_y[9]     ; No output delay, min/max delays, false-path exceptions, or max skew assignments found ;
; o_red_out[0]     ; No output delay, min/max delays, false-path exceptions, or max skew assignments found ;
; o_red_out[1]     ; No output delay, min/max delays, false-path exceptions, or max skew assignments found ;
; o_red_out[2]     ; No output delay, min/max delays, false-path exceptions, or max skew assignments found ;
; o_v_sync         ; No output delay, min/max delays, false-path exceptions, or max skew assignments found ;
; o_vid_display    ; No output delay, min/max delays, false-path exceptions, or max skew assignments found ;
+------------------+---------------------------------------------------------------------------------------+


+------------------------------------------------------------------------------------------------------+
; Unconstrained Input Ports                                                                            ;
+---------------+--------------------------------------------------------------------------------------+
; Input Port    ; Comment                                                                              ;
+---------------+--------------------------------------------------------------------------------------+
; axis_select   ; No input delay, min/max delays, false-path exceptions, or max skew assignments found ;
; btn_negative  ; No input delay, min/max delays, false-path exceptions, or max skew assignments found ;
; btn_positive  ; No input delay, min/max delays, false-path exceptions, or max skew assignments found ;
; frame_ready   ; No input delay, min/max delays, false-path exceptions, or max skew assignments found ;
; mode_zoom     ; No input delay, min/max delays, false-path exceptions, or max skew assignments found ;
; pixel_data[0] ; No input delay, min/max delays, false-path exceptions, or max skew assignments found ;
; pixel_data[1] ; No input delay, min/max delays, false-path exceptions, or max skew assignments found ;
; pixel_data[2] ; No input delay, min/max delays, false-path exceptions, or max skew assignments found ;
; pixel_data[3] ; No input delay, min/max delays, false-path exceptions, or max skew assignments found ;
; pixel_data[4] ; No input delay, min/max delays, false-path exceptions, or max skew assignments found ;
; pixel_data[5] ; No input delay, min/max delays, false-path exceptions, or max skew assignments found ;
; pixel_data[6] ; No input delay, min/max delays, false-path exceptions, or max skew assignments found ;
; pixel_data[7] ; No input delay, min/max delays, false-path exceptions, or max skew assignments found ;
; pixel_data[8] ; No input delay, min/max delays, false-path exceptions, or max skew assignments found ;
; pixel_valid   ; No input delay, min/max delays, false-path exceptions, or max skew assignments found ;
; pixel_x[0]    ; No input delay, min/max delays, false-path exceptions, or max skew assignments found ;
; pixel_x[1]    ; No input delay, min/max delays, false-path exceptions, or max skew assignments found ;
; pixel_x[2]    ; No input delay, min/max delays, false-path exceptions, or max skew assignments found ;
; pixel_x[3]    ; No input delay, min/max delays, false-path exceptions, or max skew assignments found ;
; pixel_x[4]    ; No input delay, min/max delays, false-path exceptions, or max skew assignments found ;
; pixel_x[5]    ; No input delay, min/max delays, false-path exceptions, or max skew assignments found ;
; pixel_x[6]    ; No input delay, min/max delays, false-path exceptions, or max skew assignments found ;
; pixel_x[7]    ; No input delay, min/max delays, false-path exceptions, or max skew assignments found ;
; pixel_x[8]    ; No input delay, min/max delays, false-path exceptions, or max skew assignments found ;
; pixel_x[9]    ; No input delay, min/max delays, false-path exceptions, or max skew assignments found ;
; pixel_y[0]    ; No input delay, min/max delays, false-path exceptions, or max skew assignments found ;
; pixel_y[1]    ; No input delay, min/max delays, false-path exceptions, or max skew assignments found ;
; pixel_y[2]    ; No input delay, min/max delays, false-path exceptions, or max skew assignments found ;
; pixel_y[3]    ; No input delay, min/max delays, false-path exceptions, or max skew assignments found ;
; pixel_y[4]    ; No input delay, min/max delays, false-path exceptions, or max skew assignments found ;
; pixel_y[5]    ; No input delay, min/max delays, false-path exceptions, or max skew assignments found ;
; pixel_y[6]    ; No input delay, min/max delays, false-path exceptions, or max skew assignments found ;
; pixel_y[7]    ; No input delay, min/max delays, false-path exceptions, or max skew assignments found ;
; pixel_y[8]    ; No input delay, min/max delays, false-path exceptions, or max skew assignments found ;
; pixel_y[9]    ; No input delay, min/max delays, false-path exceptions, or max skew assignments found ;
; request_line  ; No input delay, min/max delays, false-path exceptions, or max skew assignments found ;
; reset         ; No input delay, min/max delays, false-path exceptions, or max skew assignments found ;
; vga_x[0]      ; No input delay, min/max delays, false-path exceptions, or max skew assignments found ;
; vga_x[1]      ; No input delay, min/max delays, false-path exceptions, or max skew assignments found ;
; vga_x[2]      ; No input delay, min/max delays, false-path exceptions, or max skew assignments found ;
; vga_x[3]      ; No input delay, min/max delays, false-path exceptions, or max skew assignments found ;
; vga_x[4]      ; No input delay, min/max delays, false-path exceptions, or max skew assignments found ;
; vga_x[5]      ; No input delay, min/max delays, false-path exceptions, or max skew assignments found ;
; vga_x[6]      ; No input delay, min/max delays, false-path exceptions, or max skew assignments found ;
; vga_x[7]      ; No input delay, min/max delays, false-path exceptions, or max skew assignments found ;
; vga_y[0]      ; No input delay, min/max delays, false-path exceptions, or max skew assignments found ;
; vga_y[1]      ; No input delay, min/max delays, false-path exceptions, or max skew assignments found ;
; vga_y[2]      ; No input delay, min/max delays, false-path exceptions, or max skew assignments found ;
; vga_y[3]      ; No input delay, min/max delays, false-path exceptions, or max skew assignments found ;
; vga_y[4]      ; No input delay, min/max delays, false-path exceptions, or max skew assignments found ;
; vga_y[5]      ; No input delay, min/max delays, false-path exceptions, or max skew assignments found ;
; vga_y[6]      ; No input delay, min/max delays, false-path exceptions, or max skew assignments found ;
+---------------+--------------------------------------------------------------------------------------+


+----------------------------------------------------------------------------------------------------------+
; Unconstrained Output Ports                                                                               ;
+------------------+---------------------------------------------------------------------------------------+
; Output Port      ; Comment                                                                               ;
+------------------+---------------------------------------------------------------------------------------+
; assigned_line[0] ; No output delay, min/max delays, false-path exceptions, or max skew assignments found ;
; assigned_line[1] ; No output delay, min/max delays, false-path exceptions, or max skew assignments found ;
; assigned_line[2] ; No output delay, min/max delays, false-path exceptions, or max skew assignments found ;
; assigned_line[3] ; No output delay, min/max delays, false-path exceptions, or max skew assignments found ;
; assigned_line[4] ; No output delay, min/max delays, false-path exceptions, or max skew assignments found ;
; assigned_line[5] ; No output delay, min/max delays, false-path exceptions, or max skew assignments found ;
; assigned_line[6] ; No output delay, min/max delays, false-path exceptions, or max skew assignments found ;
; assigned_line[7] ; No output delay, min/max delays, false-path exceptions, or max skew assignments found ;
; assigned_line[8] ; No output delay, min/max delays, false-path exceptions, or max skew assignments found ;
; assigned_line[9] ; No output delay, min/max delays, false-path exceptions, or max skew assignments found ;
; c_imag[0]        ; No output delay, min/max delays, false-path exceptions, or max skew assignments found ;
; c_imag[1]        ; No output delay, min/max delays, false-path exceptions, or max skew assignments found ;
; c_imag[2]        ; No output delay, min/max delays, false-path exceptions, or max skew assignments found ;
; c_imag[3]        ; No output delay, min/max delays, false-path exceptions, or max skew assignments found ;
; c_imag[4]        ; No output delay, min/max delays, false-path exceptions, or max skew assignments found ;
; c_imag[5]        ; No output delay, min/max delays, false-path exceptions, or max skew assignments found ;
; c_imag[6]        ; No output delay, min/max delays, false-path exceptions, or max skew assignments found ;
; c_imag[7]        ; No output delay, min/max delays, false-path exceptions, or max skew assignments found ;
; c_imag[8]        ; No output delay, min/max delays, false-path exceptions, or max skew assignments found ;
; c_imag[9]        ; No output delay, min/max delays, false-path exceptions, or max skew assignments found ;
; c_imag[10]       ; No output delay, min/max delays, false-path exceptions, or max skew assignments found ;
; c_imag[11]       ; No output delay, min/max delays, false-path exceptions, or max skew assignments found ;
; c_imag[12]       ; No output delay, min/max delays, false-path exceptions, or max skew assignments found ;
; c_imag[13]       ; No output delay, min/max delays, false-path exceptions, or max skew assignments found ;
; c_imag[14]       ; No output delay, min/max delays, false-path exceptions, or max skew assignments found ;
; c_imag[15]       ; No output delay, min/max delays, false-path exceptions, or max skew assignments found ;
; c_imag[16]       ; No output delay, min/max delays, false-path exceptions, or max skew assignments found ;
; c_imag[17]       ; No output delay, min/max delays, false-path exceptions, or max skew assignments found ;
; c_imag[18]       ; No output delay, min/max delays, false-path exceptions, or max skew assignments found ;
; c_imag[19]       ; No output delay, min/max delays, false-path exceptions, or max skew assignments found ;
; c_imag[20]       ; No output delay, min/max delays, false-path exceptions, or max skew assignments found ;
; c_imag[21]       ; No output delay, min/max delays, false-path exceptions, or max skew assignments found ;
; c_imag[22]       ; No output delay, min/max delays, false-path exceptions, or max skew assignments found ;
; c_imag[23]       ; No output delay, min/max delays, false-path exceptions, or max skew assignments found ;
; c_imag[24]       ; No output delay, min/max delays, false-path exceptions, or max skew assignments found ;
; c_imag[25]       ; No output delay, min/max delays, false-path exceptions, or max skew assignments found ;
; c_imag[26]       ; No output delay, min/max delays, false-path exceptions, or max skew assignments found ;
; c_imag[27]       ; No output delay, min/max delays, false-path exceptions, or max skew assignments found ;
; c_imag[28]       ; No output delay, min/max delays, false-path exceptions, or max skew assignments found ;
; c_imag[29]       ; No output delay, min/max delays, false-path exceptions, or max skew assignments found ;
; c_imag[30]       ; No output delay, min/max delays, false-path exceptions, or max skew assignments found ;
; c_imag[31]       ; No output delay, min/max delays, false-path exceptions, or max skew assignments found ;
; c_real[0]        ; No output delay, min/max delays, false-path exceptions, or max skew assignments found ;
; c_real[1]        ; No output delay, min/max delays, false-path exceptions, or max skew assignments found ;
; c_real[2]        ; No output delay, min/max delays, false-path exceptions, or max skew assignments found ;
; c_real[3]        ; No output delay, min/max delays, false-path exceptions, or max skew assignments found ;
; c_real[4]        ; No output delay, min/max delays, false-path exceptions, or max skew assignments found ;
; c_real[5]        ; No output delay, min/max delays, false-path exceptions, or max skew assignments found ;
; c_real[6]        ; No output delay, min/max delays, false-path exceptions, or max skew assignments found ;
; c_real[7]        ; No output delay, min/max delays, false-path exceptions, or max skew assignments found ;
; c_real[8]        ; No output delay, min/max delays, false-path exceptions, or max skew assignments found ;
; c_real[9]        ; No output delay, min/max delays, false-path exceptions, or max skew assignments found ;
; c_real[10]       ; No output delay, min/max delays, false-path exceptions, or max skew assignments found ;
; c_real[11]       ; No output delay, min/max delays, false-path exceptions, or max skew assignments found ;
; c_real[12]       ; No output delay, min/max delays, false-path exceptions, or max skew assignments found ;
; c_real[13]       ; No output delay, min/max delays, false-path exceptions, or max skew assignments found ;
; c_real[14]       ; No output delay, min/max delays, false-path exceptions, or max skew assignments found ;
; c_real[15]       ; No output delay, min/max delays, false-path exceptions, or max skew assignments found ;
; c_real[16]       ; No output delay, min/max delays, false-path exceptions, or max skew assignments found ;
; c_real[17]       ; No output delay, min/max delays, false-path exceptions, or max skew assignments found ;
; c_real[18]       ; No output delay, min/max delays, false-path exceptions, or max skew assignments found ;
; c_real[19]       ; No output delay, min/max delays, false-path exceptions, or max skew assignments found ;
; c_real[20]       ; No output delay, min/max delays, false-path exceptions, or max skew assignments found ;
; c_real[21]       ; No output delay, min/max delays, false-path exceptions, or max skew assignments found ;
; c_real[22]       ; No output delay, min/max delays, false-path exceptions, or max skew assignments found ;
; c_real[23]       ; No output delay, min/max delays, false-path exceptions, or max skew assignments found ;
; c_real[24]       ; No output delay, min/max delays, false-path exceptions, or max skew assignments found ;
; c_real[25]       ; No output delay, min/max delays, false-path exceptions, or max skew assignments found ;
; c_real[26]       ; No output delay, min/max delays, false-path exceptions, or max skew assignments found ;
; c_real[27]       ; No output delay, min/max delays, false-path exceptions, or max skew assignments found ;
; c_real[28]       ; No output delay, min/max delays, false-path exceptions, or max skew assignments found ;
; c_real[29]       ; No output delay, min/max delays, false-path exceptions, or max skew assignments found ;
; c_real[30]       ; No output delay, min/max delays, false-path exceptions, or max skew assignments found ;
; c_real[31]       ; No output delay, min/max delays, false-path exceptions, or max skew assignments found ;
; frame_done       ; No output delay, min/max delays, false-path exceptions, or max skew assignments found ;
; o_blue_out[0]    ; No output delay, min/max delays, false-path exceptions, or max skew assignments found ;
; o_blue_out[1]    ; No output delay, min/max delays, false-path exceptions, or max skew assignments found ;
; o_blue_out[2]    ; No output delay, min/max delays, false-path exceptions, or max skew assignments found ;
; o_green_out[0]   ; No output delay, min/max delays, false-path exceptions, or max skew assignments found ;
; o_green_out[1]   ; No output delay, min/max delays, false-path exceptions, or max skew assignments found ;
; o_green_out[2]   ; No output delay, min/max delays, false-path exceptions, or max skew assignments found ;
; o_h_sync         ; No output delay, min/max delays, false-path exceptions, or max skew assignments found ;
; o_pixel_x[0]     ; No output delay, min/max delays, false-path exceptions, or max skew assignments found ;
; o_pixel_x[1]     ; No output delay, min/max delays, false-path exceptions, or max skew assignments found ;
; o_pixel_x[2]     ; No output delay, min/max delays, false-path exceptions, or max skew assignments found ;
; o_pixel_x[3]     ; No output delay, min/max delays, false-path exceptions, or max skew assignments found ;
; o_pixel_x[4]     ; No output delay, min/max delays, false-path exceptions, or max skew assignments found ;
; o_pixel_x[5]     ; No output delay, min/max delays, false-path exceptions, or max skew assignments found ;
; o_pixel_x[6]     ; No output delay, min/max delays, false-path exceptions, or max skew assignments found ;
; o_pixel_x[7]     ; No output delay, min/max delays, false-path exceptions, or max skew assignments found ;
; o_pixel_x[8]     ; No output delay, min/max delays, false-path exceptions, or max skew assignments found ;
; o_pixel_x[9]     ; No output delay, min/max delays, false-path exceptions, or max skew assignments found ;
; o_pixel_y[0]     ; No output delay, min/max delays, false-path exceptions, or max skew assignments found ;
; o_pixel_y[1]     ; No output delay, min/max delays, false-path exceptions, or max skew assignments found ;
; o_pixel_y[2]     ; No output delay, min/max delays, false-path exceptions, or max skew assignments found ;
; o_pixel_y[3]     ; No output delay, min/max delays, false-path exceptions, or max skew assignments found ;
; o_pixel_y[4]     ; No output delay, min/max delays, false-path exceptions, or max skew assignments found ;
; o_pixel_y[5]     ; No output delay, min/max delays, false-path exceptions, or max skew assignments found ;
; o_pixel_y[6]     ; No output delay, min/max delays, false-path exceptions, or max skew assignments found ;
; o_pixel_y[7]     ; No output delay, min/max delays, false-path exceptions, or max skew assignments found ;
; o_pixel_y[8]     ; No output delay, min/max delays, false-path exceptions, or max skew assignments found ;
; o_pixel_y[9]     ; No output delay, min/max delays, false-path exceptions, or max skew assignments found ;
; o_red_out[0]     ; No output delay, min/max delays, false-path exceptions, or max skew assignments found ;
; o_red_out[1]     ; No output delay, min/max delays, false-path exceptions, or max skew assignments found ;
; o_red_out[2]     ; No output delay, min/max delays, false-path exceptions, or max skew assignments found ;
; o_v_sync         ; No output delay, min/max delays, false-path exceptions, or max skew assignments found ;
; o_vid_display    ; No output delay, min/max delays, false-path exceptions, or max skew assignments found ;
+------------------+---------------------------------------------------------------------------------------+


+--------------------------+
; Timing Analyzer Messages ;
+--------------------------+
Info: *******************************************************************
Info: Running Quartus Prime Timing Analyzer
    Info: Version 18.1.0 Build 625 09/12/2018 SJ Lite Edition
    Info: Processing started: Sun Jul 05 17:01:50 2026
Info: Command: quartus_sta FPGA_mandelbrot_explorer -c FPGA_mandelbrot_explorer
Info: qsta_default_script.tcl version: #1
Warning (18236): Number of processors has not been specified which may cause overloading on shared machines.  Set the global assignment NUM_PARALLEL_PROCESSORS in your QSF to an appropriate value for best performance.
Info (20030): Parallel compilation is enabled and will use 2 of the 2 processors detected
Info (21077): Low junction temperature is 0 degrees C
Info (21077): High junction temperature is 85 degrees C
Critical Warning (332012): Synopsys Design Constraints File file not found: 'FPGA_mandelbrot_explorer.sdc'. A Synopsys Design Constraints File is required by the Timing Analyzer to get proper timing constraints. Without it, the Compiler will not properly optimize the design.
Info (332142): No user constrained base clocks found in the design. Calling "derive_clocks -period 1.0"
Info (332105): Deriving Clocks
    Info (332105): create_clock -period 1.000 -name clk clk
Info (332143): No user constrained clock uncertainty found in the design. Calling "derive_clock_uncertainty"
Info (332123): Deriving Clock Uncertainty. Please refer to report_sdc in the Timing Analyzer to see clock uncertainties.
Info: Found TIMING_ANALYZER_REPORT_SCRIPT_INCLUDE_DEFAULT_ANALYSIS = ON
Info: Analyzing Slow 1200mV 85C Model
Info: Can't run Report Timing Closure Recommendations. The current device family is not supported.
Critical Warning (332148): Timing requirements not met
Info (332146): Worst-case setup slack is -2.981
    Info (332119):     Slack       End Point TNS Clock 
    Info (332119): ========= =================== =====================
    Info (332119):    -2.981            -984.397 clk 
Info (332146): Worst-case hold slack is 0.241
    Info (332119):     Slack       End Point TNS Clock 
    Info (332119): ========= =================== =====================
    Info (332119):     0.241               0.000 clk 
Info (332140): No Recovery paths to report
Info (332140): No Removal paths to report
Info (332146): Worst-case minimum pulse width slack is -3.000
    Info (332119):     Slack       End Point TNS Clock 
    Info (332119): ========= =================== =====================
    Info (332119):    -3.000           -1099.400 clk 
Info (332114): Report Metastability: Found 74 synchronizer chains.
    Info (332114): Design MTBF is not calculated because the design doesn't meet its timing requirements.
Info: Analyzing Slow 1200mV 0C Model
Info (334003): Started post-fitting delay annotation
Info (334004): Delay annotation completed successfully
Info (332123): Deriving Clock Uncertainty. Please refer to report_sdc in the Timing Analyzer to see clock uncertainties.
Critical Warning (332148): Timing requirements not met
Info (332146): Worst-case setup slack is -2.614
    Info (332119):     Slack       End Point TNS Clock 
    Info (332119): ========= =================== =====================
    Info (332119):    -2.614            -858.433 clk 
Info (332146): Worst-case hold slack is 0.244
    Info (332119):     Slack       End Point TNS Clock 
    Info (332119): ========= =================== =====================
    Info (332119):     0.244               0.000 clk 
Info (332140): No Recovery paths to report
Info (332140): No Removal paths to report
Info (332146): Worst-case minimum pulse width slack is -3.000
    Info (332119):     Slack       End Point TNS Clock 
    Info (332119): ========= =================== =====================
    Info (332119):    -3.000           -1067.360 clk 
Info (332114): Report Metastability: Found 74 synchronizer chains.
    Info (332114): Design MTBF is not calculated because the design doesn't meet its timing requirements.
Info: Analyzing Fast 1200mV 0C Model
Info (332123): Deriving Clock Uncertainty. Please refer to report_sdc in the Timing Analyzer to see clock uncertainties.
Critical Warning (332148): Timing requirements not met
Info (332146): Worst-case setup slack is -0.855
    Info (332119):     Slack       End Point TNS Clock 
    Info (332119): ========= =================== =====================
    Info (332119):    -0.855            -197.522 clk 
Info (332146): Worst-case hold slack is 0.095
    Info (332119):     Slack       End Point TNS Clock 
    Info (332119): ========= =================== =====================
    Info (332119):     0.095               0.000 clk 
Info (332140): No Recovery paths to report
Info (332140): No Removal paths to report
Info (332146): Worst-case minimum pulse width slack is -3.000
    Info (332119):     Slack       End Point TNS Clock 
    Info (332119): ========= =================== =====================
    Info (332119):    -3.000            -557.988 clk 
Info (332114): Report Metastability: Found 74 synchronizer chains.
    Info (332114): Design MTBF is not calculated because the design doesn't meet its timing requirements.
Info (332102): Design is not fully constrained for setup requirements
Info (332102): Design is not fully constrained for hold requirements
Info: Quartus Prime Timing Analyzer was successful. 0 errors, 5 warnings
    Info: Peak virtual memory: 4804 megabytes
    Info: Processing ended: Sun Jul 05 17:02:03 2026
    Info: Elapsed time: 00:00:13
    Info: Total CPU time (on all processors): 00:00:12


