Fitter report for vga1
Thu Jul 09 09:32:45 2026
Quartus Prime Version 18.1.0 Build 625 09/12/2018 SJ Lite Edition


---------------------
; Table of Contents ;
---------------------
  1. Legal Notice
  2. Fitter Summary
  3. Fitter Settings
  4. Parallel Compilation
  5. Fitter Netlist Optimizations
  6. Ignored Assignments
  7. Incremental Compilation Preservation Summary
  8. Incremental Compilation Partition Settings
  9. Incremental Compilation Placement Preservation
 10. Pin-Out File
 11. Fitter Resource Usage Summary
 12. Fitter Partition Statistics
 13. Input Pins
 14. Output Pins
 15. Dual Purpose and Dedicated Pins
 16. I/O Bank Usage
 17. All Package Pins
 18. PLL Summary
 19. PLL Usage
 20. I/O Assignment Warnings
 21. Fitter Resource Utilization by Entity
 22. Delay Chain Summary
 23. Pad To Core Delay Chain Fanout
 24. Control Signals
 25. Global & Other Fast Signals
 26. Fitter RAM Summary
 27. Fitter DSP Block Usage Summary
 28. DSP Block Details
 29. Routing Usage Summary
 30. LAB Logic Elements
 31. LAB-wide Signals
 32. LAB Signals Sourced
 33. LAB Signals Sourced Out
 34. LAB Distinct Inputs
 35. I/O Rules Summary
 36. I/O Rules Details
 37. I/O Rules Matrix
 38. Fitter Device Options
 39. Operating Settings and Conditions
 40. Fitter Messages
 41. Fitter Suppressed Messages



----------------
; Legal Notice ;
----------------
Copyright (C) 2018  Intel Corporation. All rights reserved.
Your use of Intel Corporation's design tools, logic functions 
and other software and tools, and its AMPP partner logic 
functions, and any output files from any of the foregoing 
(including device programming or simulation files), and any 
associated documentation or information are expressly subject 
to the terms and conditions of the Intel Program License 
Subscription Agreement, the Intel Quartus Prime License Agreement,
the Intel FPGA IP License Agreement, or other applicable license
agreement, including, without limitation, that your use is for
the sole purpose of programming logic devices manufactured by
Intel and sold by Intel or its authorized distributors.  Please
refer to the applicable agreement for further details.



+----------------------------------------------------------------------------------+
; Fitter Summary                                                                   ;
+------------------------------------+---------------------------------------------+
; Fitter Status                      ; Successful - Thu Jul 09 09:32:45 2026       ;
; Quartus Prime Version              ; 18.1.0 Build 625 09/12/2018 SJ Lite Edition ;
; Revision Name                      ; vga1                                        ;
; Top-level Entity Name              ; vga1                                        ;
; Family                             ; MAX 10                                      ;
; Device                             ; 10M50DAF484C7G                              ;
; Timing Models                      ; Final                                       ;
; Total logic elements               ; 2,051 / 49,760 ( 4 % )                      ;
;     Total combinational functions  ; 1,561 / 49,760 ( 3 % )                      ;
;     Dedicated logic registers      ; 1,017 / 49,760 ( 2 % )                      ;
; Total registers                    ; 1017                                        ;
; Total pins                         ; 49 / 360 ( 14 % )                           ;
; Total virtual pins                 ; 0                                           ;
; Total memory bits                  ; 1,249,316 / 1,677,312 ( 74 % )              ;
; Embedded Multiplier 9-bit elements ; 24 / 288 ( 8 % )                            ;
; Total PLLs                         ; 1 / 4 ( 25 % )                              ;
; UFM blocks                         ; 0 / 1 ( 0 % )                               ;
; ADC blocks                         ; 0 / 2 ( 0 % )                               ;
+------------------------------------+---------------------------------------------+


+----------------------------------------------------------------------------------------------------------------------------------------------------+
; Fitter Settings                                                                                                                                    ;
+--------------------------------------------------------------------+---------------------------------------+---------------------------------------+
; Option                                                             ; Setting                               ; Default Value                         ;
+--------------------------------------------------------------------+---------------------------------------+---------------------------------------+
; Device                                                             ; 10M50DAF484C7G                        ;                                       ;
; Minimum Core Junction Temperature                                  ; 0                                     ;                                       ;
; Maximum Core Junction Temperature                                  ; 85                                    ;                                       ;
; Fit Attempts to Skip                                               ; 0                                     ; 0.0                                   ;
; Use smart compilation                                              ; Off                                   ; Off                                   ;
; Enable parallel Assembler and Timing Analyzer during compilation   ; On                                    ; On                                    ;
; Enable compact report table                                        ; Off                                   ; Off                                   ;
; Auto Merge PLLs                                                    ; On                                    ; On                                    ;
; Router Timing Optimization Level                                   ; Normal                                ; Normal                                ;
; Perform Clocking Topology Analysis During Routing                  ; Off                                   ; Off                                   ;
; Placement Effort Multiplier                                        ; 1.0                                   ; 1.0                                   ;
; Router Effort Multiplier                                           ; 1.0                                   ; 1.0                                   ;
; Optimize Hold Timing                                               ; All Paths                             ; All Paths                             ;
; Optimize Multi-Corner Timing                                       ; On                                    ; On                                    ;
; Power Optimization During Fitting                                  ; Normal compilation                    ; Normal compilation                    ;
; SSN Optimization                                                   ; Off                                   ; Off                                   ;
; Optimize Timing                                                    ; Normal compilation                    ; Normal compilation                    ;
; Optimize Timing for ECOs                                           ; Off                                   ; Off                                   ;
; Regenerate Full Fit Report During ECO Compiles                     ; Off                                   ; Off                                   ;
; Optimize IOC Register Placement for Timing                         ; Normal                                ; Normal                                ;
; Final Placement Optimizations                                      ; Automatically                         ; Automatically                         ;
; Fitter Initial Placement Seed                                      ; 1                                     ; 1                                     ;
; Periphery to Core Placement and Routing Optimization               ; Off                                   ; Off                                   ;
; PCI I/O                                                            ; Off                                   ; Off                                   ;
; Weak Pull-Up Resistor                                              ; Off                                   ; Off                                   ;
; Enable Bus-Hold Circuitry                                          ; Off                                   ; Off                                   ;
; Auto Packed Registers                                              ; Auto                                  ; Auto                                  ;
; Auto Delay Chains                                                  ; On                                    ; On                                    ;
; Auto Delay Chains for High Fanout Input Pins                       ; Off                                   ; Off                                   ;
; Allow Single-ended Buffer for Differential-XSTL Input              ; Off                                   ; Off                                   ;
; Treat Bidirectional Pin as Output Pin                              ; Off                                   ; Off                                   ;
; Perform Physical Synthesis for Combinational Logic for Fitting     ; Off                                   ; Off                                   ;
; Perform Physical Synthesis for Combinational Logic for Performance ; Off                                   ; Off                                   ;
; Perform Register Duplication for Performance                       ; Off                                   ; Off                                   ;
; Perform Logic to Memory Mapping for Fitting                        ; Off                                   ; Off                                   ;
; Perform Register Retiming for Performance                          ; Off                                   ; Off                                   ;
; Perform Asynchronous Signal Pipelining                             ; Off                                   ; Off                                   ;
; Fitter Effort                                                      ; Auto Fit                              ; Auto Fit                              ;
; Physical Synthesis Effort Level                                    ; Normal                                ; Normal                                ;
; Logic Cell Insertion - Logic Duplication                           ; Auto                                  ; Auto                                  ;
; Auto Register Duplication                                          ; Auto                                  ; Auto                                  ;
; Auto Global Clock                                                  ; On                                    ; On                                    ;
; Auto Global Register Control Signals                               ; On                                    ; On                                    ;
; Reserve all unused pins                                            ; As input tri-stated with weak pull-up ; As input tri-stated with weak pull-up ;
; Synchronizer Identification                                        ; Auto                                  ; Auto                                  ;
; Enable Beneficial Skew Optimization                                ; On                                    ; On                                    ;
; Optimize Design for Metastability                                  ; On                                    ; On                                    ;
; Force Fitter to Avoid Periphery Placement Warnings                 ; Off                                   ; Off                                   ;
; Enable input tri-state on active configuration pins in user mode   ; Off                                   ; Off                                   ;
+--------------------------------------------------------------------+---------------------------------------+---------------------------------------+


+------------------------------------------+
; Parallel Compilation                     ;
+----------------------------+-------------+
; Processors                 ; Number      ;
+----------------------------+-------------+
; Number detected on machine ; 2           ;
; Maximum allowed            ; 2           ;
;                            ;             ;
; Average used               ; 1.25        ;
; Maximum used               ; 2           ;
;                            ;             ;
; Usage by Processor         ; % Time Used ;
;     Processor 1            ; 100.0%      ;
;     Processor 2            ;  25.3%      ;
+----------------------------+-------------+


+---------------------------------------------------------------------------------------------------------------------------------------------------------------------------------------------------------------------------------------------------------------------------------------------------------------------------------------------------------------+
; Fitter Netlist Optimizations                                                                                                                                                                                                                                                                                                                                  ;
+---------------------------------------------------------------------------+-----------------+------------------+------------------------+-----------+---------------------------------------------------+------------------------------------------------------------------------------+------------------+---------------------------------------------------+
; Node                                                                      ; Action          ; Operation        ; Reason                 ; Node Port ; Node Port Name                                    ; Destination Node                                                             ; Destination Port ; Destination Port Name                             ;
+---------------------------------------------------------------------------+-----------------+------------------+------------------------+-----------+---------------------------------------------------+------------------------------------------------------------------------------+------------------+---------------------------------------------------+
; mandelbrot_pixel_core:inst6|zi[0]                                         ; Packed Register ; Register Packing ; Timing optimization    ; Q         ;                                                   ; mandelbrot_pixel_core:inst6|lpm_mult:Mult1|mult_qgs:auto_generated|mac_mult5 ; DATAB            ;                                                   ;
; mandelbrot_pixel_core:inst6|zi[0]                                         ; Duplicated      ; Register Packing ; Timing optimization    ; Q         ;                                                   ; mandelbrot_pixel_core:inst6|zi[0]~_Duplicate_1                               ; Q                ;                                                   ;
; mandelbrot_pixel_core:inst6|zi[0]~SCLR_LUT                                ; Created         ; Register Packing ; Timing optimization    ;           ;                                                   ;                                                                              ;                  ;                                                   ;
; mandelbrot_pixel_core:inst6|zi[0]~_Duplicate_1                            ; Packed Register ; Register Packing ; Timing optimization    ; Q         ;                                                   ; mandelbrot_pixel_core:inst6|lpm_mult:Mult1|mult_qgs:auto_generated|mac_mult3 ; DATAA            ;                                                   ;
; mandelbrot_pixel_core:inst6|zi[0]~_Duplicate_1                            ; Duplicated      ; Register Packing ; Timing optimization    ; Q         ;                                                   ; mandelbrot_pixel_core:inst6|zi[0]~_Duplicate_2                               ; Q                ;                                                   ;
; mandelbrot_pixel_core:inst6|zi[0]~_Duplicate_2                            ; Packed Register ; Register Packing ; Timing optimization    ; Q         ;                                                   ; mandelbrot_pixel_core:inst6|lpm_mult:Mult1|mult_qgs:auto_generated|mac_mult1 ; DATAA            ;                                                   ;
; mandelbrot_pixel_core:inst6|zi[0]~_Duplicate_2                            ; Duplicated      ; Register Packing ; Timing optimization    ; Q         ;                                                   ; mandelbrot_pixel_core:inst6|zi[0]~_Duplicate_3                               ; Q                ;                                                   ;
; mandelbrot_pixel_core:inst6|zi[0]~_Duplicate_3                            ; Packed Register ; Register Packing ; Timing optimization    ; Q         ;                                                   ; mandelbrot_pixel_core:inst6|lpm_mult:Mult1|mult_qgs:auto_generated|mac_mult1 ; DATAB            ;                                                   ;
; mandelbrot_pixel_core:inst6|zi[0]~_Duplicate_3                            ; Duplicated      ; Register Packing ; Timing optimization    ; Q         ;                                                   ; mandelbrot_pixel_core:inst6|zi[0]~_Duplicate_4                               ; Q                ;                                                   ;
; mandelbrot_pixel_core:inst6|zi[0]~_Duplicate_4                            ; Packed Register ; Register Packing ; Timing optimization    ; Q         ;                                                   ; mandelbrot_pixel_core:inst6|lpm_mult:Mult2|mult_qgs:auto_generated|mac_mult1 ; DATAB            ;                                                   ;
; mandelbrot_pixel_core:inst6|zi[0]~_Duplicate_4                            ; Duplicated      ; Register Packing ; Timing optimization    ; Q         ;                                                   ; mandelbrot_pixel_core:inst6|zi[0]~_Duplicate_5                               ; Q                ;                                                   ;
; mandelbrot_pixel_core:inst6|zi[0]~_Duplicate_5                            ; Packed Register ; Register Packing ; Timing optimization    ; Q         ;                                                   ; mandelbrot_pixel_core:inst6|lpm_mult:Mult2|mult_qgs:auto_generated|mac_mult5 ; DATAB            ;                                                   ;
; mandelbrot_pixel_core:inst6|zi[0]~_Duplicate_5                            ; Duplicated      ; Register Packing ; Timing optimization    ; Q         ;                                                   ; mandelbrot_pixel_core:inst6|zi[0]~_Duplicate_6                               ; Q                ;                                                   ;
; mandelbrot_pixel_core:inst6|zi[1]                                         ; Packed Register ; Register Packing ; Timing optimization    ; Q         ;                                                   ; mandelbrot_pixel_core:inst6|lpm_mult:Mult1|mult_qgs:auto_generated|mac_mult5 ; DATAB            ;                                                   ;
; mandelbrot_pixel_core:inst6|zi[1]                                         ; Duplicated      ; Register Packing ; Timing optimization    ; Q         ;                                                   ; mandelbrot_pixel_core:inst6|zi[1]~_Duplicate_1                               ; Q                ;                                                   ;
; mandelbrot_pixel_core:inst6|zi[1]~SCLR_LUT                                ; Created         ; Register Packing ; Timing optimization    ;           ;                                                   ;                                                                              ;                  ;                                                   ;
; mandelbrot_pixel_core:inst6|zi[1]~_Duplicate_1                            ; Packed Register ; Register Packing ; Timing optimization    ; Q         ;                                                   ; mandelbrot_pixel_core:inst6|lpm_mult:Mult1|mult_qgs:auto_generated|mac_mult3 ; DATAA            ;                                                   ;
; mandelbrot_pixel_core:inst6|zi[1]~_Duplicate_1                            ; Duplicated      ; Register Packing ; Timing optimization    ; Q         ;                                                   ; mandelbrot_pixel_core:inst6|zi[1]~_Duplicate_2                               ; Q                ;                                                   ;
; mandelbrot_pixel_core:inst6|zi[1]~_Duplicate_2                            ; Packed Register ; Register Packing ; Timing optimization    ; Q         ;                                                   ; mandelbrot_pixel_core:inst6|lpm_mult:Mult1|mult_qgs:auto_generated|mac_mult1 ; DATAA            ;                                                   ;
; mandelbrot_pixel_core:inst6|zi[1]~_Duplicate_2                            ; Duplicated      ; Register Packing ; Timing optimization    ; Q         ;                                                   ; mandelbrot_pixel_core:inst6|zi[1]~_Duplicate_3                               ; Q                ;                                                   ;
; mandelbrot_pixel_core:inst6|zi[1]~_Duplicate_3                            ; Packed Register ; Register Packing ; Timing optimization    ; Q         ;                                                   ; mandelbrot_pixel_core:inst6|lpm_mult:Mult1|mult_qgs:auto_generated|mac_mult1 ; DATAB            ;                                                   ;
; mandelbrot_pixel_core:inst6|zi[1]~_Duplicate_3                            ; Duplicated      ; Register Packing ; Timing optimization    ; Q         ;                                                   ; mandelbrot_pixel_core:inst6|zi[1]~_Duplicate_4                               ; Q                ;                                                   ;
; mandelbrot_pixel_core:inst6|zi[1]~_Duplicate_4                            ; Packed Register ; Register Packing ; Timing optimization    ; Q         ;                                                   ; mandelbrot_pixel_core:inst6|lpm_mult:Mult2|mult_qgs:auto_generated|mac_mult1 ; DATAB            ;                                                   ;
; mandelbrot_pixel_core:inst6|zi[1]~_Duplicate_4                            ; Duplicated      ; Register Packing ; Timing optimization    ; Q         ;                                                   ; mandelbrot_pixel_core:inst6|zi[1]~_Duplicate_5                               ; Q                ;                                                   ;
; mandelbrot_pixel_core:inst6|zi[1]~_Duplicate_5                            ; Packed Register ; Register Packing ; Timing optimization    ; Q         ;                                                   ; mandelbrot_pixel_core:inst6|lpm_mult:Mult2|mult_qgs:auto_generated|mac_mult5 ; DATAB            ;                                                   ;
; mandelbrot_pixel_core:inst6|zi[2]                                         ; Packed Register ; Register Packing ; Timing optimization    ; Q         ;                                                   ; mandelbrot_pixel_core:inst6|lpm_mult:Mult1|mult_qgs:auto_generated|mac_mult5 ; DATAB            ;                                                   ;
; mandelbrot_pixel_core:inst6|zi[2]                                         ; Duplicated      ; Register Packing ; Timing optimization    ; Q         ;                                                   ; mandelbrot_pixel_core:inst6|zi[2]~_Duplicate_1                               ; Q                ;                                                   ;
; mandelbrot_pixel_core:inst6|zi[2]~SCLR_LUT                                ; Created         ; Register Packing ; Timing optimization    ;           ;                                                   ;                                                                              ;                  ;                                                   ;
; mandelbrot_pixel_core:inst6|zi[2]~_Duplicate_1                            ; Packed Register ; Register Packing ; Timing optimization    ; Q         ;                                                   ; mandelbrot_pixel_core:inst6|lpm_mult:Mult1|mult_qgs:auto_generated|mac_mult3 ; DATAA            ;                                                   ;
; mandelbrot_pixel_core:inst6|zi[2]~_Duplicate_1                            ; Duplicated      ; Register Packing ; Timing optimization    ; Q         ;                                                   ; mandelbrot_pixel_core:inst6|zi[2]~_Duplicate_2                               ; Q                ;                                                   ;
; mandelbrot_pixel_core:inst6|zi[2]~_Duplicate_2                            ; Packed Register ; Register Packing ; Timing optimization    ; Q         ;                                                   ; mandelbrot_pixel_core:inst6|lpm_mult:Mult1|mult_qgs:auto_generated|mac_mult1 ; DATAA            ;                                                   ;
; mandelbrot_pixel_core:inst6|zi[2]~_Duplicate_2                            ; Duplicated      ; Register Packing ; Timing optimization    ; Q         ;                                                   ; mandelbrot_pixel_core:inst6|zi[2]~_Duplicate_3                               ; Q                ;                                                   ;
; mandelbrot_pixel_core:inst6|zi[2]~_Duplicate_3                            ; Packed Register ; Register Packing ; Timing optimization    ; Q         ;                                                   ; mandelbrot_pixel_core:inst6|lpm_mult:Mult1|mult_qgs:auto_generated|mac_mult1 ; DATAB            ;                                                   ;
; mandelbrot_pixel_core:inst6|zi[2]~_Duplicate_3                            ; Duplicated      ; Register Packing ; Timing optimization    ; Q         ;                                                   ; mandelbrot_pixel_core:inst6|zi[2]~_Duplicate_4                               ; Q                ;                                                   ;
; mandelbrot_pixel_core:inst6|zi[2]~_Duplicate_4                            ; Packed Register ; Register Packing ; Timing optimization    ; Q         ;                                                   ; mandelbrot_pixel_core:inst6|lpm_mult:Mult2|mult_qgs:auto_generated|mac_mult1 ; DATAB            ;                                                   ;
; mandelbrot_pixel_core:inst6|zi[2]~_Duplicate_4                            ; Duplicated      ; Register Packing ; Timing optimization    ; Q         ;                                                   ; mandelbrot_pixel_core:inst6|zi[2]~_Duplicate_5                               ; Q                ;                                                   ;
; mandelbrot_pixel_core:inst6|zi[2]~_Duplicate_5                            ; Packed Register ; Register Packing ; Timing optimization    ; Q         ;                                                   ; mandelbrot_pixel_core:inst6|lpm_mult:Mult2|mult_qgs:auto_generated|mac_mult5 ; DATAB            ;                                                   ;
; mandelbrot_pixel_core:inst6|zi[3]                                         ; Packed Register ; Register Packing ; Timing optimization    ; Q         ;                                                   ; mandelbrot_pixel_core:inst6|lpm_mult:Mult1|mult_qgs:auto_generated|mac_mult5 ; DATAB            ;                                                   ;
; mandelbrot_pixel_core:inst6|zi[3]                                         ; Duplicated      ; Register Packing ; Timing optimization    ; Q         ;                                                   ; mandelbrot_pixel_core:inst6|zi[3]~_Duplicate_1                               ; Q                ;                                                   ;
; mandelbrot_pixel_core:inst6|zi[3]~SCLR_LUT                                ; Created         ; Register Packing ; Timing optimization    ;           ;                                                   ;                                                                              ;                  ;                                                   ;
; mandelbrot_pixel_core:inst6|zi[3]~_Duplicate_1                            ; Packed Register ; Register Packing ; Timing optimization    ; Q         ;                                                   ; mandelbrot_pixel_core:inst6|lpm_mult:Mult1|mult_qgs:auto_generated|mac_mult3 ; DATAA            ;                                                   ;
; mandelbrot_pixel_core:inst6|zi[3]~_Duplicate_1                            ; Duplicated      ; Register Packing ; Timing optimization    ; Q         ;                                                   ; mandelbrot_pixel_core:inst6|zi[3]~_Duplicate_2                               ; Q                ;                                                   ;
; mandelbrot_pixel_core:inst6|zi[3]~_Duplicate_2                            ; Packed Register ; Register Packing ; Timing optimization    ; Q         ;                                                   ; mandelbrot_pixel_core:inst6|lpm_mult:Mult1|mult_qgs:auto_generated|mac_mult1 ; DATAA            ;                                                   ;
; mandelbrot_pixel_core:inst6|zi[3]~_Duplicate_2                            ; Duplicated      ; Register Packing ; Timing optimization    ; Q         ;                                                   ; mandelbrot_pixel_core:inst6|zi[3]~_Duplicate_3                               ; Q                ;                                                   ;
; mandelbrot_pixel_core:inst6|zi[3]~_Duplicate_3                            ; Packed Register ; Register Packing ; Timing optimization    ; Q         ;                                                   ; mandelbrot_pixel_core:inst6|lpm_mult:Mult1|mult_qgs:auto_generated|mac_mult1 ; DATAB            ;                                                   ;
; mandelbrot_pixel_core:inst6|zi[3]~_Duplicate_3                            ; Duplicated      ; Register Packing ; Timing optimization    ; Q         ;                                                   ; mandelbrot_pixel_core:inst6|zi[3]~_Duplicate_4                               ; Q                ;                                                   ;
; mandelbrot_pixel_core:inst6|zi[3]~_Duplicate_4                            ; Packed Register ; Register Packing ; Timing optimization    ; Q         ;                                                   ; mandelbrot_pixel_core:inst6|lpm_mult:Mult2|mult_qgs:auto_generated|mac_mult1 ; DATAB            ;                                                   ;
; mandelbrot_pixel_core:inst6|zi[3]~_Duplicate_4                            ; Duplicated      ; Register Packing ; Timing optimization    ; Q         ;                                                   ; mandelbrot_pixel_core:inst6|zi[3]~_Duplicate_5                               ; Q                ;                                                   ;
; mandelbrot_pixel_core:inst6|zi[3]~_Duplicate_5                            ; Packed Register ; Register Packing ; Timing optimization    ; Q         ;                                                   ; mandelbrot_pixel_core:inst6|lpm_mult:Mult2|mult_qgs:auto_generated|mac_mult5 ; DATAB            ;                                                   ;
; mandelbrot_pixel_core:inst6|zi[4]                                         ; Packed Register ; Register Packing ; Timing optimization    ; Q         ;                                                   ; mandelbrot_pixel_core:inst6|lpm_mult:Mult1|mult_qgs:auto_generated|mac_mult5 ; DATAB            ;                                                   ;
; mandelbrot_pixel_core:inst6|zi[4]                                         ; Duplicated      ; Register Packing ; Timing optimization    ; Q         ;                                                   ; mandelbrot_pixel_core:inst6|zi[4]~_Duplicate_1                               ; Q                ;                                                   ;
; mandelbrot_pixel_core:inst6|zi[4]~SCLR_LUT                                ; Created         ; Register Packing ; Timing optimization    ;           ;                                                   ;                                                                              ;                  ;                                                   ;
; mandelbrot_pixel_core:inst6|zi[4]~_Duplicate_1                            ; Packed Register ; Register Packing ; Timing optimization    ; Q         ;                                                   ; mandelbrot_pixel_core:inst6|lpm_mult:Mult1|mult_qgs:auto_generated|mac_mult3 ; DATAA            ;                                                   ;
; mandelbrot_pixel_core:inst6|zi[4]~_Duplicate_1                            ; Duplicated      ; Register Packing ; Timing optimization    ; Q         ;                                                   ; mandelbrot_pixel_core:inst6|zi[4]~_Duplicate_2                               ; Q                ;                                                   ;
; mandelbrot_pixel_core:inst6|zi[4]~_Duplicate_2                            ; Packed Register ; Register Packing ; Timing optimization    ; Q         ;                                                   ; mandelbrot_pixel_core:inst6|lpm_mult:Mult1|mult_qgs:auto_generated|mac_mult1 ; DATAA            ;                                                   ;
; mandelbrot_pixel_core:inst6|zi[4]~_Duplicate_2                            ; Duplicated      ; Register Packing ; Timing optimization    ; Q         ;                                                   ; mandelbrot_pixel_core:inst6|zi[4]~_Duplicate_3                               ; Q                ;                                                   ;
; mandelbrot_pixel_core:inst6|zi[4]~_Duplicate_3                            ; Packed Register ; Register Packing ; Timing optimization    ; Q         ;                                                   ; mandelbrot_pixel_core:inst6|lpm_mult:Mult1|mult_qgs:auto_generated|mac_mult1 ; DATAB            ;                                                   ;
; mandelbrot_pixel_core:inst6|zi[4]~_Duplicate_3                            ; Duplicated      ; Register Packing ; Timing optimization    ; Q         ;                                                   ; mandelbrot_pixel_core:inst6|zi[4]~_Duplicate_4                               ; Q                ;                                                   ;
; mandelbrot_pixel_core:inst6|zi[4]~_Duplicate_4                            ; Packed Register ; Register Packing ; Timing optimization    ; Q         ;                                                   ; mandelbrot_pixel_core:inst6|lpm_mult:Mult2|mult_qgs:auto_generated|mac_mult1 ; DATAB            ;                                                   ;
; mandelbrot_pixel_core:inst6|zi[4]~_Duplicate_4                            ; Duplicated      ; Register Packing ; Timing optimization    ; Q         ;                                                   ; mandelbrot_pixel_core:inst6|zi[4]~_Duplicate_5                               ; Q                ;                                                   ;
; mandelbrot_pixel_core:inst6|zi[4]~_Duplicate_5                            ; Packed Register ; Register Packing ; Timing optimization    ; Q         ;                                                   ; mandelbrot_pixel_core:inst6|lpm_mult:Mult2|mult_qgs:auto_generated|mac_mult5 ; DATAB            ;                                                   ;
; mandelbrot_pixel_core:inst6|zi[5]                                         ; Packed Register ; Register Packing ; Timing optimization    ; Q         ;                                                   ; mandelbrot_pixel_core:inst6|lpm_mult:Mult1|mult_qgs:auto_generated|mac_mult5 ; DATAB            ;                                                   ;
; mandelbrot_pixel_core:inst6|zi[5]                                         ; Duplicated      ; Register Packing ; Timing optimization    ; Q         ;                                                   ; mandelbrot_pixel_core:inst6|zi[5]~_Duplicate_1                               ; Q                ;                                                   ;
; mandelbrot_pixel_core:inst6|zi[5]~SCLR_LUT                                ; Created         ; Register Packing ; Timing optimization    ;           ;                                                   ;                                                                              ;                  ;                                                   ;
; mandelbrot_pixel_core:inst6|zi[5]~_Duplicate_1                            ; Packed Register ; Register Packing ; Timing optimization    ; Q         ;                                                   ; mandelbrot_pixel_core:inst6|lpm_mult:Mult1|mult_qgs:auto_generated|mac_mult3 ; DATAA            ;                                                   ;
; mandelbrot_pixel_core:inst6|zi[5]~_Duplicate_1                            ; Duplicated      ; Register Packing ; Timing optimization    ; Q         ;                                                   ; mandelbrot_pixel_core:inst6|zi[5]~_Duplicate_2                               ; Q                ;                                                   ;
; mandelbrot_pixel_core:inst6|zi[5]~_Duplicate_2                            ; Packed Register ; Register Packing ; Timing optimization    ; Q         ;                                                   ; mandelbrot_pixel_core:inst6|lpm_mult:Mult1|mult_qgs:auto_generated|mac_mult1 ; DATAA            ;                                                   ;
; mandelbrot_pixel_core:inst6|zi[5]~_Duplicate_2                            ; Duplicated      ; Register Packing ; Timing optimization    ; Q         ;                                                   ; mandelbrot_pixel_core:inst6|zi[5]~_Duplicate_3                               ; Q                ;                                                   ;
; mandelbrot_pixel_core:inst6|zi[5]~_Duplicate_3                            ; Packed Register ; Register Packing ; Timing optimization    ; Q         ;                                                   ; mandelbrot_pixel_core:inst6|lpm_mult:Mult1|mult_qgs:auto_generated|mac_mult1 ; DATAB            ;                                                   ;
; mandelbrot_pixel_core:inst6|zi[5]~_Duplicate_3                            ; Duplicated      ; Register Packing ; Timing optimization    ; Q         ;                                                   ; mandelbrot_pixel_core:inst6|zi[5]~_Duplicate_4                               ; Q                ;                                                   ;
; mandelbrot_pixel_core:inst6|zi[5]~_Duplicate_4                            ; Packed Register ; Register Packing ; Timing optimization    ; Q         ;                                                   ; mandelbrot_pixel_core:inst6|lpm_mult:Mult2|mult_qgs:auto_generated|mac_mult1 ; DATAB            ;                                                   ;
; mandelbrot_pixel_core:inst6|zi[5]~_Duplicate_4                            ; Duplicated      ; Register Packing ; Timing optimization    ; Q         ;                                                   ; mandelbrot_pixel_core:inst6|zi[5]~_Duplicate_5                               ; Q                ;                                                   ;
; mandelbrot_pixel_core:inst6|zi[5]~_Duplicate_5                            ; Packed Register ; Register Packing ; Timing optimization    ; Q         ;                                                   ; mandelbrot_pixel_core:inst6|lpm_mult:Mult2|mult_qgs:auto_generated|mac_mult5 ; DATAB            ;                                                   ;
; mandelbrot_pixel_core:inst6|zi[6]                                         ; Packed Register ; Register Packing ; Timing optimization    ; Q         ;                                                   ; mandelbrot_pixel_core:inst6|lpm_mult:Mult1|mult_qgs:auto_generated|mac_mult5 ; DATAB            ;                                                   ;
; mandelbrot_pixel_core:inst6|zi[6]                                         ; Duplicated      ; Register Packing ; Timing optimization    ; Q         ;                                                   ; mandelbrot_pixel_core:inst6|zi[6]~_Duplicate_1                               ; Q                ;                                                   ;
; mandelbrot_pixel_core:inst6|zi[6]~SCLR_LUT                                ; Created         ; Register Packing ; Timing optimization    ;           ;                                                   ;                                                                              ;                  ;                                                   ;
; mandelbrot_pixel_core:inst6|zi[6]~_Duplicate_1                            ; Packed Register ; Register Packing ; Timing optimization    ; Q         ;                                                   ; mandelbrot_pixel_core:inst6|lpm_mult:Mult1|mult_qgs:auto_generated|mac_mult3 ; DATAA            ;                                                   ;
; mandelbrot_pixel_core:inst6|zi[6]~_Duplicate_1                            ; Duplicated      ; Register Packing ; Timing optimization    ; Q         ;                                                   ; mandelbrot_pixel_core:inst6|zi[6]~_Duplicate_2                               ; Q                ;                                                   ;
; mandelbrot_pixel_core:inst6|zi[6]~_Duplicate_2                            ; Packed Register ; Register Packing ; Timing optimization    ; Q         ;                                                   ; mandelbrot_pixel_core:inst6|lpm_mult:Mult1|mult_qgs:auto_generated|mac_mult1 ; DATAA            ;                                                   ;
; mandelbrot_pixel_core:inst6|zi[6]~_Duplicate_2                            ; Duplicated      ; Register Packing ; Timing optimization    ; Q         ;                                                   ; mandelbrot_pixel_core:inst6|zi[6]~_Duplicate_3                               ; Q                ;                                                   ;
; mandelbrot_pixel_core:inst6|zi[6]~_Duplicate_3                            ; Packed Register ; Register Packing ; Timing optimization    ; Q         ;                                                   ; mandelbrot_pixel_core:inst6|lpm_mult:Mult1|mult_qgs:auto_generated|mac_mult1 ; DATAB            ;                                                   ;
; mandelbrot_pixel_core:inst6|zi[6]~_Duplicate_3                            ; Duplicated      ; Register Packing ; Timing optimization    ; Q         ;                                                   ; mandelbrot_pixel_core:inst6|zi[6]~_Duplicate_4                               ; Q                ;                                                   ;
; mandelbrot_pixel_core:inst6|zi[6]~_Duplicate_4                            ; Packed Register ; Register Packing ; Timing optimization    ; Q         ;                                                   ; mandelbrot_pixel_core:inst6|lpm_mult:Mult2|mult_qgs:auto_generated|mac_mult1 ; DATAB            ;                                                   ;
; mandelbrot_pixel_core:inst6|zi[6]~_Duplicate_4                            ; Duplicated      ; Register Packing ; Timing optimization    ; Q         ;                                                   ; mandelbrot_pixel_core:inst6|zi[6]~_Duplicate_5                               ; Q                ;                                                   ;
; mandelbrot_pixel_core:inst6|zi[6]~_Duplicate_5                            ; Packed Register ; Register Packing ; Timing optimization    ; Q         ;                                                   ; mandelbrot_pixel_core:inst6|lpm_mult:Mult2|mult_qgs:auto_generated|mac_mult5 ; DATAB            ;                                                   ;
; mandelbrot_pixel_core:inst6|zi[7]                                         ; Packed Register ; Register Packing ; Timing optimization    ; Q         ;                                                   ; mandelbrot_pixel_core:inst6|lpm_mult:Mult1|mult_qgs:auto_generated|mac_mult5 ; DATAB            ;                                                   ;
; mandelbrot_pixel_core:inst6|zi[7]                                         ; Duplicated      ; Register Packing ; Timing optimization    ; Q         ;                                                   ; mandelbrot_pixel_core:inst6|zi[7]~_Duplicate_1                               ; Q                ;                                                   ;
; mandelbrot_pixel_core:inst6|zi[7]~SCLR_LUT                                ; Created         ; Register Packing ; Timing optimization    ;           ;                                                   ;                                                                              ;                  ;                                                   ;
; mandelbrot_pixel_core:inst6|zi[7]~_Duplicate_1                            ; Packed Register ; Register Packing ; Timing optimization    ; Q         ;                                                   ; mandelbrot_pixel_core:inst6|lpm_mult:Mult1|mult_qgs:auto_generated|mac_mult3 ; DATAA            ;                                                   ;
; mandelbrot_pixel_core:inst6|zi[7]~_Duplicate_1                            ; Duplicated      ; Register Packing ; Timing optimization    ; Q         ;                                                   ; mandelbrot_pixel_core:inst6|zi[7]~_Duplicate_2                               ; Q                ;                                                   ;
; mandelbrot_pixel_core:inst6|zi[7]~_Duplicate_2                            ; Packed Register ; Register Packing ; Timing optimization    ; Q         ;                                                   ; mandelbrot_pixel_core:inst6|lpm_mult:Mult1|mult_qgs:auto_generated|mac_mult1 ; DATAA            ;                                                   ;
; mandelbrot_pixel_core:inst6|zi[7]~_Duplicate_2                            ; Duplicated      ; Register Packing ; Timing optimization    ; Q         ;                                                   ; mandelbrot_pixel_core:inst6|zi[7]~_Duplicate_3                               ; Q                ;                                                   ;
; mandelbrot_pixel_core:inst6|zi[7]~_Duplicate_3                            ; Packed Register ; Register Packing ; Timing optimization    ; Q         ;                                                   ; mandelbrot_pixel_core:inst6|lpm_mult:Mult1|mult_qgs:auto_generated|mac_mult1 ; DATAB            ;                                                   ;
; mandelbrot_pixel_core:inst6|zi[7]~_Duplicate_3                            ; Duplicated      ; Register Packing ; Timing optimization    ; Q         ;                                                   ; mandelbrot_pixel_core:inst6|zi[7]~_Duplicate_4                               ; Q                ;                                                   ;
; mandelbrot_pixel_core:inst6|zi[7]~_Duplicate_4                            ; Packed Register ; Register Packing ; Timing optimization    ; Q         ;                                                   ; mandelbrot_pixel_core:inst6|lpm_mult:Mult2|mult_qgs:auto_generated|mac_mult1 ; DATAB            ;                                                   ;
; mandelbrot_pixel_core:inst6|zi[7]~_Duplicate_4                            ; Duplicated      ; Register Packing ; Timing optimization    ; Q         ;                                                   ; mandelbrot_pixel_core:inst6|zi[7]~_Duplicate_5                               ; Q                ;                                                   ;
; mandelbrot_pixel_core:inst6|zi[7]~_Duplicate_5                            ; Packed Register ; Register Packing ; Timing optimization    ; Q         ;                                                   ; mandelbrot_pixel_core:inst6|lpm_mult:Mult2|mult_qgs:auto_generated|mac_mult5 ; DATAB            ;                                                   ;
; mandelbrot_pixel_core:inst6|zi[8]                                         ; Packed Register ; Register Packing ; Timing optimization    ; Q         ;                                                   ; mandelbrot_pixel_core:inst6|lpm_mult:Mult1|mult_qgs:auto_generated|mac_mult5 ; DATAB            ;                                                   ;
; mandelbrot_pixel_core:inst6|zi[8]                                         ; Duplicated      ; Register Packing ; Timing optimization    ; Q         ;                                                   ; mandelbrot_pixel_core:inst6|zi[8]~_Duplicate_1                               ; Q                ;                                                   ;
; mandelbrot_pixel_core:inst6|zi[8]~SCLR_LUT                                ; Created         ; Register Packing ; Timing optimization    ;           ;                                                   ;                                                                              ;                  ;                                                   ;
; mandelbrot_pixel_core:inst6|zi[8]~_Duplicate_1                            ; Packed Register ; Register Packing ; Timing optimization    ; Q         ;                                                   ; mandelbrot_pixel_core:inst6|lpm_mult:Mult1|mult_qgs:auto_generated|mac_mult3 ; DATAA            ;                                                   ;
; mandelbrot_pixel_core:inst6|zi[8]~_Duplicate_1                            ; Duplicated      ; Register Packing ; Timing optimization    ; Q         ;                                                   ; mandelbrot_pixel_core:inst6|zi[8]~_Duplicate_2                               ; Q                ;                                                   ;
; mandelbrot_pixel_core:inst6|zi[8]~_Duplicate_2                            ; Packed Register ; Register Packing ; Timing optimization    ; Q         ;                                                   ; mandelbrot_pixel_core:inst6|lpm_mult:Mult1|mult_qgs:auto_generated|mac_mult1 ; DATAA            ;                                                   ;
; mandelbrot_pixel_core:inst6|zi[8]~_Duplicate_2                            ; Duplicated      ; Register Packing ; Timing optimization    ; Q         ;                                                   ; mandelbrot_pixel_core:inst6|zi[8]~_Duplicate_3                               ; Q                ;                                                   ;
; mandelbrot_pixel_core:inst6|zi[8]~_Duplicate_3                            ; Packed Register ; Register Packing ; Timing optimization    ; Q         ;                                                   ; mandelbrot_pixel_core:inst6|lpm_mult:Mult1|mult_qgs:auto_generated|mac_mult1 ; DATAB            ;                                                   ;
; mandelbrot_pixel_core:inst6|zi[8]~_Duplicate_3                            ; Duplicated      ; Register Packing ; Timing optimization    ; Q         ;                                                   ; mandelbrot_pixel_core:inst6|zi[8]~_Duplicate_4                               ; Q                ;                                                   ;
; mandelbrot_pixel_core:inst6|zi[8]~_Duplicate_4                            ; Packed Register ; Register Packing ; Timing optimization    ; Q         ;                                                   ; mandelbrot_pixel_core:inst6|lpm_mult:Mult2|mult_qgs:auto_generated|mac_mult1 ; DATAB            ;                                                   ;
; mandelbrot_pixel_core:inst6|zi[8]~_Duplicate_4                            ; Duplicated      ; Register Packing ; Timing optimization    ; Q         ;                                                   ; mandelbrot_pixel_core:inst6|zi[8]~_Duplicate_5                               ; Q                ;                                                   ;
; mandelbrot_pixel_core:inst6|zi[8]~_Duplicate_5                            ; Packed Register ; Register Packing ; Timing optimization    ; Q         ;                                                   ; mandelbrot_pixel_core:inst6|lpm_mult:Mult2|mult_qgs:auto_generated|mac_mult5 ; DATAB            ;                                                   ;
; mandelbrot_pixel_core:inst6|zi[9]                                         ; Packed Register ; Register Packing ; Timing optimization    ; Q         ;                                                   ; mandelbrot_pixel_core:inst6|lpm_mult:Mult1|mult_qgs:auto_generated|mac_mult5 ; DATAB            ;                                                   ;
; mandelbrot_pixel_core:inst6|zi[9]                                         ; Duplicated      ; Register Packing ; Timing optimization    ; Q         ;                                                   ; mandelbrot_pixel_core:inst6|zi[9]~_Duplicate_1                               ; Q                ;                                                   ;
; mandelbrot_pixel_core:inst6|zi[9]~SCLR_LUT                                ; Created         ; Register Packing ; Timing optimization    ;           ;                                                   ;                                                                              ;                  ;                                                   ;
; mandelbrot_pixel_core:inst6|zi[9]~_Duplicate_1                            ; Packed Register ; Register Packing ; Timing optimization    ; Q         ;                                                   ; mandelbrot_pixel_core:inst6|lpm_mult:Mult1|mult_qgs:auto_generated|mac_mult3 ; DATAA            ;                                                   ;
; mandelbrot_pixel_core:inst6|zi[9]~_Duplicate_1                            ; Duplicated      ; Register Packing ; Timing optimization    ; Q         ;                                                   ; mandelbrot_pixel_core:inst6|zi[9]~_Duplicate_2                               ; Q                ;                                                   ;
; mandelbrot_pixel_core:inst6|zi[9]~_Duplicate_2                            ; Packed Register ; Register Packing ; Timing optimization    ; Q         ;                                                   ; mandelbrot_pixel_core:inst6|lpm_mult:Mult1|mult_qgs:auto_generated|mac_mult1 ; DATAA            ;                                                   ;
; mandelbrot_pixel_core:inst6|zi[9]~_Duplicate_2                            ; Duplicated      ; Register Packing ; Timing optimization    ; Q         ;                                                   ; mandelbrot_pixel_core:inst6|zi[9]~_Duplicate_3                               ; Q                ;                                                   ;
; mandelbrot_pixel_core:inst6|zi[9]~_Duplicate_3                            ; Packed Register ; Register Packing ; Timing optimization    ; Q         ;                                                   ; mandelbrot_pixel_core:inst6|lpm_mult:Mult1|mult_qgs:auto_generated|mac_mult1 ; DATAB            ;                                                   ;
; mandelbrot_pixel_core:inst6|zi[9]~_Duplicate_3                            ; Duplicated      ; Register Packing ; Timing optimization    ; Q         ;                                                   ; mandelbrot_pixel_core:inst6|zi[9]~_Duplicate_4                               ; Q                ;                                                   ;
; mandelbrot_pixel_core:inst6|zi[9]~_Duplicate_4                            ; Packed Register ; Register Packing ; Timing optimization    ; Q         ;                                                   ; mandelbrot_pixel_core:inst6|lpm_mult:Mult2|mult_qgs:auto_generated|mac_mult1 ; DATAB            ;                                                   ;
; mandelbrot_pixel_core:inst6|zi[9]~_Duplicate_4                            ; Duplicated      ; Register Packing ; Timing optimization    ; Q         ;                                                   ; mandelbrot_pixel_core:inst6|zi[9]~_Duplicate_5                               ; Q                ;                                                   ;
; mandelbrot_pixel_core:inst6|zi[9]~_Duplicate_5                            ; Packed Register ; Register Packing ; Timing optimization    ; Q         ;                                                   ; mandelbrot_pixel_core:inst6|lpm_mult:Mult2|mult_qgs:auto_generated|mac_mult5 ; DATAB            ;                                                   ;
; mandelbrot_pixel_core:inst6|zi[10]                                        ; Packed Register ; Register Packing ; Timing optimization    ; Q         ;                                                   ; mandelbrot_pixel_core:inst6|lpm_mult:Mult1|mult_qgs:auto_generated|mac_mult5 ; DATAB            ;                                                   ;
; mandelbrot_pixel_core:inst6|zi[10]                                        ; Duplicated      ; Register Packing ; Timing optimization    ; Q         ;                                                   ; mandelbrot_pixel_core:inst6|zi[10]~_Duplicate_1                              ; Q                ;                                                   ;
; mandelbrot_pixel_core:inst6|zi[10]~SCLR_LUT                               ; Created         ; Register Packing ; Timing optimization    ;           ;                                                   ;                                                                              ;                  ;                                                   ;
; mandelbrot_pixel_core:inst6|zi[10]~_Duplicate_1                           ; Packed Register ; Register Packing ; Timing optimization    ; Q         ;                                                   ; mandelbrot_pixel_core:inst6|lpm_mult:Mult1|mult_qgs:auto_generated|mac_mult3 ; DATAA            ;                                                   ;
; mandelbrot_pixel_core:inst6|zi[10]~_Duplicate_1                           ; Duplicated      ; Register Packing ; Timing optimization    ; Q         ;                                                   ; mandelbrot_pixel_core:inst6|zi[10]~_Duplicate_2                              ; Q                ;                                                   ;
; mandelbrot_pixel_core:inst6|zi[10]~_Duplicate_2                           ; Packed Register ; Register Packing ; Timing optimization    ; Q         ;                                                   ; mandelbrot_pixel_core:inst6|lpm_mult:Mult1|mult_qgs:auto_generated|mac_mult1 ; DATAA            ;                                                   ;
; mandelbrot_pixel_core:inst6|zi[10]~_Duplicate_2                           ; Duplicated      ; Register Packing ; Timing optimization    ; Q         ;                                                   ; mandelbrot_pixel_core:inst6|zi[10]~_Duplicate_3                              ; Q                ;                                                   ;
; mandelbrot_pixel_core:inst6|zi[10]~_Duplicate_3                           ; Packed Register ; Register Packing ; Timing optimization    ; Q         ;                                                   ; mandelbrot_pixel_core:inst6|lpm_mult:Mult1|mult_qgs:auto_generated|mac_mult1 ; DATAB            ;                                                   ;
; mandelbrot_pixel_core:inst6|zi[10]~_Duplicate_3                           ; Duplicated      ; Register Packing ; Timing optimization    ; Q         ;                                                   ; mandelbrot_pixel_core:inst6|zi[10]~_Duplicate_4                              ; Q                ;                                                   ;
; mandelbrot_pixel_core:inst6|zi[10]~_Duplicate_4                           ; Packed Register ; Register Packing ; Timing optimization    ; Q         ;                                                   ; mandelbrot_pixel_core:inst6|lpm_mult:Mult2|mult_qgs:auto_generated|mac_mult1 ; DATAB            ;                                                   ;
; mandelbrot_pixel_core:inst6|zi[10]~_Duplicate_4                           ; Duplicated      ; Register Packing ; Timing optimization    ; Q         ;                                                   ; mandelbrot_pixel_core:inst6|zi[10]~_Duplicate_5                              ; Q                ;                                                   ;
; mandelbrot_pixel_core:inst6|zi[10]~_Duplicate_5                           ; Packed Register ; Register Packing ; Timing optimization    ; Q         ;                                                   ; mandelbrot_pixel_core:inst6|lpm_mult:Mult2|mult_qgs:auto_generated|mac_mult5 ; DATAB            ;                                                   ;
; mandelbrot_pixel_core:inst6|zi[11]                                        ; Packed Register ; Register Packing ; Timing optimization    ; Q         ;                                                   ; mandelbrot_pixel_core:inst6|lpm_mult:Mult1|mult_qgs:auto_generated|mac_mult5 ; DATAB            ;                                                   ;
; mandelbrot_pixel_core:inst6|zi[11]                                        ; Duplicated      ; Register Packing ; Timing optimization    ; Q         ;                                                   ; mandelbrot_pixel_core:inst6|zi[11]~_Duplicate_1                              ; Q                ;                                                   ;
; mandelbrot_pixel_core:inst6|zi[11]~SCLR_LUT                               ; Created         ; Register Packing ; Timing optimization    ;           ;                                                   ;                                                                              ;                  ;                                                   ;
; mandelbrot_pixel_core:inst6|zi[11]~_Duplicate_1                           ; Packed Register ; Register Packing ; Timing optimization    ; Q         ;                                                   ; mandelbrot_pixel_core:inst6|lpm_mult:Mult1|mult_qgs:auto_generated|mac_mult3 ; DATAA            ;                                                   ;
; mandelbrot_pixel_core:inst6|zi[11]~_Duplicate_1                           ; Duplicated      ; Register Packing ; Timing optimization    ; Q         ;                                                   ; mandelbrot_pixel_core:inst6|zi[11]~_Duplicate_2                              ; Q                ;                                                   ;
; mandelbrot_pixel_core:inst6|zi[11]~_Duplicate_2                           ; Packed Register ; Register Packing ; Timing optimization    ; Q         ;                                                   ; mandelbrot_pixel_core:inst6|lpm_mult:Mult1|mult_qgs:auto_generated|mac_mult1 ; DATAA            ;                                                   ;
; mandelbrot_pixel_core:inst6|zi[11]~_Duplicate_2                           ; Duplicated      ; Register Packing ; Timing optimization    ; Q         ;                                                   ; mandelbrot_pixel_core:inst6|zi[11]~_Duplicate_3                              ; Q                ;                                                   ;
; mandelbrot_pixel_core:inst6|zi[11]~_Duplicate_3                           ; Packed Register ; Register Packing ; Timing optimization    ; Q         ;                                                   ; mandelbrot_pixel_core:inst6|lpm_mult:Mult1|mult_qgs:auto_generated|mac_mult1 ; DATAB            ;                                                   ;
; mandelbrot_pixel_core:inst6|zi[11]~_Duplicate_3                           ; Duplicated      ; Register Packing ; Timing optimization    ; Q         ;                                                   ; mandelbrot_pixel_core:inst6|zi[11]~_Duplicate_4                              ; Q                ;                                                   ;
; mandelbrot_pixel_core:inst6|zi[11]~_Duplicate_4                           ; Packed Register ; Register Packing ; Timing optimization    ; Q         ;                                                   ; mandelbrot_pixel_core:inst6|lpm_mult:Mult2|mult_qgs:auto_generated|mac_mult1 ; DATAB            ;                                                   ;
; mandelbrot_pixel_core:inst6|zi[11]~_Duplicate_4                           ; Duplicated      ; Register Packing ; Timing optimization    ; Q         ;                                                   ; mandelbrot_pixel_core:inst6|zi[11]~_Duplicate_5                              ; Q                ;                                                   ;
; mandelbrot_pixel_core:inst6|zi[11]~_Duplicate_5                           ; Packed Register ; Register Packing ; Timing optimization    ; Q         ;                                                   ; mandelbrot_pixel_core:inst6|lpm_mult:Mult2|mult_qgs:auto_generated|mac_mult5 ; DATAB            ;                                                   ;
; mandelbrot_pixel_core:inst6|zi[12]                                        ; Packed Register ; Register Packing ; Timing optimization    ; Q         ;                                                   ; mandelbrot_pixel_core:inst6|lpm_mult:Mult1|mult_qgs:auto_generated|mac_mult5 ; DATAB            ;                                                   ;
; mandelbrot_pixel_core:inst6|zi[12]                                        ; Duplicated      ; Register Packing ; Timing optimization    ; Q         ;                                                   ; mandelbrot_pixel_core:inst6|zi[12]~_Duplicate_1                              ; Q                ;                                                   ;
; mandelbrot_pixel_core:inst6|zi[12]~SCLR_LUT                               ; Created         ; Register Packing ; Timing optimization    ;           ;                                                   ;                                                                              ;                  ;                                                   ;
; mandelbrot_pixel_core:inst6|zi[12]~_Duplicate_1                           ; Packed Register ; Register Packing ; Timing optimization    ; Q         ;                                                   ; mandelbrot_pixel_core:inst6|lpm_mult:Mult1|mult_qgs:auto_generated|mac_mult3 ; DATAA            ;                                                   ;
; mandelbrot_pixel_core:inst6|zi[12]~_Duplicate_1                           ; Duplicated      ; Register Packing ; Timing optimization    ; Q         ;                                                   ; mandelbrot_pixel_core:inst6|zi[12]~_Duplicate_2                              ; Q                ;                                                   ;
; mandelbrot_pixel_core:inst6|zi[12]~_Duplicate_2                           ; Packed Register ; Register Packing ; Timing optimization    ; Q         ;                                                   ; mandelbrot_pixel_core:inst6|lpm_mult:Mult1|mult_qgs:auto_generated|mac_mult1 ; DATAA            ;                                                   ;
; mandelbrot_pixel_core:inst6|zi[12]~_Duplicate_2                           ; Duplicated      ; Register Packing ; Timing optimization    ; Q         ;                                                   ; mandelbrot_pixel_core:inst6|zi[12]~_Duplicate_3                              ; Q                ;                                                   ;
; mandelbrot_pixel_core:inst6|zi[12]~_Duplicate_3                           ; Packed Register ; Register Packing ; Timing optimization    ; Q         ;                                                   ; mandelbrot_pixel_core:inst6|lpm_mult:Mult1|mult_qgs:auto_generated|mac_mult1 ; DATAB            ;                                                   ;
; mandelbrot_pixel_core:inst6|zi[12]~_Duplicate_3                           ; Duplicated      ; Register Packing ; Timing optimization    ; Q         ;                                                   ; mandelbrot_pixel_core:inst6|zi[12]~_Duplicate_4                              ; Q                ;                                                   ;
; mandelbrot_pixel_core:inst6|zi[12]~_Duplicate_4                           ; Packed Register ; Register Packing ; Timing optimization    ; Q         ;                                                   ; mandelbrot_pixel_core:inst6|lpm_mult:Mult2|mult_qgs:auto_generated|mac_mult1 ; DATAB            ;                                                   ;
; mandelbrot_pixel_core:inst6|zi[12]~_Duplicate_4                           ; Duplicated      ; Register Packing ; Timing optimization    ; Q         ;                                                   ; mandelbrot_pixel_core:inst6|zi[12]~_Duplicate_5                              ; Q                ;                                                   ;
; mandelbrot_pixel_core:inst6|zi[12]~_Duplicate_5                           ; Packed Register ; Register Packing ; Timing optimization    ; Q         ;                                                   ; mandelbrot_pixel_core:inst6|lpm_mult:Mult2|mult_qgs:auto_generated|mac_mult5 ; DATAB            ;                                                   ;
; mandelbrot_pixel_core:inst6|zi[13]                                        ; Packed Register ; Register Packing ; Timing optimization    ; Q         ;                                                   ; mandelbrot_pixel_core:inst6|lpm_mult:Mult1|mult_qgs:auto_generated|mac_mult5 ; DATAB            ;                                                   ;
; mandelbrot_pixel_core:inst6|zi[13]                                        ; Duplicated      ; Register Packing ; Timing optimization    ; Q         ;                                                   ; mandelbrot_pixel_core:inst6|zi[13]~_Duplicate_1                              ; Q                ;                                                   ;
; mandelbrot_pixel_core:inst6|zi[13]~SCLR_LUT                               ; Created         ; Register Packing ; Timing optimization    ;           ;                                                   ;                                                                              ;                  ;                                                   ;
; mandelbrot_pixel_core:inst6|zi[13]~_Duplicate_1                           ; Packed Register ; Register Packing ; Timing optimization    ; Q         ;                                                   ; mandelbrot_pixel_core:inst6|lpm_mult:Mult1|mult_qgs:auto_generated|mac_mult3 ; DATAA            ;                                                   ;
; mandelbrot_pixel_core:inst6|zi[13]~_Duplicate_1                           ; Duplicated      ; Register Packing ; Timing optimization    ; Q         ;                                                   ; mandelbrot_pixel_core:inst6|zi[13]~_Duplicate_2                              ; Q                ;                                                   ;
; mandelbrot_pixel_core:inst6|zi[13]~_Duplicate_2                           ; Packed Register ; Register Packing ; Timing optimization    ; Q         ;                                                   ; mandelbrot_pixel_core:inst6|lpm_mult:Mult1|mult_qgs:auto_generated|mac_mult1 ; DATAA            ;                                                   ;
; mandelbrot_pixel_core:inst6|zi[13]~_Duplicate_2                           ; Duplicated      ; Register Packing ; Timing optimization    ; Q         ;                                                   ; mandelbrot_pixel_core:inst6|zi[13]~_Duplicate_3                              ; Q                ;                                                   ;
; mandelbrot_pixel_core:inst6|zi[13]~_Duplicate_3                           ; Packed Register ; Register Packing ; Timing optimization    ; Q         ;                                                   ; mandelbrot_pixel_core:inst6|lpm_mult:Mult1|mult_qgs:auto_generated|mac_mult1 ; DATAB            ;                                                   ;
; mandelbrot_pixel_core:inst6|zi[13]~_Duplicate_3                           ; Duplicated      ; Register Packing ; Timing optimization    ; Q         ;                                                   ; mandelbrot_pixel_core:inst6|zi[13]~_Duplicate_4                              ; Q                ;                                                   ;
; mandelbrot_pixel_core:inst6|zi[13]~_Duplicate_4                           ; Packed Register ; Register Packing ; Timing optimization    ; Q         ;                                                   ; mandelbrot_pixel_core:inst6|lpm_mult:Mult2|mult_qgs:auto_generated|mac_mult1 ; DATAB            ;                                                   ;
; mandelbrot_pixel_core:inst6|zi[13]~_Duplicate_4                           ; Duplicated      ; Register Packing ; Timing optimization    ; Q         ;                                                   ; mandelbrot_pixel_core:inst6|zi[13]~_Duplicate_5                              ; Q                ;                                                   ;
; mandelbrot_pixel_core:inst6|zi[13]~_Duplicate_5                           ; Packed Register ; Register Packing ; Timing optimization    ; Q         ;                                                   ; mandelbrot_pixel_core:inst6|lpm_mult:Mult2|mult_qgs:auto_generated|mac_mult5 ; DATAB            ;                                                   ;
; mandelbrot_pixel_core:inst6|zi[14]                                        ; Packed Register ; Register Packing ; Timing optimization    ; Q         ;                                                   ; mandelbrot_pixel_core:inst6|lpm_mult:Mult1|mult_qgs:auto_generated|mac_mult5 ; DATAB            ;                                                   ;
; mandelbrot_pixel_core:inst6|zi[14]                                        ; Duplicated      ; Register Packing ; Timing optimization    ; Q         ;                                                   ; mandelbrot_pixel_core:inst6|zi[14]~_Duplicate_1                              ; Q                ;                                                   ;
; mandelbrot_pixel_core:inst6|zi[14]~SCLR_LUT                               ; Created         ; Register Packing ; Timing optimization    ;           ;                                                   ;                                                                              ;                  ;                                                   ;
; mandelbrot_pixel_core:inst6|zi[14]~_Duplicate_1                           ; Packed Register ; Register Packing ; Timing optimization    ; Q         ;                                                   ; mandelbrot_pixel_core:inst6|lpm_mult:Mult1|mult_qgs:auto_generated|mac_mult3 ; DATAA            ;                                                   ;
; mandelbrot_pixel_core:inst6|zi[14]~_Duplicate_1                           ; Duplicated      ; Register Packing ; Timing optimization    ; Q         ;                                                   ; mandelbrot_pixel_core:inst6|zi[14]~_Duplicate_2                              ; Q                ;                                                   ;
; mandelbrot_pixel_core:inst6|zi[14]~_Duplicate_2                           ; Packed Register ; Register Packing ; Timing optimization    ; Q         ;                                                   ; mandelbrot_pixel_core:inst6|lpm_mult:Mult1|mult_qgs:auto_generated|mac_mult1 ; DATAA            ;                                                   ;
; mandelbrot_pixel_core:inst6|zi[14]~_Duplicate_2                           ; Duplicated      ; Register Packing ; Timing optimization    ; Q         ;                                                   ; mandelbrot_pixel_core:inst6|zi[14]~_Duplicate_3                              ; Q                ;                                                   ;
; mandelbrot_pixel_core:inst6|zi[14]~_Duplicate_3                           ; Packed Register ; Register Packing ; Timing optimization    ; Q         ;                                                   ; mandelbrot_pixel_core:inst6|lpm_mult:Mult1|mult_qgs:auto_generated|mac_mult1 ; DATAB            ;                                                   ;
; mandelbrot_pixel_core:inst6|zi[14]~_Duplicate_3                           ; Duplicated      ; Register Packing ; Timing optimization    ; Q         ;                                                   ; mandelbrot_pixel_core:inst6|zi[14]~_Duplicate_4                              ; Q                ;                                                   ;
; mandelbrot_pixel_core:inst6|zi[14]~_Duplicate_4                           ; Packed Register ; Register Packing ; Timing optimization    ; Q         ;                                                   ; mandelbrot_pixel_core:inst6|lpm_mult:Mult2|mult_qgs:auto_generated|mac_mult1 ; DATAB            ;                                                   ;
; mandelbrot_pixel_core:inst6|zi[14]~_Duplicate_4                           ; Duplicated      ; Register Packing ; Timing optimization    ; Q         ;                                                   ; mandelbrot_pixel_core:inst6|zi[14]~_Duplicate_5                              ; Q                ;                                                   ;
; mandelbrot_pixel_core:inst6|zi[14]~_Duplicate_5                           ; Packed Register ; Register Packing ; Timing optimization    ; Q         ;                                                   ; mandelbrot_pixel_core:inst6|lpm_mult:Mult2|mult_qgs:auto_generated|mac_mult5 ; DATAB            ;                                                   ;
; mandelbrot_pixel_core:inst6|zi[15]                                        ; Packed Register ; Register Packing ; Timing optimization    ; Q         ;                                                   ; mandelbrot_pixel_core:inst6|lpm_mult:Mult1|mult_qgs:auto_generated|mac_mult5 ; DATAB            ;                                                   ;
; mandelbrot_pixel_core:inst6|zi[15]                                        ; Duplicated      ; Register Packing ; Timing optimization    ; Q         ;                                                   ; mandelbrot_pixel_core:inst6|zi[15]~_Duplicate_1                              ; Q                ;                                                   ;
; mandelbrot_pixel_core:inst6|zi[15]~SCLR_LUT                               ; Created         ; Register Packing ; Timing optimization    ;           ;                                                   ;                                                                              ;                  ;                                                   ;
; mandelbrot_pixel_core:inst6|zi[15]~_Duplicate_1                           ; Packed Register ; Register Packing ; Timing optimization    ; Q         ;                                                   ; mandelbrot_pixel_core:inst6|lpm_mult:Mult1|mult_qgs:auto_generated|mac_mult3 ; DATAA            ;                                                   ;
; mandelbrot_pixel_core:inst6|zi[15]~_Duplicate_1                           ; Duplicated      ; Register Packing ; Timing optimization    ; Q         ;                                                   ; mandelbrot_pixel_core:inst6|zi[15]~_Duplicate_2                              ; Q                ;                                                   ;
; mandelbrot_pixel_core:inst6|zi[15]~_Duplicate_2                           ; Packed Register ; Register Packing ; Timing optimization    ; Q         ;                                                   ; mandelbrot_pixel_core:inst6|lpm_mult:Mult1|mult_qgs:auto_generated|mac_mult1 ; DATAA            ;                                                   ;
; mandelbrot_pixel_core:inst6|zi[15]~_Duplicate_2                           ; Duplicated      ; Register Packing ; Timing optimization    ; Q         ;                                                   ; mandelbrot_pixel_core:inst6|zi[15]~_Duplicate_3                              ; Q                ;                                                   ;
; mandelbrot_pixel_core:inst6|zi[15]~_Duplicate_3                           ; Packed Register ; Register Packing ; Timing optimization    ; Q         ;                                                   ; mandelbrot_pixel_core:inst6|lpm_mult:Mult1|mult_qgs:auto_generated|mac_mult1 ; DATAB            ;                                                   ;
; mandelbrot_pixel_core:inst6|zi[15]~_Duplicate_3                           ; Duplicated      ; Register Packing ; Timing optimization    ; Q         ;                                                   ; mandelbrot_pixel_core:inst6|zi[15]~_Duplicate_4                              ; Q                ;                                                   ;
; mandelbrot_pixel_core:inst6|zi[15]~_Duplicate_4                           ; Packed Register ; Register Packing ; Timing optimization    ; Q         ;                                                   ; mandelbrot_pixel_core:inst6|lpm_mult:Mult2|mult_qgs:auto_generated|mac_mult1 ; DATAB            ;                                                   ;
; mandelbrot_pixel_core:inst6|zi[15]~_Duplicate_4                           ; Duplicated      ; Register Packing ; Timing optimization    ; Q         ;                                                   ; mandelbrot_pixel_core:inst6|zi[15]~_Duplicate_5                              ; Q                ;                                                   ;
; mandelbrot_pixel_core:inst6|zi[15]~_Duplicate_5                           ; Packed Register ; Register Packing ; Timing optimization    ; Q         ;                                                   ; mandelbrot_pixel_core:inst6|lpm_mult:Mult2|mult_qgs:auto_generated|mac_mult5 ; DATAB            ;                                                   ;
; mandelbrot_pixel_core:inst6|zi[16]                                        ; Packed Register ; Register Packing ; Timing optimization    ; Q         ;                                                   ; mandelbrot_pixel_core:inst6|lpm_mult:Mult1|mult_qgs:auto_generated|mac_mult5 ; DATAB            ;                                                   ;
; mandelbrot_pixel_core:inst6|zi[16]                                        ; Duplicated      ; Register Packing ; Timing optimization    ; Q         ;                                                   ; mandelbrot_pixel_core:inst6|zi[16]~_Duplicate_1                              ; Q                ;                                                   ;
; mandelbrot_pixel_core:inst6|zi[16]~SCLR_LUT                               ; Created         ; Register Packing ; Timing optimization    ;           ;                                                   ;                                                                              ;                  ;                                                   ;
; mandelbrot_pixel_core:inst6|zi[16]~_Duplicate_1                           ; Packed Register ; Register Packing ; Timing optimization    ; Q         ;                                                   ; mandelbrot_pixel_core:inst6|lpm_mult:Mult1|mult_qgs:auto_generated|mac_mult3 ; DATAA            ;                                                   ;
; mandelbrot_pixel_core:inst6|zi[16]~_Duplicate_1                           ; Duplicated      ; Register Packing ; Timing optimization    ; Q         ;                                                   ; mandelbrot_pixel_core:inst6|zi[16]~_Duplicate_2                              ; Q                ;                                                   ;
; mandelbrot_pixel_core:inst6|zi[16]~_Duplicate_2                           ; Packed Register ; Register Packing ; Timing optimization    ; Q         ;                                                   ; mandelbrot_pixel_core:inst6|lpm_mult:Mult1|mult_qgs:auto_generated|mac_mult1 ; DATAA            ;                                                   ;
; mandelbrot_pixel_core:inst6|zi[16]~_Duplicate_2                           ; Duplicated      ; Register Packing ; Timing optimization    ; Q         ;                                                   ; mandelbrot_pixel_core:inst6|zi[16]~_Duplicate_3                              ; Q                ;                                                   ;
; mandelbrot_pixel_core:inst6|zi[16]~_Duplicate_3                           ; Packed Register ; Register Packing ; Timing optimization    ; Q         ;                                                   ; mandelbrot_pixel_core:inst6|lpm_mult:Mult1|mult_qgs:auto_generated|mac_mult1 ; DATAB            ;                                                   ;
; mandelbrot_pixel_core:inst6|zi[16]~_Duplicate_3                           ; Duplicated      ; Register Packing ; Timing optimization    ; Q         ;                                                   ; mandelbrot_pixel_core:inst6|zi[16]~_Duplicate_4                              ; Q                ;                                                   ;
; mandelbrot_pixel_core:inst6|zi[16]~_Duplicate_4                           ; Packed Register ; Register Packing ; Timing optimization    ; Q         ;                                                   ; mandelbrot_pixel_core:inst6|lpm_mult:Mult2|mult_qgs:auto_generated|mac_mult1 ; DATAB            ;                                                   ;
; mandelbrot_pixel_core:inst6|zi[16]~_Duplicate_4                           ; Duplicated      ; Register Packing ; Timing optimization    ; Q         ;                                                   ; mandelbrot_pixel_core:inst6|zi[16]~_Duplicate_5                              ; Q                ;                                                   ;
; mandelbrot_pixel_core:inst6|zi[16]~_Duplicate_5                           ; Packed Register ; Register Packing ; Timing optimization    ; Q         ;                                                   ; mandelbrot_pixel_core:inst6|lpm_mult:Mult2|mult_qgs:auto_generated|mac_mult5 ; DATAB            ;                                                   ;
; mandelbrot_pixel_core:inst6|zi[17]                                        ; Packed Register ; Register Packing ; Timing optimization    ; Q         ;                                                   ; mandelbrot_pixel_core:inst6|lpm_mult:Mult1|mult_qgs:auto_generated|mac_mult5 ; DATAB            ;                                                   ;
; mandelbrot_pixel_core:inst6|zi[17]                                        ; Duplicated      ; Register Packing ; Timing optimization    ; Q         ;                                                   ; mandelbrot_pixel_core:inst6|zi[17]~_Duplicate_1                              ; Q                ;                                                   ;
; mandelbrot_pixel_core:inst6|zi[17]~SCLR_LUT                               ; Created         ; Register Packing ; Timing optimization    ;           ;                                                   ;                                                                              ;                  ;                                                   ;
; mandelbrot_pixel_core:inst6|zi[17]~_Duplicate_1                           ; Packed Register ; Register Packing ; Timing optimization    ; Q         ;                                                   ; mandelbrot_pixel_core:inst6|lpm_mult:Mult1|mult_qgs:auto_generated|mac_mult3 ; DATAA            ;                                                   ;
; mandelbrot_pixel_core:inst6|zi[17]~_Duplicate_1                           ; Duplicated      ; Register Packing ; Timing optimization    ; Q         ;                                                   ; mandelbrot_pixel_core:inst6|zi[17]~_Duplicate_2                              ; Q                ;                                                   ;
; mandelbrot_pixel_core:inst6|zi[17]~_Duplicate_2                           ; Packed Register ; Register Packing ; Timing optimization    ; Q         ;                                                   ; mandelbrot_pixel_core:inst6|lpm_mult:Mult1|mult_qgs:auto_generated|mac_mult1 ; DATAA            ;                                                   ;
; mandelbrot_pixel_core:inst6|zi[17]~_Duplicate_2                           ; Duplicated      ; Register Packing ; Timing optimization    ; Q         ;                                                   ; mandelbrot_pixel_core:inst6|zi[17]~_Duplicate_3                              ; Q                ;                                                   ;
; mandelbrot_pixel_core:inst6|zi[17]~_Duplicate_3                           ; Packed Register ; Register Packing ; Timing optimization    ; Q         ;                                                   ; mandelbrot_pixel_core:inst6|lpm_mult:Mult1|mult_qgs:auto_generated|mac_mult1 ; DATAB            ;                                                   ;
; mandelbrot_pixel_core:inst6|zi[17]~_Duplicate_3                           ; Duplicated      ; Register Packing ; Timing optimization    ; Q         ;                                                   ; mandelbrot_pixel_core:inst6|zi[17]~_Duplicate_4                              ; Q                ;                                                   ;
; mandelbrot_pixel_core:inst6|zi[17]~_Duplicate_4                           ; Packed Register ; Register Packing ; Timing optimization    ; Q         ;                                                   ; mandelbrot_pixel_core:inst6|lpm_mult:Mult2|mult_qgs:auto_generated|mac_mult1 ; DATAB            ;                                                   ;
; mandelbrot_pixel_core:inst6|zi[17]~_Duplicate_4                           ; Duplicated      ; Register Packing ; Timing optimization    ; Q         ;                                                   ; mandelbrot_pixel_core:inst6|zi[17]~_Duplicate_5                              ; Q                ;                                                   ;
; mandelbrot_pixel_core:inst6|zi[17]~_Duplicate_5                           ; Packed Register ; Register Packing ; Timing optimization    ; Q         ;                                                   ; mandelbrot_pixel_core:inst6|lpm_mult:Mult2|mult_qgs:auto_generated|mac_mult5 ; DATAB            ;                                                   ;
; mandelbrot_pixel_core:inst6|zi[18]                                        ; Packed Register ; Register Packing ; Timing optimization    ; Q         ;                                                   ; mandelbrot_pixel_core:inst6|lpm_mult:Mult1|mult_qgs:auto_generated|mac_mult7 ; DATAA            ;                                                   ;
; mandelbrot_pixel_core:inst6|zi[18]                                        ; Duplicated      ; Register Packing ; Timing optimization    ; Q         ;                                                   ; mandelbrot_pixel_core:inst6|zi[18]~_Duplicate_1                              ; Q                ;                                                   ;
; mandelbrot_pixel_core:inst6|zi[18]~SCLR_LUT                               ; Created         ; Register Packing ; Timing optimization    ;           ;                                                   ;                                                                              ;                  ;                                                   ;
; mandelbrot_pixel_core:inst6|zi[18]~_Duplicate_1                           ; Packed Register ; Register Packing ; Timing optimization    ; Q         ;                                                   ; mandelbrot_pixel_core:inst6|lpm_mult:Mult1|mult_qgs:auto_generated|mac_mult7 ; DATAB            ;                                                   ;
; mandelbrot_pixel_core:inst6|zi[18]~_Duplicate_1                           ; Duplicated      ; Register Packing ; Timing optimization    ; Q         ;                                                   ; mandelbrot_pixel_core:inst6|zi[18]~_Duplicate_2                              ; Q                ;                                                   ;
; mandelbrot_pixel_core:inst6|zi[18]~_Duplicate_2                           ; Packed Register ; Register Packing ; Timing optimization    ; Q         ;                                                   ; mandelbrot_pixel_core:inst6|lpm_mult:Mult1|mult_qgs:auto_generated|mac_mult5 ; DATAA            ;                                                   ;
; mandelbrot_pixel_core:inst6|zi[18]~_Duplicate_2                           ; Duplicated      ; Register Packing ; Timing optimization    ; Q         ;                                                   ; mandelbrot_pixel_core:inst6|zi[18]~_Duplicate_3                              ; Q                ;                                                   ;
; mandelbrot_pixel_core:inst6|zi[18]~_Duplicate_3                           ; Packed Register ; Register Packing ; Timing optimization    ; Q         ;                                                   ; mandelbrot_pixel_core:inst6|lpm_mult:Mult1|mult_qgs:auto_generated|mac_mult3 ; DATAB            ;                                                   ;
; mandelbrot_pixel_core:inst6|zi[18]~_Duplicate_3                           ; Duplicated      ; Register Packing ; Timing optimization    ; Q         ;                                                   ; mandelbrot_pixel_core:inst6|zi[18]~_Duplicate_4                              ; Q                ;                                                   ;
; mandelbrot_pixel_core:inst6|zi[18]~_Duplicate_4                           ; Packed Register ; Register Packing ; Timing optimization    ; Q         ;                                                   ; mandelbrot_pixel_core:inst6|lpm_mult:Mult2|mult_qgs:auto_generated|mac_mult3 ; DATAB            ;                                                   ;
; mandelbrot_pixel_core:inst6|zi[18]~_Duplicate_4                           ; Duplicated      ; Register Packing ; Timing optimization    ; Q         ;                                                   ; mandelbrot_pixel_core:inst6|zi[18]~_Duplicate_5                              ; Q                ;                                                   ;
; mandelbrot_pixel_core:inst6|zi[18]~_Duplicate_5                           ; Packed Register ; Register Packing ; Timing optimization    ; Q         ;                                                   ; mandelbrot_pixel_core:inst6|lpm_mult:Mult2|mult_qgs:auto_generated|mac_mult7 ; DATAB            ;                                                   ;
; mandelbrot_pixel_core:inst6|zi[19]                                        ; Packed Register ; Register Packing ; Timing optimization    ; Q         ;                                                   ; mandelbrot_pixel_core:inst6|lpm_mult:Mult1|mult_qgs:auto_generated|mac_mult7 ; DATAA            ;                                                   ;
; mandelbrot_pixel_core:inst6|zi[19]                                        ; Duplicated      ; Register Packing ; Timing optimization    ; Q         ;                                                   ; mandelbrot_pixel_core:inst6|zi[19]~_Duplicate_1                              ; Q                ;                                                   ;
; mandelbrot_pixel_core:inst6|zi[19]~SCLR_LUT                               ; Created         ; Register Packing ; Timing optimization    ;           ;                                                   ;                                                                              ;                  ;                                                   ;
; mandelbrot_pixel_core:inst6|zi[19]~_Duplicate_1                           ; Packed Register ; Register Packing ; Timing optimization    ; Q         ;                                                   ; mandelbrot_pixel_core:inst6|lpm_mult:Mult1|mult_qgs:auto_generated|mac_mult7 ; DATAB            ;                                                   ;
; mandelbrot_pixel_core:inst6|zi[19]~_Duplicate_1                           ; Duplicated      ; Register Packing ; Timing optimization    ; Q         ;                                                   ; mandelbrot_pixel_core:inst6|zi[19]~_Duplicate_2                              ; Q                ;                                                   ;
; mandelbrot_pixel_core:inst6|zi[19]~_Duplicate_2                           ; Packed Register ; Register Packing ; Timing optimization    ; Q         ;                                                   ; mandelbrot_pixel_core:inst6|lpm_mult:Mult1|mult_qgs:auto_generated|mac_mult5 ; DATAA            ;                                                   ;
; mandelbrot_pixel_core:inst6|zi[19]~_Duplicate_2                           ; Duplicated      ; Register Packing ; Timing optimization    ; Q         ;                                                   ; mandelbrot_pixel_core:inst6|zi[19]~_Duplicate_3                              ; Q                ;                                                   ;
; mandelbrot_pixel_core:inst6|zi[19]~_Duplicate_3                           ; Packed Register ; Register Packing ; Timing optimization    ; Q         ;                                                   ; mandelbrot_pixel_core:inst6|lpm_mult:Mult1|mult_qgs:auto_generated|mac_mult3 ; DATAB            ;                                                   ;
; mandelbrot_pixel_core:inst6|zi[19]~_Duplicate_3                           ; Duplicated      ; Register Packing ; Timing optimization    ; Q         ;                                                   ; mandelbrot_pixel_core:inst6|zi[19]~_Duplicate_4                              ; Q                ;                                                   ;
; mandelbrot_pixel_core:inst6|zi[19]~_Duplicate_4                           ; Packed Register ; Register Packing ; Timing optimization    ; Q         ;                                                   ; mandelbrot_pixel_core:inst6|lpm_mult:Mult2|mult_qgs:auto_generated|mac_mult3 ; DATAB            ;                                                   ;
; mandelbrot_pixel_core:inst6|zi[19]~_Duplicate_4                           ; Duplicated      ; Register Packing ; Timing optimization    ; Q         ;                                                   ; mandelbrot_pixel_core:inst6|zi[19]~_Duplicate_5                              ; Q                ;                                                   ;
; mandelbrot_pixel_core:inst6|zi[19]~_Duplicate_5                           ; Packed Register ; Register Packing ; Timing optimization    ; Q         ;                                                   ; mandelbrot_pixel_core:inst6|lpm_mult:Mult2|mult_qgs:auto_generated|mac_mult7 ; DATAB            ;                                                   ;
; mandelbrot_pixel_core:inst6|zi[20]                                        ; Packed Register ; Register Packing ; Timing optimization    ; Q         ;                                                   ; mandelbrot_pixel_core:inst6|lpm_mult:Mult1|mult_qgs:auto_generated|mac_mult7 ; DATAA            ;                                                   ;
; mandelbrot_pixel_core:inst6|zi[20]                                        ; Duplicated      ; Register Packing ; Timing optimization    ; Q         ;                                                   ; mandelbrot_pixel_core:inst6|zi[20]~_Duplicate_1                              ; Q                ;                                                   ;
; mandelbrot_pixel_core:inst6|zi[20]~SCLR_LUT                               ; Created         ; Register Packing ; Timing optimization    ;           ;                                                   ;                                                                              ;                  ;                                                   ;
; mandelbrot_pixel_core:inst6|zi[20]~_Duplicate_1                           ; Packed Register ; Register Packing ; Timing optimization    ; Q         ;                                                   ; mandelbrot_pixel_core:inst6|lpm_mult:Mult1|mult_qgs:auto_generated|mac_mult7 ; DATAB            ;                                                   ;
; mandelbrot_pixel_core:inst6|zi[20]~_Duplicate_1                           ; Duplicated      ; Register Packing ; Timing optimization    ; Q         ;                                                   ; mandelbrot_pixel_core:inst6|zi[20]~_Duplicate_2                              ; Q                ;                                                   ;
; mandelbrot_pixel_core:inst6|zi[20]~_Duplicate_2                           ; Packed Register ; Register Packing ; Timing optimization    ; Q         ;                                                   ; mandelbrot_pixel_core:inst6|lpm_mult:Mult1|mult_qgs:auto_generated|mac_mult5 ; DATAA            ;                                                   ;
; mandelbrot_pixel_core:inst6|zi[20]~_Duplicate_2                           ; Duplicated      ; Register Packing ; Timing optimization    ; Q         ;                                                   ; mandelbrot_pixel_core:inst6|zi[20]~_Duplicate_3                              ; Q                ;                                                   ;
; mandelbrot_pixel_core:inst6|zi[20]~_Duplicate_3                           ; Packed Register ; Register Packing ; Timing optimization    ; Q         ;                                                   ; mandelbrot_pixel_core:inst6|lpm_mult:Mult1|mult_qgs:auto_generated|mac_mult3 ; DATAB            ;                                                   ;
; mandelbrot_pixel_core:inst6|zi[20]~_Duplicate_3                           ; Duplicated      ; Register Packing ; Timing optimization    ; Q         ;                                                   ; mandelbrot_pixel_core:inst6|zi[20]~_Duplicate_4                              ; Q                ;                                                   ;
; mandelbrot_pixel_core:inst6|zi[20]~_Duplicate_4                           ; Packed Register ; Register Packing ; Timing optimization    ; Q         ;                                                   ; mandelbrot_pixel_core:inst6|lpm_mult:Mult2|mult_qgs:auto_generated|mac_mult3 ; DATAB            ;                                                   ;
; mandelbrot_pixel_core:inst6|zi[20]~_Duplicate_4                           ; Duplicated      ; Register Packing ; Timing optimization    ; Q         ;                                                   ; mandelbrot_pixel_core:inst6|zi[20]~_Duplicate_5                              ; Q                ;                                                   ;
; mandelbrot_pixel_core:inst6|zi[20]~_Duplicate_5                           ; Packed Register ; Register Packing ; Timing optimization    ; Q         ;                                                   ; mandelbrot_pixel_core:inst6|lpm_mult:Mult2|mult_qgs:auto_generated|mac_mult7 ; DATAB            ;                                                   ;
; mandelbrot_pixel_core:inst6|zi[21]                                        ; Packed Register ; Register Packing ; Timing optimization    ; Q         ;                                                   ; mandelbrot_pixel_core:inst6|lpm_mult:Mult1|mult_qgs:auto_generated|mac_mult7 ; DATAA            ;                                                   ;
; mandelbrot_pixel_core:inst6|zi[21]                                        ; Duplicated      ; Register Packing ; Timing optimization    ; Q         ;                                                   ; mandelbrot_pixel_core:inst6|zi[21]~_Duplicate_1                              ; Q                ;                                                   ;
; mandelbrot_pixel_core:inst6|zi[21]~SCLR_LUT                               ; Created         ; Register Packing ; Timing optimization    ;           ;                                                   ;                                                                              ;                  ;                                                   ;
; mandelbrot_pixel_core:inst6|zi[21]~_Duplicate_1                           ; Packed Register ; Register Packing ; Timing optimization    ; Q         ;                                                   ; mandelbrot_pixel_core:inst6|lpm_mult:Mult1|mult_qgs:auto_generated|mac_mult7 ; DATAB            ;                                                   ;
; mandelbrot_pixel_core:inst6|zi[21]~_Duplicate_1                           ; Duplicated      ; Register Packing ; Timing optimization    ; Q         ;                                                   ; mandelbrot_pixel_core:inst6|zi[21]~_Duplicate_2                              ; Q                ;                                                   ;
; mandelbrot_pixel_core:inst6|zi[21]~_Duplicate_2                           ; Packed Register ; Register Packing ; Timing optimization    ; Q         ;                                                   ; mandelbrot_pixel_core:inst6|lpm_mult:Mult1|mult_qgs:auto_generated|mac_mult5 ; DATAA            ;                                                   ;
; mandelbrot_pixel_core:inst6|zi[21]~_Duplicate_2                           ; Duplicated      ; Register Packing ; Timing optimization    ; Q         ;                                                   ; mandelbrot_pixel_core:inst6|zi[21]~_Duplicate_3                              ; Q                ;                                                   ;
; mandelbrot_pixel_core:inst6|zi[21]~_Duplicate_3                           ; Packed Register ; Register Packing ; Timing optimization    ; Q         ;                                                   ; mandelbrot_pixel_core:inst6|lpm_mult:Mult1|mult_qgs:auto_generated|mac_mult3 ; DATAB            ;                                                   ;
; mandelbrot_pixel_core:inst6|zi[21]~_Duplicate_3                           ; Duplicated      ; Register Packing ; Timing optimization    ; Q         ;                                                   ; mandelbrot_pixel_core:inst6|zi[21]~_Duplicate_4                              ; Q                ;                                                   ;
; mandelbrot_pixel_core:inst6|zi[21]~_Duplicate_4                           ; Packed Register ; Register Packing ; Timing optimization    ; Q         ;                                                   ; mandelbrot_pixel_core:inst6|lpm_mult:Mult2|mult_qgs:auto_generated|mac_mult3 ; DATAB            ;                                                   ;
; mandelbrot_pixel_core:inst6|zi[21]~_Duplicate_4                           ; Duplicated      ; Register Packing ; Timing optimization    ; Q         ;                                                   ; mandelbrot_pixel_core:inst6|zi[21]~_Duplicate_5                              ; Q                ;                                                   ;
; mandelbrot_pixel_core:inst6|zi[21]~_Duplicate_5                           ; Packed Register ; Register Packing ; Timing optimization    ; Q         ;                                                   ; mandelbrot_pixel_core:inst6|lpm_mult:Mult2|mult_qgs:auto_generated|mac_mult7 ; DATAB            ;                                                   ;
; mandelbrot_pixel_core:inst6|zi[22]                                        ; Packed Register ; Register Packing ; Timing optimization    ; Q         ;                                                   ; mandelbrot_pixel_core:inst6|lpm_mult:Mult1|mult_qgs:auto_generated|mac_mult7 ; DATAA            ;                                                   ;
; mandelbrot_pixel_core:inst6|zi[22]                                        ; Duplicated      ; Register Packing ; Timing optimization    ; Q         ;                                                   ; mandelbrot_pixel_core:inst6|zi[22]~_Duplicate_1                              ; Q                ;                                                   ;
; mandelbrot_pixel_core:inst6|zi[22]~SCLR_LUT                               ; Created         ; Register Packing ; Timing optimization    ;           ;                                                   ;                                                                              ;                  ;                                                   ;
; mandelbrot_pixel_core:inst6|zi[22]~_Duplicate_1                           ; Packed Register ; Register Packing ; Timing optimization    ; Q         ;                                                   ; mandelbrot_pixel_core:inst6|lpm_mult:Mult1|mult_qgs:auto_generated|mac_mult7 ; DATAB            ;                                                   ;
; mandelbrot_pixel_core:inst6|zi[22]~_Duplicate_1                           ; Duplicated      ; Register Packing ; Timing optimization    ; Q         ;                                                   ; mandelbrot_pixel_core:inst6|zi[22]~_Duplicate_2                              ; Q                ;                                                   ;
; mandelbrot_pixel_core:inst6|zi[22]~_Duplicate_2                           ; Packed Register ; Register Packing ; Timing optimization    ; Q         ;                                                   ; mandelbrot_pixel_core:inst6|lpm_mult:Mult1|mult_qgs:auto_generated|mac_mult5 ; DATAA            ;                                                   ;
; mandelbrot_pixel_core:inst6|zi[22]~_Duplicate_2                           ; Duplicated      ; Register Packing ; Timing optimization    ; Q         ;                                                   ; mandelbrot_pixel_core:inst6|zi[22]~_Duplicate_3                              ; Q                ;                                                   ;
; mandelbrot_pixel_core:inst6|zi[22]~_Duplicate_3                           ; Packed Register ; Register Packing ; Timing optimization    ; Q         ;                                                   ; mandelbrot_pixel_core:inst6|lpm_mult:Mult1|mult_qgs:auto_generated|mac_mult3 ; DATAB            ;                                                   ;
; mandelbrot_pixel_core:inst6|zi[22]~_Duplicate_3                           ; Duplicated      ; Register Packing ; Timing optimization    ; Q         ;                                                   ; mandelbrot_pixel_core:inst6|zi[22]~_Duplicate_4                              ; Q                ;                                                   ;
; mandelbrot_pixel_core:inst6|zi[22]~_Duplicate_4                           ; Packed Register ; Register Packing ; Timing optimization    ; Q         ;                                                   ; mandelbrot_pixel_core:inst6|lpm_mult:Mult2|mult_qgs:auto_generated|mac_mult3 ; DATAB            ;                                                   ;
; mandelbrot_pixel_core:inst6|zi[22]~_Duplicate_4                           ; Duplicated      ; Register Packing ; Timing optimization    ; Q         ;                                                   ; mandelbrot_pixel_core:inst6|zi[22]~_Duplicate_5                              ; Q                ;                                                   ;
; mandelbrot_pixel_core:inst6|zi[22]~_Duplicate_5                           ; Packed Register ; Register Packing ; Timing optimization    ; Q         ;                                                   ; mandelbrot_pixel_core:inst6|lpm_mult:Mult2|mult_qgs:auto_generated|mac_mult7 ; DATAB            ;                                                   ;
; mandelbrot_pixel_core:inst6|zi[23]                                        ; Packed Register ; Register Packing ; Timing optimization    ; Q         ;                                                   ; mandelbrot_pixel_core:inst6|lpm_mult:Mult1|mult_qgs:auto_generated|mac_mult7 ; DATAA            ;                                                   ;
; mandelbrot_pixel_core:inst6|zi[23]                                        ; Duplicated      ; Register Packing ; Timing optimization    ; Q         ;                                                   ; mandelbrot_pixel_core:inst6|zi[23]~_Duplicate_1                              ; Q                ;                                                   ;
; mandelbrot_pixel_core:inst6|zi[23]~SCLR_LUT                               ; Created         ; Register Packing ; Timing optimization    ;           ;                                                   ;                                                                              ;                  ;                                                   ;
; mandelbrot_pixel_core:inst6|zi[23]~_Duplicate_1                           ; Packed Register ; Register Packing ; Timing optimization    ; Q         ;                                                   ; mandelbrot_pixel_core:inst6|lpm_mult:Mult1|mult_qgs:auto_generated|mac_mult7 ; DATAB            ;                                                   ;
; mandelbrot_pixel_core:inst6|zi[23]~_Duplicate_1                           ; Duplicated      ; Register Packing ; Timing optimization    ; Q         ;                                                   ; mandelbrot_pixel_core:inst6|zi[23]~_Duplicate_2                              ; Q                ;                                                   ;
; mandelbrot_pixel_core:inst6|zi[23]~_Duplicate_2                           ; Packed Register ; Register Packing ; Timing optimization    ; Q         ;                                                   ; mandelbrot_pixel_core:inst6|lpm_mult:Mult1|mult_qgs:auto_generated|mac_mult5 ; DATAA            ;                                                   ;
; mandelbrot_pixel_core:inst6|zi[23]~_Duplicate_2                           ; Duplicated      ; Register Packing ; Timing optimization    ; Q         ;                                                   ; mandelbrot_pixel_core:inst6|zi[23]~_Duplicate_3                              ; Q                ;                                                   ;
; mandelbrot_pixel_core:inst6|zi[23]~_Duplicate_3                           ; Packed Register ; Register Packing ; Timing optimization    ; Q         ;                                                   ; mandelbrot_pixel_core:inst6|lpm_mult:Mult1|mult_qgs:auto_generated|mac_mult3 ; DATAB            ;                                                   ;
; mandelbrot_pixel_core:inst6|zi[23]~_Duplicate_3                           ; Duplicated      ; Register Packing ; Timing optimization    ; Q         ;                                                   ; mandelbrot_pixel_core:inst6|zi[23]~_Duplicate_4                              ; Q                ;                                                   ;
; mandelbrot_pixel_core:inst6|zi[23]~_Duplicate_4                           ; Packed Register ; Register Packing ; Timing optimization    ; Q         ;                                                   ; mandelbrot_pixel_core:inst6|lpm_mult:Mult2|mult_qgs:auto_generated|mac_mult3 ; DATAB            ;                                                   ;
; mandelbrot_pixel_core:inst6|zi[23]~_Duplicate_4                           ; Duplicated      ; Register Packing ; Timing optimization    ; Q         ;                                                   ; mandelbrot_pixel_core:inst6|zi[23]~_Duplicate_5                              ; Q                ;                                                   ;
; mandelbrot_pixel_core:inst6|zi[23]~_Duplicate_5                           ; Packed Register ; Register Packing ; Timing optimization    ; Q         ;                                                   ; mandelbrot_pixel_core:inst6|lpm_mult:Mult2|mult_qgs:auto_generated|mac_mult7 ; DATAB            ;                                                   ;
; mandelbrot_pixel_core:inst6|zi[24]                                        ; Packed Register ; Register Packing ; Timing optimization    ; Q         ;                                                   ; mandelbrot_pixel_core:inst6|lpm_mult:Mult1|mult_qgs:auto_generated|mac_mult7 ; DATAA            ;                                                   ;
; mandelbrot_pixel_core:inst6|zi[24]                                        ; Duplicated      ; Register Packing ; Timing optimization    ; Q         ;                                                   ; mandelbrot_pixel_core:inst6|zi[24]~_Duplicate_1                              ; Q                ;                                                   ;
; mandelbrot_pixel_core:inst6|zi[24]~SCLR_LUT                               ; Created         ; Register Packing ; Timing optimization    ;           ;                                                   ;                                                                              ;                  ;                                                   ;
; mandelbrot_pixel_core:inst6|zi[24]~_Duplicate_1                           ; Packed Register ; Register Packing ; Timing optimization    ; Q         ;                                                   ; mandelbrot_pixel_core:inst6|lpm_mult:Mult1|mult_qgs:auto_generated|mac_mult7 ; DATAB            ;                                                   ;
; mandelbrot_pixel_core:inst6|zi[24]~_Duplicate_1                           ; Duplicated      ; Register Packing ; Timing optimization    ; Q         ;                                                   ; mandelbrot_pixel_core:inst6|zi[24]~_Duplicate_2                              ; Q                ;                                                   ;
; mandelbrot_pixel_core:inst6|zi[24]~_Duplicate_2                           ; Packed Register ; Register Packing ; Timing optimization    ; Q         ;                                                   ; mandelbrot_pixel_core:inst6|lpm_mult:Mult1|mult_qgs:auto_generated|mac_mult5 ; DATAA            ;                                                   ;
; mandelbrot_pixel_core:inst6|zi[24]~_Duplicate_2                           ; Duplicated      ; Register Packing ; Timing optimization    ; Q         ;                                                   ; mandelbrot_pixel_core:inst6|zi[24]~_Duplicate_3                              ; Q                ;                                                   ;
; mandelbrot_pixel_core:inst6|zi[24]~_Duplicate_3                           ; Packed Register ; Register Packing ; Timing optimization    ; Q         ;                                                   ; mandelbrot_pixel_core:inst6|lpm_mult:Mult1|mult_qgs:auto_generated|mac_mult3 ; DATAB            ;                                                   ;
; mandelbrot_pixel_core:inst6|zi[24]~_Duplicate_3                           ; Duplicated      ; Register Packing ; Timing optimization    ; Q         ;                                                   ; mandelbrot_pixel_core:inst6|zi[24]~_Duplicate_4                              ; Q                ;                                                   ;
; mandelbrot_pixel_core:inst6|zi[24]~_Duplicate_4                           ; Packed Register ; Register Packing ; Timing optimization    ; Q         ;                                                   ; mandelbrot_pixel_core:inst6|lpm_mult:Mult2|mult_qgs:auto_generated|mac_mult3 ; DATAB            ;                                                   ;
; mandelbrot_pixel_core:inst6|zi[24]~_Duplicate_4                           ; Duplicated      ; Register Packing ; Timing optimization    ; Q         ;                                                   ; mandelbrot_pixel_core:inst6|zi[24]~_Duplicate_5                              ; Q                ;                                                   ;
; mandelbrot_pixel_core:inst6|zi[24]~_Duplicate_5                           ; Packed Register ; Register Packing ; Timing optimization    ; Q         ;                                                   ; mandelbrot_pixel_core:inst6|lpm_mult:Mult2|mult_qgs:auto_generated|mac_mult7 ; DATAB            ;                                                   ;
; mandelbrot_pixel_core:inst6|zi[25]                                        ; Packed Register ; Register Packing ; Timing optimization    ; Q         ;                                                   ; mandelbrot_pixel_core:inst6|lpm_mult:Mult1|mult_qgs:auto_generated|mac_mult7 ; DATAA            ;                                                   ;
; mandelbrot_pixel_core:inst6|zi[25]                                        ; Duplicated      ; Register Packing ; Timing optimization    ; Q         ;                                                   ; mandelbrot_pixel_core:inst6|zi[25]~_Duplicate_1                              ; Q                ;                                                   ;
; mandelbrot_pixel_core:inst6|zi[25]~SCLR_LUT                               ; Created         ; Register Packing ; Timing optimization    ;           ;                                                   ;                                                                              ;                  ;                                                   ;
; mandelbrot_pixel_core:inst6|zi[25]~_Duplicate_1                           ; Packed Register ; Register Packing ; Timing optimization    ; Q         ;                                                   ; mandelbrot_pixel_core:inst6|lpm_mult:Mult1|mult_qgs:auto_generated|mac_mult7 ; DATAB            ;                                                   ;
; mandelbrot_pixel_core:inst6|zi[25]~_Duplicate_1                           ; Duplicated      ; Register Packing ; Timing optimization    ; Q         ;                                                   ; mandelbrot_pixel_core:inst6|zi[25]~_Duplicate_2                              ; Q                ;                                                   ;
; mandelbrot_pixel_core:inst6|zi[25]~_Duplicate_2                           ; Packed Register ; Register Packing ; Timing optimization    ; Q         ;                                                   ; mandelbrot_pixel_core:inst6|lpm_mult:Mult1|mult_qgs:auto_generated|mac_mult5 ; DATAA            ;                                                   ;
; mandelbrot_pixel_core:inst6|zi[25]~_Duplicate_2                           ; Duplicated      ; Register Packing ; Timing optimization    ; Q         ;                                                   ; mandelbrot_pixel_core:inst6|zi[25]~_Duplicate_3                              ; Q                ;                                                   ;
; mandelbrot_pixel_core:inst6|zi[25]~_Duplicate_3                           ; Packed Register ; Register Packing ; Timing optimization    ; Q         ;                                                   ; mandelbrot_pixel_core:inst6|lpm_mult:Mult1|mult_qgs:auto_generated|mac_mult3 ; DATAB            ;                                                   ;
; mandelbrot_pixel_core:inst6|zi[25]~_Duplicate_3                           ; Duplicated      ; Register Packing ; Timing optimization    ; Q         ;                                                   ; mandelbrot_pixel_core:inst6|zi[25]~_Duplicate_4                              ; Q                ;                                                   ;
; mandelbrot_pixel_core:inst6|zi[25]~_Duplicate_4                           ; Packed Register ; Register Packing ; Timing optimization    ; Q         ;                                                   ; mandelbrot_pixel_core:inst6|lpm_mult:Mult2|mult_qgs:auto_generated|mac_mult3 ; DATAB            ;                                                   ;
; mandelbrot_pixel_core:inst6|zi[25]~_Duplicate_4                           ; Duplicated      ; Register Packing ; Timing optimization    ; Q         ;                                                   ; mandelbrot_pixel_core:inst6|zi[25]~_Duplicate_5                              ; Q                ;                                                   ;
; mandelbrot_pixel_core:inst6|zi[25]~_Duplicate_5                           ; Packed Register ; Register Packing ; Timing optimization    ; Q         ;                                                   ; mandelbrot_pixel_core:inst6|lpm_mult:Mult2|mult_qgs:auto_generated|mac_mult7 ; DATAB            ;                                                   ;
; mandelbrot_pixel_core:inst6|zi[26]                                        ; Packed Register ; Register Packing ; Timing optimization    ; Q         ;                                                   ; mandelbrot_pixel_core:inst6|lpm_mult:Mult1|mult_qgs:auto_generated|mac_mult7 ; DATAA            ;                                                   ;
; mandelbrot_pixel_core:inst6|zi[26]                                        ; Duplicated      ; Register Packing ; Timing optimization    ; Q         ;                                                   ; mandelbrot_pixel_core:inst6|zi[26]~_Duplicate_1                              ; Q                ;                                                   ;
; mandelbrot_pixel_core:inst6|zi[26]~SCLR_LUT                               ; Created         ; Register Packing ; Timing optimization    ;           ;                                                   ;                                                                              ;                  ;                                                   ;
; mandelbrot_pixel_core:inst6|zi[26]~_Duplicate_1                           ; Packed Register ; Register Packing ; Timing optimization    ; Q         ;                                                   ; mandelbrot_pixel_core:inst6|lpm_mult:Mult1|mult_qgs:auto_generated|mac_mult7 ; DATAB            ;                                                   ;
; mandelbrot_pixel_core:inst6|zi[26]~_Duplicate_1                           ; Duplicated      ; Register Packing ; Timing optimization    ; Q         ;                                                   ; mandelbrot_pixel_core:inst6|zi[26]~_Duplicate_2                              ; Q                ;                                                   ;
; mandelbrot_pixel_core:inst6|zi[26]~_Duplicate_2                           ; Packed Register ; Register Packing ; Timing optimization    ; Q         ;                                                   ; mandelbrot_pixel_core:inst6|lpm_mult:Mult1|mult_qgs:auto_generated|mac_mult5 ; DATAA            ;                                                   ;
; mandelbrot_pixel_core:inst6|zi[26]~_Duplicate_2                           ; Duplicated      ; Register Packing ; Timing optimization    ; Q         ;                                                   ; mandelbrot_pixel_core:inst6|zi[26]~_Duplicate_3                              ; Q                ;                                                   ;
; mandelbrot_pixel_core:inst6|zi[26]~_Duplicate_3                           ; Packed Register ; Register Packing ; Timing optimization    ; Q         ;                                                   ; mandelbrot_pixel_core:inst6|lpm_mult:Mult1|mult_qgs:auto_generated|mac_mult3 ; DATAB            ;                                                   ;
; mandelbrot_pixel_core:inst6|zi[26]~_Duplicate_3                           ; Duplicated      ; Register Packing ; Timing optimization    ; Q         ;                                                   ; mandelbrot_pixel_core:inst6|zi[26]~_Duplicate_4                              ; Q                ;                                                   ;
; mandelbrot_pixel_core:inst6|zi[26]~_Duplicate_4                           ; Packed Register ; Register Packing ; Timing optimization    ; Q         ;                                                   ; mandelbrot_pixel_core:inst6|lpm_mult:Mult2|mult_qgs:auto_generated|mac_mult3 ; DATAB            ;                                                   ;
; mandelbrot_pixel_core:inst6|zi[26]~_Duplicate_4                           ; Duplicated      ; Register Packing ; Timing optimization    ; Q         ;                                                   ; mandelbrot_pixel_core:inst6|zi[26]~_Duplicate_5                              ; Q                ;                                                   ;
; mandelbrot_pixel_core:inst6|zi[26]~_Duplicate_5                           ; Packed Register ; Register Packing ; Timing optimization    ; Q         ;                                                   ; mandelbrot_pixel_core:inst6|lpm_mult:Mult2|mult_qgs:auto_generated|mac_mult7 ; DATAB            ;                                                   ;
; mandelbrot_pixel_core:inst6|zi[27]                                        ; Packed Register ; Register Packing ; Timing optimization    ; Q         ;                                                   ; mandelbrot_pixel_core:inst6|lpm_mult:Mult1|mult_qgs:auto_generated|mac_mult7 ; DATAA            ;                                                   ;
; mandelbrot_pixel_core:inst6|zi[27]                                        ; Duplicated      ; Register Packing ; Timing optimization    ; Q         ;                                                   ; mandelbrot_pixel_core:inst6|zi[27]~_Duplicate_1                              ; Q                ;                                                   ;
; mandelbrot_pixel_core:inst6|zi[27]~SCLR_LUT                               ; Created         ; Register Packing ; Timing optimization    ;           ;                                                   ;                                                                              ;                  ;                                                   ;
; mandelbrot_pixel_core:inst6|zi[27]~_Duplicate_1                           ; Packed Register ; Register Packing ; Timing optimization    ; Q         ;                                                   ; mandelbrot_pixel_core:inst6|lpm_mult:Mult1|mult_qgs:auto_generated|mac_mult7 ; DATAB            ;                                                   ;
; mandelbrot_pixel_core:inst6|zi[27]~_Duplicate_1                           ; Duplicated      ; Register Packing ; Timing optimization    ; Q         ;                                                   ; mandelbrot_pixel_core:inst6|zi[27]~_Duplicate_2                              ; Q                ;                                                   ;
; mandelbrot_pixel_core:inst6|zi[27]~_Duplicate_2                           ; Packed Register ; Register Packing ; Timing optimization    ; Q         ;                                                   ; mandelbrot_pixel_core:inst6|lpm_mult:Mult1|mult_qgs:auto_generated|mac_mult5 ; DATAA            ;                                                   ;
; mandelbrot_pixel_core:inst6|zi[27]~_Duplicate_2                           ; Duplicated      ; Register Packing ; Timing optimization    ; Q         ;                                                   ; mandelbrot_pixel_core:inst6|zi[27]~_Duplicate_3                              ; Q                ;                                                   ;
; mandelbrot_pixel_core:inst6|zi[27]~_Duplicate_3                           ; Packed Register ; Register Packing ; Timing optimization    ; Q         ;                                                   ; mandelbrot_pixel_core:inst6|lpm_mult:Mult1|mult_qgs:auto_generated|mac_mult3 ; DATAB            ;                                                   ;
; mandelbrot_pixel_core:inst6|zi[27]~_Duplicate_3                           ; Duplicated      ; Register Packing ; Timing optimization    ; Q         ;                                                   ; mandelbrot_pixel_core:inst6|zi[27]~_Duplicate_4                              ; Q                ;                                                   ;
; mandelbrot_pixel_core:inst6|zi[27]~_Duplicate_4                           ; Packed Register ; Register Packing ; Timing optimization    ; Q         ;                                                   ; mandelbrot_pixel_core:inst6|lpm_mult:Mult2|mult_qgs:auto_generated|mac_mult3 ; DATAB            ;                                                   ;
; mandelbrot_pixel_core:inst6|zi[27]~_Duplicate_4                           ; Duplicated      ; Register Packing ; Timing optimization    ; Q         ;                                                   ; mandelbrot_pixel_core:inst6|zi[27]~_Duplicate_5                              ; Q                ;                                                   ;
; mandelbrot_pixel_core:inst6|zi[27]~_Duplicate_5                           ; Packed Register ; Register Packing ; Timing optimization    ; Q         ;                                                   ; mandelbrot_pixel_core:inst6|lpm_mult:Mult2|mult_qgs:auto_generated|mac_mult7 ; DATAB            ;                                                   ;
; mandelbrot_pixel_core:inst6|zi[28]                                        ; Packed Register ; Register Packing ; Timing optimization    ; Q         ;                                                   ; mandelbrot_pixel_core:inst6|lpm_mult:Mult1|mult_qgs:auto_generated|mac_mult7 ; DATAA            ;                                                   ;
; mandelbrot_pixel_core:inst6|zi[28]                                        ; Duplicated      ; Register Packing ; Timing optimization    ; Q         ;                                                   ; mandelbrot_pixel_core:inst6|zi[28]~_Duplicate_1                              ; Q                ;                                                   ;
; mandelbrot_pixel_core:inst6|zi[28]~SCLR_LUT                               ; Created         ; Register Packing ; Timing optimization    ;           ;                                                   ;                                                                              ;                  ;                                                   ;
; mandelbrot_pixel_core:inst6|zi[28]~_Duplicate_1                           ; Packed Register ; Register Packing ; Timing optimization    ; Q         ;                                                   ; mandelbrot_pixel_core:inst6|lpm_mult:Mult1|mult_qgs:auto_generated|mac_mult7 ; DATAB            ;                                                   ;
; mandelbrot_pixel_core:inst6|zi[28]~_Duplicate_1                           ; Duplicated      ; Register Packing ; Timing optimization    ; Q         ;                                                   ; mandelbrot_pixel_core:inst6|zi[28]~_Duplicate_2                              ; Q                ;                                                   ;
; mandelbrot_pixel_core:inst6|zi[28]~_Duplicate_2                           ; Packed Register ; Register Packing ; Timing optimization    ; Q         ;                                                   ; mandelbrot_pixel_core:inst6|lpm_mult:Mult1|mult_qgs:auto_generated|mac_mult5 ; DATAA            ;                                                   ;
; mandelbrot_pixel_core:inst6|zi[28]~_Duplicate_2                           ; Duplicated      ; Register Packing ; Timing optimization    ; Q         ;                                                   ; mandelbrot_pixel_core:inst6|zi[28]~_Duplicate_3                              ; Q                ;                                                   ;
; mandelbrot_pixel_core:inst6|zi[28]~_Duplicate_3                           ; Packed Register ; Register Packing ; Timing optimization    ; Q         ;                                                   ; mandelbrot_pixel_core:inst6|lpm_mult:Mult1|mult_qgs:auto_generated|mac_mult3 ; DATAB            ;                                                   ;
; mandelbrot_pixel_core:inst6|zi[28]~_Duplicate_3                           ; Duplicated      ; Register Packing ; Timing optimization    ; Q         ;                                                   ; mandelbrot_pixel_core:inst6|zi[28]~_Duplicate_4                              ; Q                ;                                                   ;
; mandelbrot_pixel_core:inst6|zi[28]~_Duplicate_4                           ; Packed Register ; Register Packing ; Timing optimization    ; Q         ;                                                   ; mandelbrot_pixel_core:inst6|lpm_mult:Mult2|mult_qgs:auto_generated|mac_mult3 ; DATAB            ;                                                   ;
; mandelbrot_pixel_core:inst6|zi[28]~_Duplicate_4                           ; Duplicated      ; Register Packing ; Timing optimization    ; Q         ;                                                   ; mandelbrot_pixel_core:inst6|zi[28]~_Duplicate_5                              ; Q                ;                                                   ;
; mandelbrot_pixel_core:inst6|zi[28]~_Duplicate_5                           ; Packed Register ; Register Packing ; Timing optimization    ; Q         ;                                                   ; mandelbrot_pixel_core:inst6|lpm_mult:Mult2|mult_qgs:auto_generated|mac_mult7 ; DATAB            ;                                                   ;
; mandelbrot_pixel_core:inst6|zi[29]                                        ; Packed Register ; Register Packing ; Timing optimization    ; Q         ;                                                   ; mandelbrot_pixel_core:inst6|lpm_mult:Mult1|mult_qgs:auto_generated|mac_mult7 ; DATAA            ;                                                   ;
; mandelbrot_pixel_core:inst6|zi[29]                                        ; Duplicated      ; Register Packing ; Timing optimization    ; Q         ;                                                   ; mandelbrot_pixel_core:inst6|zi[29]~_Duplicate_1                              ; Q                ;                                                   ;
; mandelbrot_pixel_core:inst6|zi[29]~SCLR_LUT                               ; Created         ; Register Packing ; Timing optimization    ;           ;                                                   ;                                                                              ;                  ;                                                   ;
; mandelbrot_pixel_core:inst6|zi[29]~_Duplicate_1                           ; Packed Register ; Register Packing ; Timing optimization    ; Q         ;                                                   ; mandelbrot_pixel_core:inst6|lpm_mult:Mult1|mult_qgs:auto_generated|mac_mult7 ; DATAB            ;                                                   ;
; mandelbrot_pixel_core:inst6|zi[29]~_Duplicate_1                           ; Duplicated      ; Register Packing ; Timing optimization    ; Q         ;                                                   ; mandelbrot_pixel_core:inst6|zi[29]~_Duplicate_2                              ; Q                ;                                                   ;
; mandelbrot_pixel_core:inst6|zi[29]~_Duplicate_2                           ; Packed Register ; Register Packing ; Timing optimization    ; Q         ;                                                   ; mandelbrot_pixel_core:inst6|lpm_mult:Mult1|mult_qgs:auto_generated|mac_mult5 ; DATAA            ;                                                   ;
; mandelbrot_pixel_core:inst6|zi[29]~_Duplicate_2                           ; Duplicated      ; Register Packing ; Timing optimization    ; Q         ;                                                   ; mandelbrot_pixel_core:inst6|zi[29]~_Duplicate_3                              ; Q                ;                                                   ;
; mandelbrot_pixel_core:inst6|zi[29]~_Duplicate_3                           ; Packed Register ; Register Packing ; Timing optimization    ; Q         ;                                                   ; mandelbrot_pixel_core:inst6|lpm_mult:Mult1|mult_qgs:auto_generated|mac_mult3 ; DATAB            ;                                                   ;
; mandelbrot_pixel_core:inst6|zi[29]~_Duplicate_3                           ; Duplicated      ; Register Packing ; Timing optimization    ; Q         ;                                                   ; mandelbrot_pixel_core:inst6|zi[29]~_Duplicate_4                              ; Q                ;                                                   ;
; mandelbrot_pixel_core:inst6|zi[29]~_Duplicate_4                           ; Packed Register ; Register Packing ; Timing optimization    ; Q         ;                                                   ; mandelbrot_pixel_core:inst6|lpm_mult:Mult2|mult_qgs:auto_generated|mac_mult3 ; DATAB            ;                                                   ;
; mandelbrot_pixel_core:inst6|zi[29]~_Duplicate_4                           ; Duplicated      ; Register Packing ; Timing optimization    ; Q         ;                                                   ; mandelbrot_pixel_core:inst6|zi[29]~_Duplicate_5                              ; Q                ;                                                   ;
; mandelbrot_pixel_core:inst6|zi[29]~_Duplicate_5                           ; Packed Register ; Register Packing ; Timing optimization    ; Q         ;                                                   ; mandelbrot_pixel_core:inst6|lpm_mult:Mult2|mult_qgs:auto_generated|mac_mult7 ; DATAB            ;                                                   ;
; mandelbrot_pixel_core:inst6|zi[30]                                        ; Packed Register ; Register Packing ; Timing optimization    ; Q         ;                                                   ; mandelbrot_pixel_core:inst6|lpm_mult:Mult1|mult_qgs:auto_generated|mac_mult7 ; DATAA            ;                                                   ;
; mandelbrot_pixel_core:inst6|zi[30]                                        ; Duplicated      ; Register Packing ; Timing optimization    ; Q         ;                                                   ; mandelbrot_pixel_core:inst6|zi[30]~_Duplicate_1                              ; Q                ;                                                   ;
; mandelbrot_pixel_core:inst6|zi[30]~SCLR_LUT                               ; Created         ; Register Packing ; Timing optimization    ;           ;                                                   ;                                                                              ;                  ;                                                   ;
; mandelbrot_pixel_core:inst6|zi[30]~_Duplicate_1                           ; Packed Register ; Register Packing ; Timing optimization    ; Q         ;                                                   ; mandelbrot_pixel_core:inst6|lpm_mult:Mult1|mult_qgs:auto_generated|mac_mult7 ; DATAB            ;                                                   ;
; mandelbrot_pixel_core:inst6|zi[30]~_Duplicate_1                           ; Duplicated      ; Register Packing ; Timing optimization    ; Q         ;                                                   ; mandelbrot_pixel_core:inst6|zi[30]~_Duplicate_2                              ; Q                ;                                                   ;
; mandelbrot_pixel_core:inst6|zi[30]~_Duplicate_2                           ; Packed Register ; Register Packing ; Timing optimization    ; Q         ;                                                   ; mandelbrot_pixel_core:inst6|lpm_mult:Mult1|mult_qgs:auto_generated|mac_mult5 ; DATAA            ;                                                   ;
; mandelbrot_pixel_core:inst6|zi[30]~_Duplicate_2                           ; Duplicated      ; Register Packing ; Timing optimization    ; Q         ;                                                   ; mandelbrot_pixel_core:inst6|zi[30]~_Duplicate_3                              ; Q                ;                                                   ;
; mandelbrot_pixel_core:inst6|zi[30]~_Duplicate_3                           ; Packed Register ; Register Packing ; Timing optimization    ; Q         ;                                                   ; mandelbrot_pixel_core:inst6|lpm_mult:Mult1|mult_qgs:auto_generated|mac_mult3 ; DATAB            ;                                                   ;
; mandelbrot_pixel_core:inst6|zi[30]~_Duplicate_3                           ; Duplicated      ; Register Packing ; Timing optimization    ; Q         ;                                                   ; mandelbrot_pixel_core:inst6|zi[30]~_Duplicate_4                              ; Q                ;                                                   ;
; mandelbrot_pixel_core:inst6|zi[30]~_Duplicate_4                           ; Packed Register ; Register Packing ; Timing optimization    ; Q         ;                                                   ; mandelbrot_pixel_core:inst6|lpm_mult:Mult2|mult_qgs:auto_generated|mac_mult3 ; DATAB            ;                                                   ;
; mandelbrot_pixel_core:inst6|zi[30]~_Duplicate_4                           ; Duplicated      ; Register Packing ; Timing optimization    ; Q         ;                                                   ; mandelbrot_pixel_core:inst6|zi[30]~_Duplicate_5                              ; Q                ;                                                   ;
; mandelbrot_pixel_core:inst6|zi[30]~_Duplicate_5                           ; Packed Register ; Register Packing ; Timing optimization    ; Q         ;                                                   ; mandelbrot_pixel_core:inst6|lpm_mult:Mult2|mult_qgs:auto_generated|mac_mult7 ; DATAB            ;                                                   ;
; mandelbrot_pixel_core:inst6|zi[31]                                        ; Packed Register ; Register Packing ; Timing optimization    ; Q         ;                                                   ; mandelbrot_pixel_core:inst6|lpm_mult:Mult1|mult_qgs:auto_generated|mac_mult7 ; DATAA            ;                                                   ;
; mandelbrot_pixel_core:inst6|zi[31]                                        ; Duplicated      ; Register Packing ; Timing optimization    ; Q         ;                                                   ; mandelbrot_pixel_core:inst6|zi[31]~_Duplicate_1                              ; Q                ;                                                   ;
; mandelbrot_pixel_core:inst6|zi[31]~SCLR_LUT                               ; Created         ; Register Packing ; Timing optimization    ;           ;                                                   ;                                                                              ;                  ;                                                   ;
; mandelbrot_pixel_core:inst6|zi[31]~_Duplicate_1                           ; Packed Register ; Register Packing ; Timing optimization    ; Q         ;                                                   ; mandelbrot_pixel_core:inst6|lpm_mult:Mult1|mult_qgs:auto_generated|mac_mult7 ; DATAB            ;                                                   ;
; mandelbrot_pixel_core:inst6|zi[31]~_Duplicate_1                           ; Duplicated      ; Register Packing ; Timing optimization    ; Q         ;                                                   ; mandelbrot_pixel_core:inst6|zi[31]~_Duplicate_2                              ; Q                ;                                                   ;
; mandelbrot_pixel_core:inst6|zi[31]~_Duplicate_2                           ; Packed Register ; Register Packing ; Timing optimization    ; Q         ;                                                   ; mandelbrot_pixel_core:inst6|lpm_mult:Mult1|mult_qgs:auto_generated|mac_mult5 ; DATAA            ;                                                   ;
; mandelbrot_pixel_core:inst6|zi[31]~_Duplicate_2                           ; Duplicated      ; Register Packing ; Timing optimization    ; Q         ;                                                   ; mandelbrot_pixel_core:inst6|zi[31]~_Duplicate_3                              ; Q                ;                                                   ;
; mandelbrot_pixel_core:inst6|zi[31]~_Duplicate_3                           ; Packed Register ; Register Packing ; Timing optimization    ; Q         ;                                                   ; mandelbrot_pixel_core:inst6|lpm_mult:Mult1|mult_qgs:auto_generated|mac_mult3 ; DATAB            ;                                                   ;
; mandelbrot_pixel_core:inst6|zi[31]~_Duplicate_3                           ; Duplicated      ; Register Packing ; Timing optimization    ; Q         ;                                                   ; mandelbrot_pixel_core:inst6|zi[31]~_Duplicate_4                              ; Q                ;                                                   ;
; mandelbrot_pixel_core:inst6|zi[31]~_Duplicate_4                           ; Packed Register ; Register Packing ; Timing optimization    ; Q         ;                                                   ; mandelbrot_pixel_core:inst6|lpm_mult:Mult2|mult_qgs:auto_generated|mac_mult3 ; DATAB            ;                                                   ;
; mandelbrot_pixel_core:inst6|zi[31]~_Duplicate_4                           ; Duplicated      ; Register Packing ; Timing optimization    ; Q         ;                                                   ; mandelbrot_pixel_core:inst6|zi[31]~_Duplicate_5                              ; Q                ;                                                   ;
; mandelbrot_pixel_core:inst6|zi[31]~_Duplicate_5                           ; Packed Register ; Register Packing ; Timing optimization    ; Q         ;                                                   ; mandelbrot_pixel_core:inst6|lpm_mult:Mult2|mult_qgs:auto_generated|mac_mult7 ; DATAB            ;                                                   ;
; mandelbrot_pixel_core:inst6|zr[0]                                         ; Packed Register ; Register Packing ; Timing optimization    ; Q         ;                                                   ; mandelbrot_pixel_core:inst6|lpm_mult:Mult0|mult_qgs:auto_generated|mac_mult5 ; DATAB            ;                                                   ;
; mandelbrot_pixel_core:inst6|zr[0]                                         ; Duplicated      ; Register Packing ; Timing optimization    ; Q         ;                                                   ; mandelbrot_pixel_core:inst6|zr[0]~_Duplicate_1                               ; Q                ;                                                   ;
; mandelbrot_pixel_core:inst6|zr[0]~_Duplicate_1                            ; Packed Register ; Register Packing ; Timing optimization    ; Q         ;                                                   ; mandelbrot_pixel_core:inst6|lpm_mult:Mult0|mult_qgs:auto_generated|mac_mult3 ; DATAA            ;                                                   ;
; mandelbrot_pixel_core:inst6|zr[0]~_Duplicate_1                            ; Duplicated      ; Register Packing ; Timing optimization    ; Q         ;                                                   ; mandelbrot_pixel_core:inst6|zr[0]~_Duplicate_2                               ; Q                ;                                                   ;
; mandelbrot_pixel_core:inst6|zr[0]~_Duplicate_2                            ; Packed Register ; Register Packing ; Timing optimization    ; Q         ;                                                   ; mandelbrot_pixel_core:inst6|lpm_mult:Mult0|mult_qgs:auto_generated|mac_mult1 ; DATAA            ;                                                   ;
; mandelbrot_pixel_core:inst6|zr[0]~_Duplicate_2                            ; Duplicated      ; Register Packing ; Timing optimization    ; Q         ;                                                   ; mandelbrot_pixel_core:inst6|zr[0]~_Duplicate_3                               ; Q                ;                                                   ;
; mandelbrot_pixel_core:inst6|zr[0]~_Duplicate_3                            ; Packed Register ; Register Packing ; Timing optimization    ; Q         ;                                                   ; mandelbrot_pixel_core:inst6|lpm_mult:Mult0|mult_qgs:auto_generated|mac_mult1 ; DATAB            ;                                                   ;
; mandelbrot_pixel_core:inst6|zr[0]~_Duplicate_3                            ; Duplicated      ; Register Packing ; Timing optimization    ; Q         ;                                                   ; mandelbrot_pixel_core:inst6|zr[0]~_Duplicate_4                               ; Q                ;                                                   ;
; mandelbrot_pixel_core:inst6|zr[0]~_Duplicate_4                            ; Packed Register ; Register Packing ; Timing optimization    ; Q         ;                                                   ; mandelbrot_pixel_core:inst6|lpm_mult:Mult2|mult_qgs:auto_generated|mac_mult1 ; DATAA            ;                                                   ;
; mandelbrot_pixel_core:inst6|zr[0]~_Duplicate_4                            ; Duplicated      ; Register Packing ; Timing optimization    ; Q         ;                                                   ; mandelbrot_pixel_core:inst6|zr[0]~_Duplicate_5                               ; Q                ;                                                   ;
; mandelbrot_pixel_core:inst6|zr[0]~_Duplicate_5                            ; Packed Register ; Register Packing ; Timing optimization    ; Q         ;                                                   ; mandelbrot_pixel_core:inst6|lpm_mult:Mult2|mult_qgs:auto_generated|mac_mult3 ; DATAA            ;                                                   ;
; mandelbrot_pixel_core:inst6|zr[0]~_Duplicate_5                            ; Duplicated      ; Register Packing ; Timing optimization    ; Q         ;                                                   ; mandelbrot_pixel_core:inst6|zr[0]~_Duplicate_6                               ; Q                ;                                                   ;
; mandelbrot_pixel_core:inst6|zr[1]                                         ; Packed Register ; Register Packing ; Timing optimization    ; Q         ;                                                   ; mandelbrot_pixel_core:inst6|lpm_mult:Mult0|mult_qgs:auto_generated|mac_mult5 ; DATAB            ;                                                   ;
; mandelbrot_pixel_core:inst6|zr[1]                                         ; Duplicated      ; Register Packing ; Timing optimization    ; Q         ;                                                   ; mandelbrot_pixel_core:inst6|zr[1]~_Duplicate_1                               ; Q                ;                                                   ;
; mandelbrot_pixel_core:inst6|zr[1]~_Duplicate_1                            ; Packed Register ; Register Packing ; Timing optimization    ; Q         ;                                                   ; mandelbrot_pixel_core:inst6|lpm_mult:Mult0|mult_qgs:auto_generated|mac_mult3 ; DATAA            ;                                                   ;
; mandelbrot_pixel_core:inst6|zr[1]~_Duplicate_1                            ; Duplicated      ; Register Packing ; Timing optimization    ; Q         ;                                                   ; mandelbrot_pixel_core:inst6|zr[1]~_Duplicate_2                               ; Q                ;                                                   ;
; mandelbrot_pixel_core:inst6|zr[1]~_Duplicate_2                            ; Packed Register ; Register Packing ; Timing optimization    ; Q         ;                                                   ; mandelbrot_pixel_core:inst6|lpm_mult:Mult0|mult_qgs:auto_generated|mac_mult1 ; DATAA            ;                                                   ;
; mandelbrot_pixel_core:inst6|zr[1]~_Duplicate_2                            ; Duplicated      ; Register Packing ; Timing optimization    ; Q         ;                                                   ; mandelbrot_pixel_core:inst6|zr[1]~_Duplicate_3                               ; Q                ;                                                   ;
; mandelbrot_pixel_core:inst6|zr[1]~_Duplicate_3                            ; Packed Register ; Register Packing ; Timing optimization    ; Q         ;                                                   ; mandelbrot_pixel_core:inst6|lpm_mult:Mult0|mult_qgs:auto_generated|mac_mult1 ; DATAB            ;                                                   ;
; mandelbrot_pixel_core:inst6|zr[1]~_Duplicate_3                            ; Duplicated      ; Register Packing ; Timing optimization    ; Q         ;                                                   ; mandelbrot_pixel_core:inst6|zr[1]~_Duplicate_4                               ; Q                ;                                                   ;
; mandelbrot_pixel_core:inst6|zr[1]~_Duplicate_4                            ; Packed Register ; Register Packing ; Timing optimization    ; Q         ;                                                   ; mandelbrot_pixel_core:inst6|lpm_mult:Mult2|mult_qgs:auto_generated|mac_mult1 ; DATAA            ;                                                   ;
; mandelbrot_pixel_core:inst6|zr[1]~_Duplicate_4                            ; Duplicated      ; Register Packing ; Timing optimization    ; Q         ;                                                   ; mandelbrot_pixel_core:inst6|zr[1]~_Duplicate_5                               ; Q                ;                                                   ;
; mandelbrot_pixel_core:inst6|zr[1]~_Duplicate_5                            ; Packed Register ; Register Packing ; Timing optimization    ; Q         ;                                                   ; mandelbrot_pixel_core:inst6|lpm_mult:Mult2|mult_qgs:auto_generated|mac_mult3 ; DATAA            ;                                                   ;
; mandelbrot_pixel_core:inst6|zr[2]                                         ; Packed Register ; Register Packing ; Timing optimization    ; Q         ;                                                   ; mandelbrot_pixel_core:inst6|lpm_mult:Mult0|mult_qgs:auto_generated|mac_mult5 ; DATAB            ;                                                   ;
; mandelbrot_pixel_core:inst6|zr[2]                                         ; Duplicated      ; Register Packing ; Timing optimization    ; Q         ;                                                   ; mandelbrot_pixel_core:inst6|zr[2]~_Duplicate_1                               ; Q                ;                                                   ;
; mandelbrot_pixel_core:inst6|zr[2]~_Duplicate_1                            ; Packed Register ; Register Packing ; Timing optimization    ; Q         ;                                                   ; mandelbrot_pixel_core:inst6|lpm_mult:Mult0|mult_qgs:auto_generated|mac_mult3 ; DATAA            ;                                                   ;
; mandelbrot_pixel_core:inst6|zr[2]~_Duplicate_1                            ; Duplicated      ; Register Packing ; Timing optimization    ; Q         ;                                                   ; mandelbrot_pixel_core:inst6|zr[2]~_Duplicate_2                               ; Q                ;                                                   ;
; mandelbrot_pixel_core:inst6|zr[2]~_Duplicate_2                            ; Packed Register ; Register Packing ; Timing optimization    ; Q         ;                                                   ; mandelbrot_pixel_core:inst6|lpm_mult:Mult0|mult_qgs:auto_generated|mac_mult1 ; DATAA            ;                                                   ;
; mandelbrot_pixel_core:inst6|zr[2]~_Duplicate_2                            ; Duplicated      ; Register Packing ; Timing optimization    ; Q         ;                                                   ; mandelbrot_pixel_core:inst6|zr[2]~_Duplicate_3                               ; Q                ;                                                   ;
; mandelbrot_pixel_core:inst6|zr[2]~_Duplicate_3                            ; Packed Register ; Register Packing ; Timing optimization    ; Q         ;                                                   ; mandelbrot_pixel_core:inst6|lpm_mult:Mult0|mult_qgs:auto_generated|mac_mult1 ; DATAB            ;                                                   ;
; mandelbrot_pixel_core:inst6|zr[2]~_Duplicate_3                            ; Duplicated      ; Register Packing ; Timing optimization    ; Q         ;                                                   ; mandelbrot_pixel_core:inst6|zr[2]~_Duplicate_4                               ; Q                ;                                                   ;
; mandelbrot_pixel_core:inst6|zr[2]~_Duplicate_4                            ; Packed Register ; Register Packing ; Timing optimization    ; Q         ;                                                   ; mandelbrot_pixel_core:inst6|lpm_mult:Mult2|mult_qgs:auto_generated|mac_mult1 ; DATAA            ;                                                   ;
; mandelbrot_pixel_core:inst6|zr[2]~_Duplicate_4                            ; Duplicated      ; Register Packing ; Timing optimization    ; Q         ;                                                   ; mandelbrot_pixel_core:inst6|zr[2]~_Duplicate_5                               ; Q                ;                                                   ;
; mandelbrot_pixel_core:inst6|zr[2]~_Duplicate_5                            ; Packed Register ; Register Packing ; Timing optimization    ; Q         ;                                                   ; mandelbrot_pixel_core:inst6|lpm_mult:Mult2|mult_qgs:auto_generated|mac_mult3 ; DATAA            ;                                                   ;
; mandelbrot_pixel_core:inst6|zr[3]                                         ; Packed Register ; Register Packing ; Timing optimization    ; Q         ;                                                   ; mandelbrot_pixel_core:inst6|lpm_mult:Mult0|mult_qgs:auto_generated|mac_mult5 ; DATAB            ;                                                   ;
; mandelbrot_pixel_core:inst6|zr[3]                                         ; Duplicated      ; Register Packing ; Timing optimization    ; Q         ;                                                   ; mandelbrot_pixel_core:inst6|zr[3]~_Duplicate_1                               ; Q                ;                                                   ;
; mandelbrot_pixel_core:inst6|zr[3]~_Duplicate_1                            ; Packed Register ; Register Packing ; Timing optimization    ; Q         ;                                                   ; mandelbrot_pixel_core:inst6|lpm_mult:Mult0|mult_qgs:auto_generated|mac_mult3 ; DATAA            ;                                                   ;
; mandelbrot_pixel_core:inst6|zr[3]~_Duplicate_1                            ; Duplicated      ; Register Packing ; Timing optimization    ; Q         ;                                                   ; mandelbrot_pixel_core:inst6|zr[3]~_Duplicate_2                               ; Q                ;                                                   ;
; mandelbrot_pixel_core:inst6|zr[3]~_Duplicate_2                            ; Packed Register ; Register Packing ; Timing optimization    ; Q         ;                                                   ; mandelbrot_pixel_core:inst6|lpm_mult:Mult0|mult_qgs:auto_generated|mac_mult1 ; DATAA            ;                                                   ;
; mandelbrot_pixel_core:inst6|zr[3]~_Duplicate_2                            ; Duplicated      ; Register Packing ; Timing optimization    ; Q         ;                                                   ; mandelbrot_pixel_core:inst6|zr[3]~_Duplicate_3                               ; Q                ;                                                   ;
; mandelbrot_pixel_core:inst6|zr[3]~_Duplicate_3                            ; Packed Register ; Register Packing ; Timing optimization    ; Q         ;                                                   ; mandelbrot_pixel_core:inst6|lpm_mult:Mult0|mult_qgs:auto_generated|mac_mult1 ; DATAB            ;                                                   ;
; mandelbrot_pixel_core:inst6|zr[3]~_Duplicate_3                            ; Duplicated      ; Register Packing ; Timing optimization    ; Q         ;                                                   ; mandelbrot_pixel_core:inst6|zr[3]~_Duplicate_4                               ; Q                ;                                                   ;
; mandelbrot_pixel_core:inst6|zr[3]~_Duplicate_4                            ; Packed Register ; Register Packing ; Timing optimization    ; Q         ;                                                   ; mandelbrot_pixel_core:inst6|lpm_mult:Mult2|mult_qgs:auto_generated|mac_mult1 ; DATAA            ;                                                   ;
; mandelbrot_pixel_core:inst6|zr[3]~_Duplicate_4                            ; Duplicated      ; Register Packing ; Timing optimization    ; Q         ;                                                   ; mandelbrot_pixel_core:inst6|zr[3]~_Duplicate_5                               ; Q                ;                                                   ;
; mandelbrot_pixel_core:inst6|zr[3]~_Duplicate_5                            ; Packed Register ; Register Packing ; Timing optimization    ; Q         ;                                                   ; mandelbrot_pixel_core:inst6|lpm_mult:Mult2|mult_qgs:auto_generated|mac_mult3 ; DATAA            ;                                                   ;
; mandelbrot_pixel_core:inst6|zr[4]                                         ; Packed Register ; Register Packing ; Timing optimization    ; Q         ;                                                   ; mandelbrot_pixel_core:inst6|lpm_mult:Mult0|mult_qgs:auto_generated|mac_mult5 ; DATAB            ;                                                   ;
; mandelbrot_pixel_core:inst6|zr[4]                                         ; Duplicated      ; Register Packing ; Timing optimization    ; Q         ;                                                   ; mandelbrot_pixel_core:inst6|zr[4]~_Duplicate_1                               ; Q                ;                                                   ;
; mandelbrot_pixel_core:inst6|zr[4]~_Duplicate_1                            ; Packed Register ; Register Packing ; Timing optimization    ; Q         ;                                                   ; mandelbrot_pixel_core:inst6|lpm_mult:Mult0|mult_qgs:auto_generated|mac_mult3 ; DATAA            ;                                                   ;
; mandelbrot_pixel_core:inst6|zr[4]~_Duplicate_1                            ; Duplicated      ; Register Packing ; Timing optimization    ; Q         ;                                                   ; mandelbrot_pixel_core:inst6|zr[4]~_Duplicate_2                               ; Q                ;                                                   ;
; mandelbrot_pixel_core:inst6|zr[4]~_Duplicate_2                            ; Packed Register ; Register Packing ; Timing optimization    ; Q         ;                                                   ; mandelbrot_pixel_core:inst6|lpm_mult:Mult0|mult_qgs:auto_generated|mac_mult1 ; DATAA            ;                                                   ;
; mandelbrot_pixel_core:inst6|zr[4]~_Duplicate_2                            ; Duplicated      ; Register Packing ; Timing optimization    ; Q         ;                                                   ; mandelbrot_pixel_core:inst6|zr[4]~_Duplicate_3                               ; Q                ;                                                   ;
; mandelbrot_pixel_core:inst6|zr[4]~_Duplicate_3                            ; Packed Register ; Register Packing ; Timing optimization    ; Q         ;                                                   ; mandelbrot_pixel_core:inst6|lpm_mult:Mult0|mult_qgs:auto_generated|mac_mult1 ; DATAB            ;                                                   ;
; mandelbrot_pixel_core:inst6|zr[4]~_Duplicate_3                            ; Duplicated      ; Register Packing ; Timing optimization    ; Q         ;                                                   ; mandelbrot_pixel_core:inst6|zr[4]~_Duplicate_4                               ; Q                ;                                                   ;
; mandelbrot_pixel_core:inst6|zr[4]~_Duplicate_4                            ; Packed Register ; Register Packing ; Timing optimization    ; Q         ;                                                   ; mandelbrot_pixel_core:inst6|lpm_mult:Mult2|mult_qgs:auto_generated|mac_mult1 ; DATAA            ;                                                   ;
; mandelbrot_pixel_core:inst6|zr[4]~_Duplicate_4                            ; Duplicated      ; Register Packing ; Timing optimization    ; Q         ;                                                   ; mandelbrot_pixel_core:inst6|zr[4]~_Duplicate_5                               ; Q                ;                                                   ;
; mandelbrot_pixel_core:inst6|zr[4]~_Duplicate_5                            ; Packed Register ; Register Packing ; Timing optimization    ; Q         ;                                                   ; mandelbrot_pixel_core:inst6|lpm_mult:Mult2|mult_qgs:auto_generated|mac_mult3 ; DATAA            ;                                                   ;
; mandelbrot_pixel_core:inst6|zr[5]                                         ; Packed Register ; Register Packing ; Timing optimization    ; Q         ;                                                   ; mandelbrot_pixel_core:inst6|lpm_mult:Mult0|mult_qgs:auto_generated|mac_mult5 ; DATAB            ;                                                   ;
; mandelbrot_pixel_core:inst6|zr[5]                                         ; Duplicated      ; Register Packing ; Timing optimization    ; Q         ;                                                   ; mandelbrot_pixel_core:inst6|zr[5]~_Duplicate_1                               ; Q                ;                                                   ;
; mandelbrot_pixel_core:inst6|zr[5]~_Duplicate_1                            ; Packed Register ; Register Packing ; Timing optimization    ; Q         ;                                                   ; mandelbrot_pixel_core:inst6|lpm_mult:Mult0|mult_qgs:auto_generated|mac_mult3 ; DATAA            ;                                                   ;
; mandelbrot_pixel_core:inst6|zr[5]~_Duplicate_1                            ; Duplicated      ; Register Packing ; Timing optimization    ; Q         ;                                                   ; mandelbrot_pixel_core:inst6|zr[5]~_Duplicate_2                               ; Q                ;                                                   ;
; mandelbrot_pixel_core:inst6|zr[5]~_Duplicate_2                            ; Packed Register ; Register Packing ; Timing optimization    ; Q         ;                                                   ; mandelbrot_pixel_core:inst6|lpm_mult:Mult0|mult_qgs:auto_generated|mac_mult1 ; DATAA            ;                                                   ;
; mandelbrot_pixel_core:inst6|zr[5]~_Duplicate_2                            ; Duplicated      ; Register Packing ; Timing optimization    ; Q         ;                                                   ; mandelbrot_pixel_core:inst6|zr[5]~_Duplicate_3                               ; Q                ;                                                   ;
; mandelbrot_pixel_core:inst6|zr[5]~_Duplicate_3                            ; Packed Register ; Register Packing ; Timing optimization    ; Q         ;                                                   ; mandelbrot_pixel_core:inst6|lpm_mult:Mult0|mult_qgs:auto_generated|mac_mult1 ; DATAB            ;                                                   ;
; mandelbrot_pixel_core:inst6|zr[5]~_Duplicate_3                            ; Duplicated      ; Register Packing ; Timing optimization    ; Q         ;                                                   ; mandelbrot_pixel_core:inst6|zr[5]~_Duplicate_4                               ; Q                ;                                                   ;
; mandelbrot_pixel_core:inst6|zr[5]~_Duplicate_4                            ; Packed Register ; Register Packing ; Timing optimization    ; Q         ;                                                   ; mandelbrot_pixel_core:inst6|lpm_mult:Mult2|mult_qgs:auto_generated|mac_mult1 ; DATAA            ;                                                   ;
; mandelbrot_pixel_core:inst6|zr[5]~_Duplicate_4                            ; Duplicated      ; Register Packing ; Timing optimization    ; Q         ;                                                   ; mandelbrot_pixel_core:inst6|zr[5]~_Duplicate_5                               ; Q                ;                                                   ;
; mandelbrot_pixel_core:inst6|zr[5]~_Duplicate_5                            ; Packed Register ; Register Packing ; Timing optimization    ; Q         ;                                                   ; mandelbrot_pixel_core:inst6|lpm_mult:Mult2|mult_qgs:auto_generated|mac_mult3 ; DATAA            ;                                                   ;
; mandelbrot_pixel_core:inst6|zr[6]                                         ; Packed Register ; Register Packing ; Timing optimization    ; Q         ;                                                   ; mandelbrot_pixel_core:inst6|lpm_mult:Mult0|mult_qgs:auto_generated|mac_mult5 ; DATAB            ;                                                   ;
; mandelbrot_pixel_core:inst6|zr[6]                                         ; Duplicated      ; Register Packing ; Timing optimization    ; Q         ;                                                   ; mandelbrot_pixel_core:inst6|zr[6]~_Duplicate_1                               ; Q                ;                                                   ;
; mandelbrot_pixel_core:inst6|zr[6]~_Duplicate_1                            ; Packed Register ; Register Packing ; Timing optimization    ; Q         ;                                                   ; mandelbrot_pixel_core:inst6|lpm_mult:Mult0|mult_qgs:auto_generated|mac_mult3 ; DATAA            ;                                                   ;
; mandelbrot_pixel_core:inst6|zr[6]~_Duplicate_1                            ; Duplicated      ; Register Packing ; Timing optimization    ; Q         ;                                                   ; mandelbrot_pixel_core:inst6|zr[6]~_Duplicate_2                               ; Q                ;                                                   ;
; mandelbrot_pixel_core:inst6|zr[6]~_Duplicate_2                            ; Packed Register ; Register Packing ; Timing optimization    ; Q         ;                                                   ; mandelbrot_pixel_core:inst6|lpm_mult:Mult0|mult_qgs:auto_generated|mac_mult1 ; DATAA            ;                                                   ;
; mandelbrot_pixel_core:inst6|zr[6]~_Duplicate_2                            ; Duplicated      ; Register Packing ; Timing optimization    ; Q         ;                                                   ; mandelbrot_pixel_core:inst6|zr[6]~_Duplicate_3                               ; Q                ;                                                   ;
; mandelbrot_pixel_core:inst6|zr[6]~_Duplicate_3                            ; Packed Register ; Register Packing ; Timing optimization    ; Q         ;                                                   ; mandelbrot_pixel_core:inst6|lpm_mult:Mult0|mult_qgs:auto_generated|mac_mult1 ; DATAB            ;                                                   ;
; mandelbrot_pixel_core:inst6|zr[6]~_Duplicate_3                            ; Duplicated      ; Register Packing ; Timing optimization    ; Q         ;                                                   ; mandelbrot_pixel_core:inst6|zr[6]~_Duplicate_4                               ; Q                ;                                                   ;
; mandelbrot_pixel_core:inst6|zr[6]~_Duplicate_4                            ; Packed Register ; Register Packing ; Timing optimization    ; Q         ;                                                   ; mandelbrot_pixel_core:inst6|lpm_mult:Mult2|mult_qgs:auto_generated|mac_mult1 ; DATAA            ;                                                   ;
; mandelbrot_pixel_core:inst6|zr[6]~_Duplicate_4                            ; Duplicated      ; Register Packing ; Timing optimization    ; Q         ;                                                   ; mandelbrot_pixel_core:inst6|zr[6]~_Duplicate_5                               ; Q                ;                                                   ;
; mandelbrot_pixel_core:inst6|zr[6]~_Duplicate_5                            ; Packed Register ; Register Packing ; Timing optimization    ; Q         ;                                                   ; mandelbrot_pixel_core:inst6|lpm_mult:Mult2|mult_qgs:auto_generated|mac_mult3 ; DATAA            ;                                                   ;
; mandelbrot_pixel_core:inst6|zr[7]                                         ; Packed Register ; Register Packing ; Timing optimization    ; Q         ;                                                   ; mandelbrot_pixel_core:inst6|lpm_mult:Mult0|mult_qgs:auto_generated|mac_mult5 ; DATAB            ;                                                   ;
; mandelbrot_pixel_core:inst6|zr[7]                                         ; Duplicated      ; Register Packing ; Timing optimization    ; Q         ;                                                   ; mandelbrot_pixel_core:inst6|zr[7]~_Duplicate_1                               ; Q                ;                                                   ;
; mandelbrot_pixel_core:inst6|zr[7]~_Duplicate_1                            ; Packed Register ; Register Packing ; Timing optimization    ; Q         ;                                                   ; mandelbrot_pixel_core:inst6|lpm_mult:Mult0|mult_qgs:auto_generated|mac_mult3 ; DATAA            ;                                                   ;
; mandelbrot_pixel_core:inst6|zr[7]~_Duplicate_1                            ; Duplicated      ; Register Packing ; Timing optimization    ; Q         ;                                                   ; mandelbrot_pixel_core:inst6|zr[7]~_Duplicate_2                               ; Q                ;                                                   ;
; mandelbrot_pixel_core:inst6|zr[7]~_Duplicate_2                            ; Packed Register ; Register Packing ; Timing optimization    ; Q         ;                                                   ; mandelbrot_pixel_core:inst6|lpm_mult:Mult0|mult_qgs:auto_generated|mac_mult1 ; DATAA            ;                                                   ;
; mandelbrot_pixel_core:inst6|zr[7]~_Duplicate_2                            ; Duplicated      ; Register Packing ; Timing optimization    ; Q         ;                                                   ; mandelbrot_pixel_core:inst6|zr[7]~_Duplicate_3                               ; Q                ;                                                   ;
; mandelbrot_pixel_core:inst6|zr[7]~_Duplicate_3                            ; Packed Register ; Register Packing ; Timing optimization    ; Q         ;                                                   ; mandelbrot_pixel_core:inst6|lpm_mult:Mult0|mult_qgs:auto_generated|mac_mult1 ; DATAB            ;                                                   ;
; mandelbrot_pixel_core:inst6|zr[7]~_Duplicate_3                            ; Duplicated      ; Register Packing ; Timing optimization    ; Q         ;                                                   ; mandelbrot_pixel_core:inst6|zr[7]~_Duplicate_4                               ; Q                ;                                                   ;
; mandelbrot_pixel_core:inst6|zr[7]~_Duplicate_4                            ; Packed Register ; Register Packing ; Timing optimization    ; Q         ;                                                   ; mandelbrot_pixel_core:inst6|lpm_mult:Mult2|mult_qgs:auto_generated|mac_mult1 ; DATAA            ;                                                   ;
; mandelbrot_pixel_core:inst6|zr[7]~_Duplicate_4                            ; Duplicated      ; Register Packing ; Timing optimization    ; Q         ;                                                   ; mandelbrot_pixel_core:inst6|zr[7]~_Duplicate_5                               ; Q                ;                                                   ;
; mandelbrot_pixel_core:inst6|zr[7]~_Duplicate_5                            ; Packed Register ; Register Packing ; Timing optimization    ; Q         ;                                                   ; mandelbrot_pixel_core:inst6|lpm_mult:Mult2|mult_qgs:auto_generated|mac_mult3 ; DATAA            ;                                                   ;
; mandelbrot_pixel_core:inst6|zr[8]                                         ; Packed Register ; Register Packing ; Timing optimization    ; Q         ;                                                   ; mandelbrot_pixel_core:inst6|lpm_mult:Mult0|mult_qgs:auto_generated|mac_mult5 ; DATAB            ;                                                   ;
; mandelbrot_pixel_core:inst6|zr[8]                                         ; Duplicated      ; Register Packing ; Timing optimization    ; Q         ;                                                   ; mandelbrot_pixel_core:inst6|zr[8]~_Duplicate_1                               ; Q                ;                                                   ;
; mandelbrot_pixel_core:inst6|zr[8]~_Duplicate_1                            ; Packed Register ; Register Packing ; Timing optimization    ; Q         ;                                                   ; mandelbrot_pixel_core:inst6|lpm_mult:Mult0|mult_qgs:auto_generated|mac_mult3 ; DATAA            ;                                                   ;
; mandelbrot_pixel_core:inst6|zr[8]~_Duplicate_1                            ; Duplicated      ; Register Packing ; Timing optimization    ; Q         ;                                                   ; mandelbrot_pixel_core:inst6|zr[8]~_Duplicate_2                               ; Q                ;                                                   ;
; mandelbrot_pixel_core:inst6|zr[8]~_Duplicate_2                            ; Packed Register ; Register Packing ; Timing optimization    ; Q         ;                                                   ; mandelbrot_pixel_core:inst6|lpm_mult:Mult0|mult_qgs:auto_generated|mac_mult1 ; DATAA            ;                                                   ;
; mandelbrot_pixel_core:inst6|zr[8]~_Duplicate_2                            ; Duplicated      ; Register Packing ; Timing optimization    ; Q         ;                                                   ; mandelbrot_pixel_core:inst6|zr[8]~_Duplicate_3                               ; Q                ;                                                   ;
; mandelbrot_pixel_core:inst6|zr[8]~_Duplicate_3                            ; Packed Register ; Register Packing ; Timing optimization    ; Q         ;                                                   ; mandelbrot_pixel_core:inst6|lpm_mult:Mult0|mult_qgs:auto_generated|mac_mult1 ; DATAB            ;                                                   ;
; mandelbrot_pixel_core:inst6|zr[8]~_Duplicate_3                            ; Duplicated      ; Register Packing ; Timing optimization    ; Q         ;                                                   ; mandelbrot_pixel_core:inst6|zr[8]~_Duplicate_4                               ; Q                ;                                                   ;
; mandelbrot_pixel_core:inst6|zr[8]~_Duplicate_4                            ; Packed Register ; Register Packing ; Timing optimization    ; Q         ;                                                   ; mandelbrot_pixel_core:inst6|lpm_mult:Mult2|mult_qgs:auto_generated|mac_mult1 ; DATAA            ;                                                   ;
; mandelbrot_pixel_core:inst6|zr[8]~_Duplicate_4                            ; Duplicated      ; Register Packing ; Timing optimization    ; Q         ;                                                   ; mandelbrot_pixel_core:inst6|zr[8]~_Duplicate_5                               ; Q                ;                                                   ;
; mandelbrot_pixel_core:inst6|zr[8]~_Duplicate_5                            ; Packed Register ; Register Packing ; Timing optimization    ; Q         ;                                                   ; mandelbrot_pixel_core:inst6|lpm_mult:Mult2|mult_qgs:auto_generated|mac_mult3 ; DATAA            ;                                                   ;
; mandelbrot_pixel_core:inst6|zr[9]                                         ; Packed Register ; Register Packing ; Timing optimization    ; Q         ;                                                   ; mandelbrot_pixel_core:inst6|lpm_mult:Mult0|mult_qgs:auto_generated|mac_mult5 ; DATAB            ;                                                   ;
; mandelbrot_pixel_core:inst6|zr[9]                                         ; Duplicated      ; Register Packing ; Timing optimization    ; Q         ;                                                   ; mandelbrot_pixel_core:inst6|zr[9]~_Duplicate_1                               ; Q                ;                                                   ;
; mandelbrot_pixel_core:inst6|zr[9]~SCLR_LUT                                ; Created         ; Register Packing ; Timing optimization    ;           ;                                                   ;                                                                              ;                  ;                                                   ;
; mandelbrot_pixel_core:inst6|zr[9]~_Duplicate_1                            ; Packed Register ; Register Packing ; Timing optimization    ; Q         ;                                                   ; mandelbrot_pixel_core:inst6|lpm_mult:Mult0|mult_qgs:auto_generated|mac_mult3 ; DATAA            ;                                                   ;
; mandelbrot_pixel_core:inst6|zr[9]~_Duplicate_1                            ; Duplicated      ; Register Packing ; Timing optimization    ; Q         ;                                                   ; mandelbrot_pixel_core:inst6|zr[9]~_Duplicate_2                               ; Q                ;                                                   ;
; mandelbrot_pixel_core:inst6|zr[9]~_Duplicate_2                            ; Packed Register ; Register Packing ; Timing optimization    ; Q         ;                                                   ; mandelbrot_pixel_core:inst6|lpm_mult:Mult0|mult_qgs:auto_generated|mac_mult1 ; DATAA            ;                                                   ;
; mandelbrot_pixel_core:inst6|zr[9]~_Duplicate_2                            ; Duplicated      ; Register Packing ; Timing optimization    ; Q         ;                                                   ; mandelbrot_pixel_core:inst6|zr[9]~_Duplicate_3                               ; Q                ;                                                   ;
; mandelbrot_pixel_core:inst6|zr[9]~_Duplicate_3                            ; Packed Register ; Register Packing ; Timing optimization    ; Q         ;                                                   ; mandelbrot_pixel_core:inst6|lpm_mult:Mult0|mult_qgs:auto_generated|mac_mult1 ; DATAB            ;                                                   ;
; mandelbrot_pixel_core:inst6|zr[9]~_Duplicate_3                            ; Duplicated      ; Register Packing ; Timing optimization    ; Q         ;                                                   ; mandelbrot_pixel_core:inst6|zr[9]~_Duplicate_4                               ; Q                ;                                                   ;
; mandelbrot_pixel_core:inst6|zr[9]~_Duplicate_4                            ; Packed Register ; Register Packing ; Timing optimization    ; Q         ;                                                   ; mandelbrot_pixel_core:inst6|lpm_mult:Mult2|mult_qgs:auto_generated|mac_mult1 ; DATAA            ;                                                   ;
; mandelbrot_pixel_core:inst6|zr[9]~_Duplicate_4                            ; Duplicated      ; Register Packing ; Timing optimization    ; Q         ;                                                   ; mandelbrot_pixel_core:inst6|zr[9]~_Duplicate_5                               ; Q                ;                                                   ;
; mandelbrot_pixel_core:inst6|zr[9]~_Duplicate_5                            ; Packed Register ; Register Packing ; Timing optimization    ; Q         ;                                                   ; mandelbrot_pixel_core:inst6|lpm_mult:Mult2|mult_qgs:auto_generated|mac_mult3 ; DATAA            ;                                                   ;
; mandelbrot_pixel_core:inst6|zr[10]                                        ; Packed Register ; Register Packing ; Timing optimization    ; Q         ;                                                   ; mandelbrot_pixel_core:inst6|lpm_mult:Mult0|mult_qgs:auto_generated|mac_mult5 ; DATAB            ;                                                   ;
; mandelbrot_pixel_core:inst6|zr[10]                                        ; Duplicated      ; Register Packing ; Timing optimization    ; Q         ;                                                   ; mandelbrot_pixel_core:inst6|zr[10]~_Duplicate_1                              ; Q                ;                                                   ;
; mandelbrot_pixel_core:inst6|zr[10]~SCLR_LUT                               ; Created         ; Register Packing ; Timing optimization    ;           ;                                                   ;                                                                              ;                  ;                                                   ;
; mandelbrot_pixel_core:inst6|zr[10]~_Duplicate_1                           ; Packed Register ; Register Packing ; Timing optimization    ; Q         ;                                                   ; mandelbrot_pixel_core:inst6|lpm_mult:Mult0|mult_qgs:auto_generated|mac_mult3 ; DATAA            ;                                                   ;
; mandelbrot_pixel_core:inst6|zr[10]~_Duplicate_1                           ; Duplicated      ; Register Packing ; Timing optimization    ; Q         ;                                                   ; mandelbrot_pixel_core:inst6|zr[10]~_Duplicate_2                              ; Q                ;                                                   ;
; mandelbrot_pixel_core:inst6|zr[10]~_Duplicate_2                           ; Packed Register ; Register Packing ; Timing optimization    ; Q         ;                                                   ; mandelbrot_pixel_core:inst6|lpm_mult:Mult0|mult_qgs:auto_generated|mac_mult1 ; DATAA            ;                                                   ;
; mandelbrot_pixel_core:inst6|zr[10]~_Duplicate_2                           ; Duplicated      ; Register Packing ; Timing optimization    ; Q         ;                                                   ; mandelbrot_pixel_core:inst6|zr[10]~_Duplicate_3                              ; Q                ;                                                   ;
; mandelbrot_pixel_core:inst6|zr[10]~_Duplicate_3                           ; Packed Register ; Register Packing ; Timing optimization    ; Q         ;                                                   ; mandelbrot_pixel_core:inst6|lpm_mult:Mult0|mult_qgs:auto_generated|mac_mult1 ; DATAB            ;                                                   ;
; mandelbrot_pixel_core:inst6|zr[10]~_Duplicate_3                           ; Duplicated      ; Register Packing ; Timing optimization    ; Q         ;                                                   ; mandelbrot_pixel_core:inst6|zr[10]~_Duplicate_4                              ; Q                ;                                                   ;
; mandelbrot_pixel_core:inst6|zr[10]~_Duplicate_4                           ; Packed Register ; Register Packing ; Timing optimization    ; Q         ;                                                   ; mandelbrot_pixel_core:inst6|lpm_mult:Mult2|mult_qgs:auto_generated|mac_mult1 ; DATAA            ;                                                   ;
; mandelbrot_pixel_core:inst6|zr[10]~_Duplicate_4                           ; Duplicated      ; Register Packing ; Timing optimization    ; Q         ;                                                   ; mandelbrot_pixel_core:inst6|zr[10]~_Duplicate_5                              ; Q                ;                                                   ;
; mandelbrot_pixel_core:inst6|zr[10]~_Duplicate_5                           ; Packed Register ; Register Packing ; Timing optimization    ; Q         ;                                                   ; mandelbrot_pixel_core:inst6|lpm_mult:Mult2|mult_qgs:auto_generated|mac_mult3 ; DATAA            ;                                                   ;
; mandelbrot_pixel_core:inst6|zr[11]                                        ; Packed Register ; Register Packing ; Timing optimization    ; Q         ;                                                   ; mandelbrot_pixel_core:inst6|lpm_mult:Mult0|mult_qgs:auto_generated|mac_mult5 ; DATAB            ;                                                   ;
; mandelbrot_pixel_core:inst6|zr[11]                                        ; Duplicated      ; Register Packing ; Timing optimization    ; Q         ;                                                   ; mandelbrot_pixel_core:inst6|zr[11]~_Duplicate_1                              ; Q                ;                                                   ;
; mandelbrot_pixel_core:inst6|zr[11]~SCLR_LUT                               ; Created         ; Register Packing ; Timing optimization    ;           ;                                                   ;                                                                              ;                  ;                                                   ;
; mandelbrot_pixel_core:inst6|zr[11]~_Duplicate_1                           ; Packed Register ; Register Packing ; Timing optimization    ; Q         ;                                                   ; mandelbrot_pixel_core:inst6|lpm_mult:Mult0|mult_qgs:auto_generated|mac_mult3 ; DATAA            ;                                                   ;
; mandelbrot_pixel_core:inst6|zr[11]~_Duplicate_1                           ; Duplicated      ; Register Packing ; Timing optimization    ; Q         ;                                                   ; mandelbrot_pixel_core:inst6|zr[11]~_Duplicate_2                              ; Q                ;                                                   ;
; mandelbrot_pixel_core:inst6|zr[11]~_Duplicate_2                           ; Packed Register ; Register Packing ; Timing optimization    ; Q         ;                                                   ; mandelbrot_pixel_core:inst6|lpm_mult:Mult0|mult_qgs:auto_generated|mac_mult1 ; DATAA            ;                                                   ;
; mandelbrot_pixel_core:inst6|zr[11]~_Duplicate_2                           ; Duplicated      ; Register Packing ; Timing optimization    ; Q         ;                                                   ; mandelbrot_pixel_core:inst6|zr[11]~_Duplicate_3                              ; Q                ;                                                   ;
; mandelbrot_pixel_core:inst6|zr[11]~_Duplicate_3                           ; Packed Register ; Register Packing ; Timing optimization    ; Q         ;                                                   ; mandelbrot_pixel_core:inst6|lpm_mult:Mult0|mult_qgs:auto_generated|mac_mult1 ; DATAB            ;                                                   ;
; mandelbrot_pixel_core:inst6|zr[11]~_Duplicate_3                           ; Duplicated      ; Register Packing ; Timing optimization    ; Q         ;                                                   ; mandelbrot_pixel_core:inst6|zr[11]~_Duplicate_4                              ; Q                ;                                                   ;
; mandelbrot_pixel_core:inst6|zr[11]~_Duplicate_4                           ; Packed Register ; Register Packing ; Timing optimization    ; Q         ;                                                   ; mandelbrot_pixel_core:inst6|lpm_mult:Mult2|mult_qgs:auto_generated|mac_mult1 ; DATAA            ;                                                   ;
; mandelbrot_pixel_core:inst6|zr[11]~_Duplicate_4                           ; Duplicated      ; Register Packing ; Timing optimization    ; Q         ;                                                   ; mandelbrot_pixel_core:inst6|zr[11]~_Duplicate_5                              ; Q                ;                                                   ;
; mandelbrot_pixel_core:inst6|zr[11]~_Duplicate_5                           ; Packed Register ; Register Packing ; Timing optimization    ; Q         ;                                                   ; mandelbrot_pixel_core:inst6|lpm_mult:Mult2|mult_qgs:auto_generated|mac_mult3 ; DATAA            ;                                                   ;
; mandelbrot_pixel_core:inst6|zr[12]                                        ; Packed Register ; Register Packing ; Timing optimization    ; Q         ;                                                   ; mandelbrot_pixel_core:inst6|lpm_mult:Mult0|mult_qgs:auto_generated|mac_mult5 ; DATAB            ;                                                   ;
; mandelbrot_pixel_core:inst6|zr[12]                                        ; Duplicated      ; Register Packing ; Timing optimization    ; Q         ;                                                   ; mandelbrot_pixel_core:inst6|zr[12]~_Duplicate_1                              ; Q                ;                                                   ;
; mandelbrot_pixel_core:inst6|zr[12]~SCLR_LUT                               ; Created         ; Register Packing ; Timing optimization    ;           ;                                                   ;                                                                              ;                  ;                                                   ;
; mandelbrot_pixel_core:inst6|zr[12]~_Duplicate_1                           ; Packed Register ; Register Packing ; Timing optimization    ; Q         ;                                                   ; mandelbrot_pixel_core:inst6|lpm_mult:Mult0|mult_qgs:auto_generated|mac_mult3 ; DATAA            ;                                                   ;
; mandelbrot_pixel_core:inst6|zr[12]~_Duplicate_1                           ; Duplicated      ; Register Packing ; Timing optimization    ; Q         ;                                                   ; mandelbrot_pixel_core:inst6|zr[12]~_Duplicate_2                              ; Q                ;                                                   ;
; mandelbrot_pixel_core:inst6|zr[12]~_Duplicate_2                           ; Packed Register ; Register Packing ; Timing optimization    ; Q         ;                                                   ; mandelbrot_pixel_core:inst6|lpm_mult:Mult0|mult_qgs:auto_generated|mac_mult1 ; DATAA            ;                                                   ;
; mandelbrot_pixel_core:inst6|zr[12]~_Duplicate_2                           ; Duplicated      ; Register Packing ; Timing optimization    ; Q         ;                                                   ; mandelbrot_pixel_core:inst6|zr[12]~_Duplicate_3                              ; Q                ;                                                   ;
; mandelbrot_pixel_core:inst6|zr[12]~_Duplicate_3                           ; Packed Register ; Register Packing ; Timing optimization    ; Q         ;                                                   ; mandelbrot_pixel_core:inst6|lpm_mult:Mult0|mult_qgs:auto_generated|mac_mult1 ; DATAB            ;                                                   ;
; mandelbrot_pixel_core:inst6|zr[12]~_Duplicate_3                           ; Duplicated      ; Register Packing ; Timing optimization    ; Q         ;                                                   ; mandelbrot_pixel_core:inst6|zr[12]~_Duplicate_4                              ; Q                ;                                                   ;
; mandelbrot_pixel_core:inst6|zr[12]~_Duplicate_4                           ; Packed Register ; Register Packing ; Timing optimization    ; Q         ;                                                   ; mandelbrot_pixel_core:inst6|lpm_mult:Mult2|mult_qgs:auto_generated|mac_mult1 ; DATAA            ;                                                   ;
; mandelbrot_pixel_core:inst6|zr[12]~_Duplicate_4                           ; Duplicated      ; Register Packing ; Timing optimization    ; Q         ;                                                   ; mandelbrot_pixel_core:inst6|zr[12]~_Duplicate_5                              ; Q                ;                                                   ;
; mandelbrot_pixel_core:inst6|zr[12]~_Duplicate_5                           ; Packed Register ; Register Packing ; Timing optimization    ; Q         ;                                                   ; mandelbrot_pixel_core:inst6|lpm_mult:Mult2|mult_qgs:auto_generated|mac_mult3 ; DATAA            ;                                                   ;
; mandelbrot_pixel_core:inst6|zr[13]                                        ; Packed Register ; Register Packing ; Timing optimization    ; Q         ;                                                   ; mandelbrot_pixel_core:inst6|lpm_mult:Mult0|mult_qgs:auto_generated|mac_mult5 ; DATAB            ;                                                   ;
; mandelbrot_pixel_core:inst6|zr[13]                                        ; Duplicated      ; Register Packing ; Timing optimization    ; Q         ;                                                   ; mandelbrot_pixel_core:inst6|zr[13]~_Duplicate_1                              ; Q                ;                                                   ;
; mandelbrot_pixel_core:inst6|zr[13]~SCLR_LUT                               ; Created         ; Register Packing ; Timing optimization    ;           ;                                                   ;                                                                              ;                  ;                                                   ;
; mandelbrot_pixel_core:inst6|zr[13]~_Duplicate_1                           ; Packed Register ; Register Packing ; Timing optimization    ; Q         ;                                                   ; mandelbrot_pixel_core:inst6|lpm_mult:Mult0|mult_qgs:auto_generated|mac_mult3 ; DATAA            ;                                                   ;
; mandelbrot_pixel_core:inst6|zr[13]~_Duplicate_1                           ; Duplicated      ; Register Packing ; Timing optimization    ; Q         ;                                                   ; mandelbrot_pixel_core:inst6|zr[13]~_Duplicate_2                              ; Q                ;                                                   ;
; mandelbrot_pixel_core:inst6|zr[13]~_Duplicate_2                           ; Packed Register ; Register Packing ; Timing optimization    ; Q         ;                                                   ; mandelbrot_pixel_core:inst6|lpm_mult:Mult0|mult_qgs:auto_generated|mac_mult1 ; DATAA            ;                                                   ;
; mandelbrot_pixel_core:inst6|zr[13]~_Duplicate_2                           ; Duplicated      ; Register Packing ; Timing optimization    ; Q         ;                                                   ; mandelbrot_pixel_core:inst6|zr[13]~_Duplicate_3                              ; Q                ;                                                   ;
; mandelbrot_pixel_core:inst6|zr[13]~_Duplicate_3                           ; Packed Register ; Register Packing ; Timing optimization    ; Q         ;                                                   ; mandelbrot_pixel_core:inst6|lpm_mult:Mult0|mult_qgs:auto_generated|mac_mult1 ; DATAB            ;                                                   ;
; mandelbrot_pixel_core:inst6|zr[13]~_Duplicate_3                           ; Duplicated      ; Register Packing ; Timing optimization    ; Q         ;                                                   ; mandelbrot_pixel_core:inst6|zr[13]~_Duplicate_4                              ; Q                ;                                                   ;
; mandelbrot_pixel_core:inst6|zr[13]~_Duplicate_4                           ; Packed Register ; Register Packing ; Timing optimization    ; Q         ;                                                   ; mandelbrot_pixel_core:inst6|lpm_mult:Mult2|mult_qgs:auto_generated|mac_mult1 ; DATAA            ;                                                   ;
; mandelbrot_pixel_core:inst6|zr[13]~_Duplicate_4                           ; Duplicated      ; Register Packing ; Timing optimization    ; Q         ;                                                   ; mandelbrot_pixel_core:inst6|zr[13]~_Duplicate_5                              ; Q                ;                                                   ;
; mandelbrot_pixel_core:inst6|zr[13]~_Duplicate_5                           ; Packed Register ; Register Packing ; Timing optimization    ; Q         ;                                                   ; mandelbrot_pixel_core:inst6|lpm_mult:Mult2|mult_qgs:auto_generated|mac_mult3 ; DATAA            ;                                                   ;
; mandelbrot_pixel_core:inst6|zr[14]                                        ; Packed Register ; Register Packing ; Timing optimization    ; Q         ;                                                   ; mandelbrot_pixel_core:inst6|lpm_mult:Mult0|mult_qgs:auto_generated|mac_mult5 ; DATAB            ;                                                   ;
; mandelbrot_pixel_core:inst6|zr[14]                                        ; Duplicated      ; Register Packing ; Timing optimization    ; Q         ;                                                   ; mandelbrot_pixel_core:inst6|zr[14]~_Duplicate_1                              ; Q                ;                                                   ;
; mandelbrot_pixel_core:inst6|zr[14]~SCLR_LUT                               ; Created         ; Register Packing ; Timing optimization    ;           ;                                                   ;                                                                              ;                  ;                                                   ;
; mandelbrot_pixel_core:inst6|zr[14]~_Duplicate_1                           ; Packed Register ; Register Packing ; Timing optimization    ; Q         ;                                                   ; mandelbrot_pixel_core:inst6|lpm_mult:Mult0|mult_qgs:auto_generated|mac_mult3 ; DATAA            ;                                                   ;
; mandelbrot_pixel_core:inst6|zr[14]~_Duplicate_1                           ; Duplicated      ; Register Packing ; Timing optimization    ; Q         ;                                                   ; mandelbrot_pixel_core:inst6|zr[14]~_Duplicate_2                              ; Q                ;                                                   ;
; mandelbrot_pixel_core:inst6|zr[14]~_Duplicate_2                           ; Packed Register ; Register Packing ; Timing optimization    ; Q         ;                                                   ; mandelbrot_pixel_core:inst6|lpm_mult:Mult0|mult_qgs:auto_generated|mac_mult1 ; DATAA            ;                                                   ;
; mandelbrot_pixel_core:inst6|zr[14]~_Duplicate_2                           ; Duplicated      ; Register Packing ; Timing optimization    ; Q         ;                                                   ; mandelbrot_pixel_core:inst6|zr[14]~_Duplicate_3                              ; Q                ;                                                   ;
; mandelbrot_pixel_core:inst6|zr[14]~_Duplicate_3                           ; Packed Register ; Register Packing ; Timing optimization    ; Q         ;                                                   ; mandelbrot_pixel_core:inst6|lpm_mult:Mult0|mult_qgs:auto_generated|mac_mult1 ; DATAB            ;                                                   ;
; mandelbrot_pixel_core:inst6|zr[14]~_Duplicate_3                           ; Duplicated      ; Register Packing ; Timing optimization    ; Q         ;                                                   ; mandelbrot_pixel_core:inst6|zr[14]~_Duplicate_4                              ; Q                ;                                                   ;
; mandelbrot_pixel_core:inst6|zr[14]~_Duplicate_4                           ; Packed Register ; Register Packing ; Timing optimization    ; Q         ;                                                   ; mandelbrot_pixel_core:inst6|lpm_mult:Mult2|mult_qgs:auto_generated|mac_mult1 ; DATAA            ;                                                   ;
; mandelbrot_pixel_core:inst6|zr[14]~_Duplicate_4                           ; Duplicated      ; Register Packing ; Timing optimization    ; Q         ;                                                   ; mandelbrot_pixel_core:inst6|zr[14]~_Duplicate_5                              ; Q                ;                                                   ;
; mandelbrot_pixel_core:inst6|zr[14]~_Duplicate_5                           ; Packed Register ; Register Packing ; Timing optimization    ; Q         ;                                                   ; mandelbrot_pixel_core:inst6|lpm_mult:Mult2|mult_qgs:auto_generated|mac_mult3 ; DATAA            ;                                                   ;
; mandelbrot_pixel_core:inst6|zr[15]                                        ; Packed Register ; Register Packing ; Timing optimization    ; Q         ;                                                   ; mandelbrot_pixel_core:inst6|lpm_mult:Mult0|mult_qgs:auto_generated|mac_mult5 ; DATAB            ;                                                   ;
; mandelbrot_pixel_core:inst6|zr[15]                                        ; Duplicated      ; Register Packing ; Timing optimization    ; Q         ;                                                   ; mandelbrot_pixel_core:inst6|zr[15]~_Duplicate_1                              ; Q                ;                                                   ;
; mandelbrot_pixel_core:inst6|zr[15]~SCLR_LUT                               ; Created         ; Register Packing ; Timing optimization    ;           ;                                                   ;                                                                              ;                  ;                                                   ;
; mandelbrot_pixel_core:inst6|zr[15]~_Duplicate_1                           ; Packed Register ; Register Packing ; Timing optimization    ; Q         ;                                                   ; mandelbrot_pixel_core:inst6|lpm_mult:Mult0|mult_qgs:auto_generated|mac_mult3 ; DATAA            ;                                                   ;
; mandelbrot_pixel_core:inst6|zr[15]~_Duplicate_1                           ; Duplicated      ; Register Packing ; Timing optimization    ; Q         ;                                                   ; mandelbrot_pixel_core:inst6|zr[15]~_Duplicate_2                              ; Q                ;                                                   ;
; mandelbrot_pixel_core:inst6|zr[15]~_Duplicate_2                           ; Packed Register ; Register Packing ; Timing optimization    ; Q         ;                                                   ; mandelbrot_pixel_core:inst6|lpm_mult:Mult0|mult_qgs:auto_generated|mac_mult1 ; DATAA            ;                                                   ;
; mandelbrot_pixel_core:inst6|zr[15]~_Duplicate_2                           ; Duplicated      ; Register Packing ; Timing optimization    ; Q         ;                                                   ; mandelbrot_pixel_core:inst6|zr[15]~_Duplicate_3                              ; Q                ;                                                   ;
; mandelbrot_pixel_core:inst6|zr[15]~_Duplicate_3                           ; Packed Register ; Register Packing ; Timing optimization    ; Q         ;                                                   ; mandelbrot_pixel_core:inst6|lpm_mult:Mult0|mult_qgs:auto_generated|mac_mult1 ; DATAB            ;                                                   ;
; mandelbrot_pixel_core:inst6|zr[15]~_Duplicate_3                           ; Duplicated      ; Register Packing ; Timing optimization    ; Q         ;                                                   ; mandelbrot_pixel_core:inst6|zr[15]~_Duplicate_4                              ; Q                ;                                                   ;
; mandelbrot_pixel_core:inst6|zr[15]~_Duplicate_4                           ; Packed Register ; Register Packing ; Timing optimization    ; Q         ;                                                   ; mandelbrot_pixel_core:inst6|lpm_mult:Mult2|mult_qgs:auto_generated|mac_mult1 ; DATAA            ;                                                   ;
; mandelbrot_pixel_core:inst6|zr[15]~_Duplicate_4                           ; Duplicated      ; Register Packing ; Timing optimization    ; Q         ;                                                   ; mandelbrot_pixel_core:inst6|zr[15]~_Duplicate_5                              ; Q                ;                                                   ;
; mandelbrot_pixel_core:inst6|zr[15]~_Duplicate_5                           ; Packed Register ; Register Packing ; Timing optimization    ; Q         ;                                                   ; mandelbrot_pixel_core:inst6|lpm_mult:Mult2|mult_qgs:auto_generated|mac_mult3 ; DATAA            ;                                                   ;
; mandelbrot_pixel_core:inst6|zr[16]                                        ; Packed Register ; Register Packing ; Timing optimization    ; Q         ;                                                   ; mandelbrot_pixel_core:inst6|lpm_mult:Mult0|mult_qgs:auto_generated|mac_mult5 ; DATAB            ;                                                   ;
; mandelbrot_pixel_core:inst6|zr[16]                                        ; Duplicated      ; Register Packing ; Timing optimization    ; Q         ;                                                   ; mandelbrot_pixel_core:inst6|zr[16]~_Duplicate_1                              ; Q                ;                                                   ;
; mandelbrot_pixel_core:inst6|zr[16]~SCLR_LUT                               ; Created         ; Register Packing ; Timing optimization    ;           ;                                                   ;                                                                              ;                  ;                                                   ;
; mandelbrot_pixel_core:inst6|zr[16]~_Duplicate_1                           ; Packed Register ; Register Packing ; Timing optimization    ; Q         ;                                                   ; mandelbrot_pixel_core:inst6|lpm_mult:Mult0|mult_qgs:auto_generated|mac_mult3 ; DATAA            ;                                                   ;
; mandelbrot_pixel_core:inst6|zr[16]~_Duplicate_1                           ; Duplicated      ; Register Packing ; Timing optimization    ; Q         ;                                                   ; mandelbrot_pixel_core:inst6|zr[16]~_Duplicate_2                              ; Q                ;                                                   ;
; mandelbrot_pixel_core:inst6|zr[16]~_Duplicate_2                           ; Packed Register ; Register Packing ; Timing optimization    ; Q         ;                                                   ; mandelbrot_pixel_core:inst6|lpm_mult:Mult0|mult_qgs:auto_generated|mac_mult1 ; DATAA            ;                                                   ;
; mandelbrot_pixel_core:inst6|zr[16]~_Duplicate_2                           ; Duplicated      ; Register Packing ; Timing optimization    ; Q         ;                                                   ; mandelbrot_pixel_core:inst6|zr[16]~_Duplicate_3                              ; Q                ;                                                   ;
; mandelbrot_pixel_core:inst6|zr[16]~_Duplicate_3                           ; Packed Register ; Register Packing ; Timing optimization    ; Q         ;                                                   ; mandelbrot_pixel_core:inst6|lpm_mult:Mult0|mult_qgs:auto_generated|mac_mult1 ; DATAB            ;                                                   ;
; mandelbrot_pixel_core:inst6|zr[16]~_Duplicate_3                           ; Duplicated      ; Register Packing ; Timing optimization    ; Q         ;                                                   ; mandelbrot_pixel_core:inst6|zr[16]~_Duplicate_4                              ; Q                ;                                                   ;
; mandelbrot_pixel_core:inst6|zr[16]~_Duplicate_4                           ; Packed Register ; Register Packing ; Timing optimization    ; Q         ;                                                   ; mandelbrot_pixel_core:inst6|lpm_mult:Mult2|mult_qgs:auto_generated|mac_mult1 ; DATAA            ;                                                   ;
; mandelbrot_pixel_core:inst6|zr[16]~_Duplicate_4                           ; Duplicated      ; Register Packing ; Timing optimization    ; Q         ;                                                   ; mandelbrot_pixel_core:inst6|zr[16]~_Duplicate_5                              ; Q                ;                                                   ;
; mandelbrot_pixel_core:inst6|zr[16]~_Duplicate_5                           ; Packed Register ; Register Packing ; Timing optimization    ; Q         ;                                                   ; mandelbrot_pixel_core:inst6|lpm_mult:Mult2|mult_qgs:auto_generated|mac_mult3 ; DATAA            ;                                                   ;
; mandelbrot_pixel_core:inst6|zr[17]                                        ; Packed Register ; Register Packing ; Timing optimization    ; Q         ;                                                   ; mandelbrot_pixel_core:inst6|lpm_mult:Mult0|mult_qgs:auto_generated|mac_mult5 ; DATAB            ;                                                   ;
; mandelbrot_pixel_core:inst6|zr[17]                                        ; Duplicated      ; Register Packing ; Timing optimization    ; Q         ;                                                   ; mandelbrot_pixel_core:inst6|zr[17]~_Duplicate_1                              ; Q                ;                                                   ;
; mandelbrot_pixel_core:inst6|zr[17]~SCLR_LUT                               ; Created         ; Register Packing ; Timing optimization    ;           ;                                                   ;                                                                              ;                  ;                                                   ;
; mandelbrot_pixel_core:inst6|zr[17]~_Duplicate_1                           ; Packed Register ; Register Packing ; Timing optimization    ; Q         ;                                                   ; mandelbrot_pixel_core:inst6|lpm_mult:Mult0|mult_qgs:auto_generated|mac_mult3 ; DATAA            ;                                                   ;
; mandelbrot_pixel_core:inst6|zr[17]~_Duplicate_1                           ; Duplicated      ; Register Packing ; Timing optimization    ; Q         ;                                                   ; mandelbrot_pixel_core:inst6|zr[17]~_Duplicate_2                              ; Q                ;                                                   ;
; mandelbrot_pixel_core:inst6|zr[17]~_Duplicate_2                           ; Packed Register ; Register Packing ; Timing optimization    ; Q         ;                                                   ; mandelbrot_pixel_core:inst6|lpm_mult:Mult0|mult_qgs:auto_generated|mac_mult1 ; DATAA            ;                                                   ;
; mandelbrot_pixel_core:inst6|zr[17]~_Duplicate_2                           ; Duplicated      ; Register Packing ; Timing optimization    ; Q         ;                                                   ; mandelbrot_pixel_core:inst6|zr[17]~_Duplicate_3                              ; Q                ;                                                   ;
; mandelbrot_pixel_core:inst6|zr[17]~_Duplicate_3                           ; Packed Register ; Register Packing ; Timing optimization    ; Q         ;                                                   ; mandelbrot_pixel_core:inst6|lpm_mult:Mult0|mult_qgs:auto_generated|mac_mult1 ; DATAB            ;                                                   ;
; mandelbrot_pixel_core:inst6|zr[17]~_Duplicate_3                           ; Duplicated      ; Register Packing ; Timing optimization    ; Q         ;                                                   ; mandelbrot_pixel_core:inst6|zr[17]~_Duplicate_4                              ; Q                ;                                                   ;
; mandelbrot_pixel_core:inst6|zr[17]~_Duplicate_4                           ; Packed Register ; Register Packing ; Timing optimization    ; Q         ;                                                   ; mandelbrot_pixel_core:inst6|lpm_mult:Mult2|mult_qgs:auto_generated|mac_mult1 ; DATAA            ;                                                   ;
; mandelbrot_pixel_core:inst6|zr[17]~_Duplicate_4                           ; Duplicated      ; Register Packing ; Timing optimization    ; Q         ;                                                   ; mandelbrot_pixel_core:inst6|zr[17]~_Duplicate_5                              ; Q                ;                                                   ;
; mandelbrot_pixel_core:inst6|zr[17]~_Duplicate_5                           ; Packed Register ; Register Packing ; Timing optimization    ; Q         ;                                                   ; mandelbrot_pixel_core:inst6|lpm_mult:Mult2|mult_qgs:auto_generated|mac_mult3 ; DATAA            ;                                                   ;
; mandelbrot_pixel_core:inst6|zr[18]                                        ; Packed Register ; Register Packing ; Timing optimization    ; Q         ;                                                   ; mandelbrot_pixel_core:inst6|lpm_mult:Mult0|mult_qgs:auto_generated|mac_mult7 ; DATAA            ;                                                   ;
; mandelbrot_pixel_core:inst6|zr[18]                                        ; Duplicated      ; Register Packing ; Timing optimization    ; Q         ;                                                   ; mandelbrot_pixel_core:inst6|zr[18]~_Duplicate_1                              ; Q                ;                                                   ;
; mandelbrot_pixel_core:inst6|zr[18]~SCLR_LUT                               ; Created         ; Register Packing ; Timing optimization    ;           ;                                                   ;                                                                              ;                  ;                                                   ;
; mandelbrot_pixel_core:inst6|zr[18]~_Duplicate_1                           ; Packed Register ; Register Packing ; Timing optimization    ; Q         ;                                                   ; mandelbrot_pixel_core:inst6|lpm_mult:Mult0|mult_qgs:auto_generated|mac_mult7 ; DATAB            ;                                                   ;
; mandelbrot_pixel_core:inst6|zr[18]~_Duplicate_1                           ; Duplicated      ; Register Packing ; Timing optimization    ; Q         ;                                                   ; mandelbrot_pixel_core:inst6|zr[18]~_Duplicate_2                              ; Q                ;                                                   ;
; mandelbrot_pixel_core:inst6|zr[18]~_Duplicate_2                           ; Packed Register ; Register Packing ; Timing optimization    ; Q         ;                                                   ; mandelbrot_pixel_core:inst6|lpm_mult:Mult0|mult_qgs:auto_generated|mac_mult5 ; DATAA            ;                                                   ;
; mandelbrot_pixel_core:inst6|zr[18]~_Duplicate_2                           ; Duplicated      ; Register Packing ; Timing optimization    ; Q         ;                                                   ; mandelbrot_pixel_core:inst6|zr[18]~_Duplicate_3                              ; Q                ;                                                   ;
; mandelbrot_pixel_core:inst6|zr[18]~_Duplicate_3                           ; Packed Register ; Register Packing ; Timing optimization    ; Q         ;                                                   ; mandelbrot_pixel_core:inst6|lpm_mult:Mult0|mult_qgs:auto_generated|mac_mult3 ; DATAB            ;                                                   ;
; mandelbrot_pixel_core:inst6|zr[18]~_Duplicate_3                           ; Duplicated      ; Register Packing ; Timing optimization    ; Q         ;                                                   ; mandelbrot_pixel_core:inst6|zr[18]~_Duplicate_4                              ; Q                ;                                                   ;
; mandelbrot_pixel_core:inst6|zr[18]~_Duplicate_4                           ; Packed Register ; Register Packing ; Timing optimization    ; Q         ;                                                   ; mandelbrot_pixel_core:inst6|lpm_mult:Mult2|mult_qgs:auto_generated|mac_mult5 ; DATAA            ;                                                   ;
; mandelbrot_pixel_core:inst6|zr[18]~_Duplicate_4                           ; Duplicated      ; Register Packing ; Timing optimization    ; Q         ;                                                   ; mandelbrot_pixel_core:inst6|zr[18]~_Duplicate_5                              ; Q                ;                                                   ;
; mandelbrot_pixel_core:inst6|zr[18]~_Duplicate_5                           ; Packed Register ; Register Packing ; Timing optimization    ; Q         ;                                                   ; mandelbrot_pixel_core:inst6|lpm_mult:Mult2|mult_qgs:auto_generated|mac_mult7 ; DATAA            ;                                                   ;
; mandelbrot_pixel_core:inst6|zr[19]                                        ; Packed Register ; Register Packing ; Timing optimization    ; Q         ;                                                   ; mandelbrot_pixel_core:inst6|lpm_mult:Mult0|mult_qgs:auto_generated|mac_mult7 ; DATAA            ;                                                   ;
; mandelbrot_pixel_core:inst6|zr[19]                                        ; Duplicated      ; Register Packing ; Timing optimization    ; Q         ;                                                   ; mandelbrot_pixel_core:inst6|zr[19]~_Duplicate_1                              ; Q                ;                                                   ;
; mandelbrot_pixel_core:inst6|zr[19]~SCLR_LUT                               ; Created         ; Register Packing ; Timing optimization    ;           ;                                                   ;                                                                              ;                  ;                                                   ;
; mandelbrot_pixel_core:inst6|zr[19]~_Duplicate_1                           ; Packed Register ; Register Packing ; Timing optimization    ; Q         ;                                                   ; mandelbrot_pixel_core:inst6|lpm_mult:Mult0|mult_qgs:auto_generated|mac_mult7 ; DATAB            ;                                                   ;
; mandelbrot_pixel_core:inst6|zr[19]~_Duplicate_1                           ; Duplicated      ; Register Packing ; Timing optimization    ; Q         ;                                                   ; mandelbrot_pixel_core:inst6|zr[19]~_Duplicate_2                              ; Q                ;                                                   ;
; mandelbrot_pixel_core:inst6|zr[19]~_Duplicate_2                           ; Packed Register ; Register Packing ; Timing optimization    ; Q         ;                                                   ; mandelbrot_pixel_core:inst6|lpm_mult:Mult0|mult_qgs:auto_generated|mac_mult5 ; DATAA            ;                                                   ;
; mandelbrot_pixel_core:inst6|zr[19]~_Duplicate_2                           ; Duplicated      ; Register Packing ; Timing optimization    ; Q         ;                                                   ; mandelbrot_pixel_core:inst6|zr[19]~_Duplicate_3                              ; Q                ;                                                   ;
; mandelbrot_pixel_core:inst6|zr[19]~_Duplicate_3                           ; Packed Register ; Register Packing ; Timing optimization    ; Q         ;                                                   ; mandelbrot_pixel_core:inst6|lpm_mult:Mult0|mult_qgs:auto_generated|mac_mult3 ; DATAB            ;                                                   ;
; mandelbrot_pixel_core:inst6|zr[19]~_Duplicate_3                           ; Duplicated      ; Register Packing ; Timing optimization    ; Q         ;                                                   ; mandelbrot_pixel_core:inst6|zr[19]~_Duplicate_4                              ; Q                ;                                                   ;
; mandelbrot_pixel_core:inst6|zr[19]~_Duplicate_4                           ; Packed Register ; Register Packing ; Timing optimization    ; Q         ;                                                   ; mandelbrot_pixel_core:inst6|lpm_mult:Mult2|mult_qgs:auto_generated|mac_mult5 ; DATAA            ;                                                   ;
; mandelbrot_pixel_core:inst6|zr[19]~_Duplicate_4                           ; Duplicated      ; Register Packing ; Timing optimization    ; Q         ;                                                   ; mandelbrot_pixel_core:inst6|zr[19]~_Duplicate_5                              ; Q                ;                                                   ;
; mandelbrot_pixel_core:inst6|zr[19]~_Duplicate_5                           ; Packed Register ; Register Packing ; Timing optimization    ; Q         ;                                                   ; mandelbrot_pixel_core:inst6|lpm_mult:Mult2|mult_qgs:auto_generated|mac_mult7 ; DATAA            ;                                                   ;
; mandelbrot_pixel_core:inst6|zr[20]                                        ; Packed Register ; Register Packing ; Timing optimization    ; Q         ;                                                   ; mandelbrot_pixel_core:inst6|lpm_mult:Mult0|mult_qgs:auto_generated|mac_mult7 ; DATAA            ;                                                   ;
; mandelbrot_pixel_core:inst6|zr[20]                                        ; Duplicated      ; Register Packing ; Timing optimization    ; Q         ;                                                   ; mandelbrot_pixel_core:inst6|zr[20]~_Duplicate_1                              ; Q                ;                                                   ;
; mandelbrot_pixel_core:inst6|zr[20]~SCLR_LUT                               ; Created         ; Register Packing ; Timing optimization    ;           ;                                                   ;                                                                              ;                  ;                                                   ;
; mandelbrot_pixel_core:inst6|zr[20]~_Duplicate_1                           ; Packed Register ; Register Packing ; Timing optimization    ; Q         ;                                                   ; mandelbrot_pixel_core:inst6|lpm_mult:Mult0|mult_qgs:auto_generated|mac_mult7 ; DATAB            ;                                                   ;
; mandelbrot_pixel_core:inst6|zr[20]~_Duplicate_1                           ; Duplicated      ; Register Packing ; Timing optimization    ; Q         ;                                                   ; mandelbrot_pixel_core:inst6|zr[20]~_Duplicate_2                              ; Q                ;                                                   ;
; mandelbrot_pixel_core:inst6|zr[20]~_Duplicate_2                           ; Packed Register ; Register Packing ; Timing optimization    ; Q         ;                                                   ; mandelbrot_pixel_core:inst6|lpm_mult:Mult0|mult_qgs:auto_generated|mac_mult5 ; DATAA            ;                                                   ;
; mandelbrot_pixel_core:inst6|zr[20]~_Duplicate_2                           ; Duplicated      ; Register Packing ; Timing optimization    ; Q         ;                                                   ; mandelbrot_pixel_core:inst6|zr[20]~_Duplicate_3                              ; Q                ;                                                   ;
; mandelbrot_pixel_core:inst6|zr[20]~_Duplicate_3                           ; Packed Register ; Register Packing ; Timing optimization    ; Q         ;                                                   ; mandelbrot_pixel_core:inst6|lpm_mult:Mult0|mult_qgs:auto_generated|mac_mult3 ; DATAB            ;                                                   ;
; mandelbrot_pixel_core:inst6|zr[20]~_Duplicate_3                           ; Duplicated      ; Register Packing ; Timing optimization    ; Q         ;                                                   ; mandelbrot_pixel_core:inst6|zr[20]~_Duplicate_4                              ; Q                ;                                                   ;
; mandelbrot_pixel_core:inst6|zr[20]~_Duplicate_4                           ; Packed Register ; Register Packing ; Timing optimization    ; Q         ;                                                   ; mandelbrot_pixel_core:inst6|lpm_mult:Mult2|mult_qgs:auto_generated|mac_mult5 ; DATAA            ;                                                   ;
; mandelbrot_pixel_core:inst6|zr[20]~_Duplicate_4                           ; Duplicated      ; Register Packing ; Timing optimization    ; Q         ;                                                   ; mandelbrot_pixel_core:inst6|zr[20]~_Duplicate_5                              ; Q                ;                                                   ;
; mandelbrot_pixel_core:inst6|zr[20]~_Duplicate_5                           ; Packed Register ; Register Packing ; Timing optimization    ; Q         ;                                                   ; mandelbrot_pixel_core:inst6|lpm_mult:Mult2|mult_qgs:auto_generated|mac_mult7 ; DATAA            ;                                                   ;
; mandelbrot_pixel_core:inst6|zr[21]                                        ; Packed Register ; Register Packing ; Timing optimization    ; Q         ;                                                   ; mandelbrot_pixel_core:inst6|lpm_mult:Mult0|mult_qgs:auto_generated|mac_mult7 ; DATAA            ;                                                   ;
; mandelbrot_pixel_core:inst6|zr[21]                                        ; Duplicated      ; Register Packing ; Timing optimization    ; Q         ;                                                   ; mandelbrot_pixel_core:inst6|zr[21]~_Duplicate_1                              ; Q                ;                                                   ;
; mandelbrot_pixel_core:inst6|zr[21]~SCLR_LUT                               ; Created         ; Register Packing ; Timing optimization    ;           ;                                                   ;                                                                              ;                  ;                                                   ;
; mandelbrot_pixel_core:inst6|zr[21]~_Duplicate_1                           ; Packed Register ; Register Packing ; Timing optimization    ; Q         ;                                                   ; mandelbrot_pixel_core:inst6|lpm_mult:Mult0|mult_qgs:auto_generated|mac_mult7 ; DATAB            ;                                                   ;
; mandelbrot_pixel_core:inst6|zr[21]~_Duplicate_1                           ; Duplicated      ; Register Packing ; Timing optimization    ; Q         ;                                                   ; mandelbrot_pixel_core:inst6|zr[21]~_Duplicate_2                              ; Q                ;                                                   ;
; mandelbrot_pixel_core:inst6|zr[21]~_Duplicate_2                           ; Packed Register ; Register Packing ; Timing optimization    ; Q         ;                                                   ; mandelbrot_pixel_core:inst6|lpm_mult:Mult0|mult_qgs:auto_generated|mac_mult5 ; DATAA            ;                                                   ;
; mandelbrot_pixel_core:inst6|zr[21]~_Duplicate_2                           ; Duplicated      ; Register Packing ; Timing optimization    ; Q         ;                                                   ; mandelbrot_pixel_core:inst6|zr[21]~_Duplicate_3                              ; Q                ;                                                   ;
; mandelbrot_pixel_core:inst6|zr[21]~_Duplicate_3                           ; Packed Register ; Register Packing ; Timing optimization    ; Q         ;                                                   ; mandelbrot_pixel_core:inst6|lpm_mult:Mult0|mult_qgs:auto_generated|mac_mult3 ; DATAB            ;                                                   ;
; mandelbrot_pixel_core:inst6|zr[21]~_Duplicate_3                           ; Duplicated      ; Register Packing ; Timing optimization    ; Q         ;                                                   ; mandelbrot_pixel_core:inst6|zr[21]~_Duplicate_4                              ; Q                ;                                                   ;
; mandelbrot_pixel_core:inst6|zr[21]~_Duplicate_4                           ; Packed Register ; Register Packing ; Timing optimization    ; Q         ;                                                   ; mandelbrot_pixel_core:inst6|lpm_mult:Mult2|mult_qgs:auto_generated|mac_mult5 ; DATAA            ;                                                   ;
; mandelbrot_pixel_core:inst6|zr[21]~_Duplicate_4                           ; Duplicated      ; Register Packing ; Timing optimization    ; Q         ;                                                   ; mandelbrot_pixel_core:inst6|zr[21]~_Duplicate_5                              ; Q                ;                                                   ;
; mandelbrot_pixel_core:inst6|zr[21]~_Duplicate_5                           ; Packed Register ; Register Packing ; Timing optimization    ; Q         ;                                                   ; mandelbrot_pixel_core:inst6|lpm_mult:Mult2|mult_qgs:auto_generated|mac_mult7 ; DATAA            ;                                                   ;
; mandelbrot_pixel_core:inst6|zr[22]                                        ; Packed Register ; Register Packing ; Timing optimization    ; Q         ;                                                   ; mandelbrot_pixel_core:inst6|lpm_mult:Mult0|mult_qgs:auto_generated|mac_mult7 ; DATAA            ;                                                   ;
; mandelbrot_pixel_core:inst6|zr[22]                                        ; Duplicated      ; Register Packing ; Timing optimization    ; Q         ;                                                   ; mandelbrot_pixel_core:inst6|zr[22]~_Duplicate_1                              ; Q                ;                                                   ;
; mandelbrot_pixel_core:inst6|zr[22]~SCLR_LUT                               ; Created         ; Register Packing ; Timing optimization    ;           ;                                                   ;                                                                              ;                  ;                                                   ;
; mandelbrot_pixel_core:inst6|zr[22]~_Duplicate_1                           ; Packed Register ; Register Packing ; Timing optimization    ; Q         ;                                                   ; mandelbrot_pixel_core:inst6|lpm_mult:Mult0|mult_qgs:auto_generated|mac_mult7 ; DATAB            ;                                                   ;
; mandelbrot_pixel_core:inst6|zr[22]~_Duplicate_1                           ; Duplicated      ; Register Packing ; Timing optimization    ; Q         ;                                                   ; mandelbrot_pixel_core:inst6|zr[22]~_Duplicate_2                              ; Q                ;                                                   ;
; mandelbrot_pixel_core:inst6|zr[22]~_Duplicate_2                           ; Packed Register ; Register Packing ; Timing optimization    ; Q         ;                                                   ; mandelbrot_pixel_core:inst6|lpm_mult:Mult0|mult_qgs:auto_generated|mac_mult5 ; DATAA            ;                                                   ;
; mandelbrot_pixel_core:inst6|zr[22]~_Duplicate_2                           ; Duplicated      ; Register Packing ; Timing optimization    ; Q         ;                                                   ; mandelbrot_pixel_core:inst6|zr[22]~_Duplicate_3                              ; Q                ;                                                   ;
; mandelbrot_pixel_core:inst6|zr[22]~_Duplicate_3                           ; Packed Register ; Register Packing ; Timing optimization    ; Q         ;                                                   ; mandelbrot_pixel_core:inst6|lpm_mult:Mult0|mult_qgs:auto_generated|mac_mult3 ; DATAB            ;                                                   ;
; mandelbrot_pixel_core:inst6|zr[22]~_Duplicate_3                           ; Duplicated      ; Register Packing ; Timing optimization    ; Q         ;                                                   ; mandelbrot_pixel_core:inst6|zr[22]~_Duplicate_4                              ; Q                ;                                                   ;
; mandelbrot_pixel_core:inst6|zr[22]~_Duplicate_4                           ; Packed Register ; Register Packing ; Timing optimization    ; Q         ;                                                   ; mandelbrot_pixel_core:inst6|lpm_mult:Mult2|mult_qgs:auto_generated|mac_mult5 ; DATAA            ;                                                   ;
; mandelbrot_pixel_core:inst6|zr[22]~_Duplicate_4                           ; Duplicated      ; Register Packing ; Timing optimization    ; Q         ;                                                   ; mandelbrot_pixel_core:inst6|zr[22]~_Duplicate_5                              ; Q                ;                                                   ;
; mandelbrot_pixel_core:inst6|zr[22]~_Duplicate_5                           ; Packed Register ; Register Packing ; Timing optimization    ; Q         ;                                                   ; mandelbrot_pixel_core:inst6|lpm_mult:Mult2|mult_qgs:auto_generated|mac_mult7 ; DATAA            ;                                                   ;
; mandelbrot_pixel_core:inst6|zr[23]                                        ; Packed Register ; Register Packing ; Timing optimization    ; Q         ;                                                   ; mandelbrot_pixel_core:inst6|lpm_mult:Mult0|mult_qgs:auto_generated|mac_mult7 ; DATAA            ;                                                   ;
; mandelbrot_pixel_core:inst6|zr[23]                                        ; Duplicated      ; Register Packing ; Timing optimization    ; Q         ;                                                   ; mandelbrot_pixel_core:inst6|zr[23]~_Duplicate_1                              ; Q                ;                                                   ;
; mandelbrot_pixel_core:inst6|zr[23]~SCLR_LUT                               ; Created         ; Register Packing ; Timing optimization    ;           ;                                                   ;                                                                              ;                  ;                                                   ;
; mandelbrot_pixel_core:inst6|zr[23]~_Duplicate_1                           ; Packed Register ; Register Packing ; Timing optimization    ; Q         ;                                                   ; mandelbrot_pixel_core:inst6|lpm_mult:Mult0|mult_qgs:auto_generated|mac_mult7 ; DATAB            ;                                                   ;
; mandelbrot_pixel_core:inst6|zr[23]~_Duplicate_1                           ; Duplicated      ; Register Packing ; Timing optimization    ; Q         ;                                                   ; mandelbrot_pixel_core:inst6|zr[23]~_Duplicate_2                              ; Q                ;                                                   ;
; mandelbrot_pixel_core:inst6|zr[23]~_Duplicate_2                           ; Packed Register ; Register Packing ; Timing optimization    ; Q         ;                                                   ; mandelbrot_pixel_core:inst6|lpm_mult:Mult0|mult_qgs:auto_generated|mac_mult5 ; DATAA            ;                                                   ;
; mandelbrot_pixel_core:inst6|zr[23]~_Duplicate_2                           ; Duplicated      ; Register Packing ; Timing optimization    ; Q         ;                                                   ; mandelbrot_pixel_core:inst6|zr[23]~_Duplicate_3                              ; Q                ;                                                   ;
; mandelbrot_pixel_core:inst6|zr[23]~_Duplicate_3                           ; Packed Register ; Register Packing ; Timing optimization    ; Q         ;                                                   ; mandelbrot_pixel_core:inst6|lpm_mult:Mult0|mult_qgs:auto_generated|mac_mult3 ; DATAB            ;                                                   ;
; mandelbrot_pixel_core:inst6|zr[23]~_Duplicate_3                           ; Duplicated      ; Register Packing ; Timing optimization    ; Q         ;                                                   ; mandelbrot_pixel_core:inst6|zr[23]~_Duplicate_4                              ; Q                ;                                                   ;
; mandelbrot_pixel_core:inst6|zr[23]~_Duplicate_4                           ; Packed Register ; Register Packing ; Timing optimization    ; Q         ;                                                   ; mandelbrot_pixel_core:inst6|lpm_mult:Mult2|mult_qgs:auto_generated|mac_mult5 ; DATAA            ;                                                   ;
; mandelbrot_pixel_core:inst6|zr[23]~_Duplicate_4                           ; Duplicated      ; Register Packing ; Timing optimization    ; Q         ;                                                   ; mandelbrot_pixel_core:inst6|zr[23]~_Duplicate_5                              ; Q                ;                                                   ;
; mandelbrot_pixel_core:inst6|zr[23]~_Duplicate_5                           ; Packed Register ; Register Packing ; Timing optimization    ; Q         ;                                                   ; mandelbrot_pixel_core:inst6|lpm_mult:Mult2|mult_qgs:auto_generated|mac_mult7 ; DATAA            ;                                                   ;
; mandelbrot_pixel_core:inst6|zr[24]                                        ; Packed Register ; Register Packing ; Timing optimization    ; Q         ;                                                   ; mandelbrot_pixel_core:inst6|lpm_mult:Mult0|mult_qgs:auto_generated|mac_mult7 ; DATAA            ;                                                   ;
; mandelbrot_pixel_core:inst6|zr[24]                                        ; Duplicated      ; Register Packing ; Timing optimization    ; Q         ;                                                   ; mandelbrot_pixel_core:inst6|zr[24]~_Duplicate_1                              ; Q                ;                                                   ;
; mandelbrot_pixel_core:inst6|zr[24]~SCLR_LUT                               ; Created         ; Register Packing ; Timing optimization    ;           ;                                                   ;                                                                              ;                  ;                                                   ;
; mandelbrot_pixel_core:inst6|zr[24]~_Duplicate_1                           ; Packed Register ; Register Packing ; Timing optimization    ; Q         ;                                                   ; mandelbrot_pixel_core:inst6|lpm_mult:Mult0|mult_qgs:auto_generated|mac_mult7 ; DATAB            ;                                                   ;
; mandelbrot_pixel_core:inst6|zr[24]~_Duplicate_1                           ; Duplicated      ; Register Packing ; Timing optimization    ; Q         ;                                                   ; mandelbrot_pixel_core:inst6|zr[24]~_Duplicate_2                              ; Q                ;                                                   ;
; mandelbrot_pixel_core:inst6|zr[24]~_Duplicate_2                           ; Packed Register ; Register Packing ; Timing optimization    ; Q         ;                                                   ; mandelbrot_pixel_core:inst6|lpm_mult:Mult0|mult_qgs:auto_generated|mac_mult5 ; DATAA            ;                                                   ;
; mandelbrot_pixel_core:inst6|zr[24]~_Duplicate_2                           ; Duplicated      ; Register Packing ; Timing optimization    ; Q         ;                                                   ; mandelbrot_pixel_core:inst6|zr[24]~_Duplicate_3                              ; Q                ;                                                   ;
; mandelbrot_pixel_core:inst6|zr[24]~_Duplicate_3                           ; Packed Register ; Register Packing ; Timing optimization    ; Q         ;                                                   ; mandelbrot_pixel_core:inst6|lpm_mult:Mult0|mult_qgs:auto_generated|mac_mult3 ; DATAB            ;                                                   ;
; mandelbrot_pixel_core:inst6|zr[24]~_Duplicate_3                           ; Duplicated      ; Register Packing ; Timing optimization    ; Q         ;                                                   ; mandelbrot_pixel_core:inst6|zr[24]~_Duplicate_4                              ; Q                ;                                                   ;
; mandelbrot_pixel_core:inst6|zr[24]~_Duplicate_4                           ; Packed Register ; Register Packing ; Timing optimization    ; Q         ;                                                   ; mandelbrot_pixel_core:inst6|lpm_mult:Mult2|mult_qgs:auto_generated|mac_mult5 ; DATAA            ;                                                   ;
; mandelbrot_pixel_core:inst6|zr[24]~_Duplicate_4                           ; Duplicated      ; Register Packing ; Timing optimization    ; Q         ;                                                   ; mandelbrot_pixel_core:inst6|zr[24]~_Duplicate_5                              ; Q                ;                                                   ;
; mandelbrot_pixel_core:inst6|zr[24]~_Duplicate_5                           ; Packed Register ; Register Packing ; Timing optimization    ; Q         ;                                                   ; mandelbrot_pixel_core:inst6|lpm_mult:Mult2|mult_qgs:auto_generated|mac_mult7 ; DATAA            ;                                                   ;
; mandelbrot_pixel_core:inst6|zr[25]                                        ; Packed Register ; Register Packing ; Timing optimization    ; Q         ;                                                   ; mandelbrot_pixel_core:inst6|lpm_mult:Mult0|mult_qgs:auto_generated|mac_mult7 ; DATAA            ;                                                   ;
; mandelbrot_pixel_core:inst6|zr[25]                                        ; Duplicated      ; Register Packing ; Timing optimization    ; Q         ;                                                   ; mandelbrot_pixel_core:inst6|zr[25]~_Duplicate_1                              ; Q                ;                                                   ;
; mandelbrot_pixel_core:inst6|zr[25]~SCLR_LUT                               ; Created         ; Register Packing ; Timing optimization    ;           ;                                                   ;                                                                              ;                  ;                                                   ;
; mandelbrot_pixel_core:inst6|zr[25]~_Duplicate_1                           ; Packed Register ; Register Packing ; Timing optimization    ; Q         ;                                                   ; mandelbrot_pixel_core:inst6|lpm_mult:Mult0|mult_qgs:auto_generated|mac_mult7 ; DATAB            ;                                                   ;
; mandelbrot_pixel_core:inst6|zr[25]~_Duplicate_1                           ; Duplicated      ; Register Packing ; Timing optimization    ; Q         ;                                                   ; mandelbrot_pixel_core:inst6|zr[25]~_Duplicate_2                              ; Q                ;                                                   ;
; mandelbrot_pixel_core:inst6|zr[25]~_Duplicate_2                           ; Packed Register ; Register Packing ; Timing optimization    ; Q         ;                                                   ; mandelbrot_pixel_core:inst6|lpm_mult:Mult0|mult_qgs:auto_generated|mac_mult5 ; DATAA            ;                                                   ;
; mandelbrot_pixel_core:inst6|zr[25]~_Duplicate_2                           ; Duplicated      ; Register Packing ; Timing optimization    ; Q         ;                                                   ; mandelbrot_pixel_core:inst6|zr[25]~_Duplicate_3                              ; Q                ;                                                   ;
; mandelbrot_pixel_core:inst6|zr[25]~_Duplicate_3                           ; Packed Register ; Register Packing ; Timing optimization    ; Q         ;                                                   ; mandelbrot_pixel_core:inst6|lpm_mult:Mult0|mult_qgs:auto_generated|mac_mult3 ; DATAB            ;                                                   ;
; mandelbrot_pixel_core:inst6|zr[25]~_Duplicate_3                           ; Duplicated      ; Register Packing ; Timing optimization    ; Q         ;                                                   ; mandelbrot_pixel_core:inst6|zr[25]~_Duplicate_4                              ; Q                ;                                                   ;
; mandelbrot_pixel_core:inst6|zr[25]~_Duplicate_4                           ; Packed Register ; Register Packing ; Timing optimization    ; Q         ;                                                   ; mandelbrot_pixel_core:inst6|lpm_mult:Mult2|mult_qgs:auto_generated|mac_mult5 ; DATAA            ;                                                   ;
; mandelbrot_pixel_core:inst6|zr[25]~_Duplicate_4                           ; Duplicated      ; Register Packing ; Timing optimization    ; Q         ;                                                   ; mandelbrot_pixel_core:inst6|zr[25]~_Duplicate_5                              ; Q                ;                                                   ;
; mandelbrot_pixel_core:inst6|zr[25]~_Duplicate_5                           ; Packed Register ; Register Packing ; Timing optimization    ; Q         ;                                                   ; mandelbrot_pixel_core:inst6|lpm_mult:Mult2|mult_qgs:auto_generated|mac_mult7 ; DATAA            ;                                                   ;
; mandelbrot_pixel_core:inst6|zr[26]                                        ; Packed Register ; Register Packing ; Timing optimization    ; Q         ;                                                   ; mandelbrot_pixel_core:inst6|lpm_mult:Mult0|mult_qgs:auto_generated|mac_mult7 ; DATAA            ;                                                   ;
; mandelbrot_pixel_core:inst6|zr[26]                                        ; Duplicated      ; Register Packing ; Timing optimization    ; Q         ;                                                   ; mandelbrot_pixel_core:inst6|zr[26]~_Duplicate_1                              ; Q                ;                                                   ;
; mandelbrot_pixel_core:inst6|zr[26]~SCLR_LUT                               ; Created         ; Register Packing ; Timing optimization    ;           ;                                                   ;                                                                              ;                  ;                                                   ;
; mandelbrot_pixel_core:inst6|zr[26]~_Duplicate_1                           ; Packed Register ; Register Packing ; Timing optimization    ; Q         ;                                                   ; mandelbrot_pixel_core:inst6|lpm_mult:Mult0|mult_qgs:auto_generated|mac_mult7 ; DATAB            ;                                                   ;
; mandelbrot_pixel_core:inst6|zr[26]~_Duplicate_1                           ; Duplicated      ; Register Packing ; Timing optimization    ; Q         ;                                                   ; mandelbrot_pixel_core:inst6|zr[26]~_Duplicate_2                              ; Q                ;                                                   ;
; mandelbrot_pixel_core:inst6|zr[26]~_Duplicate_2                           ; Packed Register ; Register Packing ; Timing optimization    ; Q         ;                                                   ; mandelbrot_pixel_core:inst6|lpm_mult:Mult0|mult_qgs:auto_generated|mac_mult5 ; DATAA            ;                                                   ;
; mandelbrot_pixel_core:inst6|zr[26]~_Duplicate_2                           ; Duplicated      ; Register Packing ; Timing optimization    ; Q         ;                                                   ; mandelbrot_pixel_core:inst6|zr[26]~_Duplicate_3                              ; Q                ;                                                   ;
; mandelbrot_pixel_core:inst6|zr[26]~_Duplicate_3                           ; Packed Register ; Register Packing ; Timing optimization    ; Q         ;                                                   ; mandelbrot_pixel_core:inst6|lpm_mult:Mult0|mult_qgs:auto_generated|mac_mult3 ; DATAB            ;                                                   ;
; mandelbrot_pixel_core:inst6|zr[26]~_Duplicate_3                           ; Duplicated      ; Register Packing ; Timing optimization    ; Q         ;                                                   ; mandelbrot_pixel_core:inst6|zr[26]~_Duplicate_4                              ; Q                ;                                                   ;
; mandelbrot_pixel_core:inst6|zr[26]~_Duplicate_4                           ; Packed Register ; Register Packing ; Timing optimization    ; Q         ;                                                   ; mandelbrot_pixel_core:inst6|lpm_mult:Mult2|mult_qgs:auto_generated|mac_mult5 ; DATAA            ;                                                   ;
; mandelbrot_pixel_core:inst6|zr[26]~_Duplicate_4                           ; Duplicated      ; Register Packing ; Timing optimization    ; Q         ;                                                   ; mandelbrot_pixel_core:inst6|zr[26]~_Duplicate_5                              ; Q                ;                                                   ;
; mandelbrot_pixel_core:inst6|zr[26]~_Duplicate_5                           ; Packed Register ; Register Packing ; Timing optimization    ; Q         ;                                                   ; mandelbrot_pixel_core:inst6|lpm_mult:Mult2|mult_qgs:auto_generated|mac_mult7 ; DATAA            ;                                                   ;
; mandelbrot_pixel_core:inst6|zr[27]                                        ; Packed Register ; Register Packing ; Timing optimization    ; Q         ;                                                   ; mandelbrot_pixel_core:inst6|lpm_mult:Mult0|mult_qgs:auto_generated|mac_mult7 ; DATAA            ;                                                   ;
; mandelbrot_pixel_core:inst6|zr[27]                                        ; Duplicated      ; Register Packing ; Timing optimization    ; Q         ;                                                   ; mandelbrot_pixel_core:inst6|zr[27]~_Duplicate_1                              ; Q                ;                                                   ;
; mandelbrot_pixel_core:inst6|zr[27]~SCLR_LUT                               ; Created         ; Register Packing ; Timing optimization    ;           ;                                                   ;                                                                              ;                  ;                                                   ;
; mandelbrot_pixel_core:inst6|zr[27]~_Duplicate_1                           ; Packed Register ; Register Packing ; Timing optimization    ; Q         ;                                                   ; mandelbrot_pixel_core:inst6|lpm_mult:Mult0|mult_qgs:auto_generated|mac_mult7 ; DATAB            ;                                                   ;
; mandelbrot_pixel_core:inst6|zr[27]~_Duplicate_1                           ; Duplicated      ; Register Packing ; Timing optimization    ; Q         ;                                                   ; mandelbrot_pixel_core:inst6|zr[27]~_Duplicate_2                              ; Q                ;                                                   ;
; mandelbrot_pixel_core:inst6|zr[27]~_Duplicate_2                           ; Packed Register ; Register Packing ; Timing optimization    ; Q         ;                                                   ; mandelbrot_pixel_core:inst6|lpm_mult:Mult0|mult_qgs:auto_generated|mac_mult5 ; DATAA            ;                                                   ;
; mandelbrot_pixel_core:inst6|zr[27]~_Duplicate_2                           ; Duplicated      ; Register Packing ; Timing optimization    ; Q         ;                                                   ; mandelbrot_pixel_core:inst6|zr[27]~_Duplicate_3                              ; Q                ;                                                   ;
; mandelbrot_pixel_core:inst6|zr[27]~_Duplicate_3                           ; Packed Register ; Register Packing ; Timing optimization    ; Q         ;                                                   ; mandelbrot_pixel_core:inst6|lpm_mult:Mult0|mult_qgs:auto_generated|mac_mult3 ; DATAB            ;                                                   ;
; mandelbrot_pixel_core:inst6|zr[27]~_Duplicate_3                           ; Duplicated      ; Register Packing ; Timing optimization    ; Q         ;                                                   ; mandelbrot_pixel_core:inst6|zr[27]~_Duplicate_4                              ; Q                ;                                                   ;
; mandelbrot_pixel_core:inst6|zr[27]~_Duplicate_4                           ; Packed Register ; Register Packing ; Timing optimization    ; Q         ;                                                   ; mandelbrot_pixel_core:inst6|lpm_mult:Mult2|mult_qgs:auto_generated|mac_mult5 ; DATAA            ;                                                   ;
; mandelbrot_pixel_core:inst6|zr[27]~_Duplicate_4                           ; Duplicated      ; Register Packing ; Timing optimization    ; Q         ;                                                   ; mandelbrot_pixel_core:inst6|zr[27]~_Duplicate_5                              ; Q                ;                                                   ;
; mandelbrot_pixel_core:inst6|zr[27]~_Duplicate_5                           ; Packed Register ; Register Packing ; Timing optimization    ; Q         ;                                                   ; mandelbrot_pixel_core:inst6|lpm_mult:Mult2|mult_qgs:auto_generated|mac_mult7 ; DATAA            ;                                                   ;
; mandelbrot_pixel_core:inst6|zr[28]                                        ; Packed Register ; Register Packing ; Timing optimization    ; Q         ;                                                   ; mandelbrot_pixel_core:inst6|lpm_mult:Mult0|mult_qgs:auto_generated|mac_mult7 ; DATAA            ;                                                   ;
; mandelbrot_pixel_core:inst6|zr[28]                                        ; Duplicated      ; Register Packing ; Timing optimization    ; Q         ;                                                   ; mandelbrot_pixel_core:inst6|zr[28]~_Duplicate_1                              ; Q                ;                                                   ;
; mandelbrot_pixel_core:inst6|zr[28]~SCLR_LUT                               ; Created         ; Register Packing ; Timing optimization    ;           ;                                                   ;                                                                              ;                  ;                                                   ;
; mandelbrot_pixel_core:inst6|zr[28]~_Duplicate_1                           ; Packed Register ; Register Packing ; Timing optimization    ; Q         ;                                                   ; mandelbrot_pixel_core:inst6|lpm_mult:Mult0|mult_qgs:auto_generated|mac_mult7 ; DATAB            ;                                                   ;
; mandelbrot_pixel_core:inst6|zr[28]~_Duplicate_1                           ; Duplicated      ; Register Packing ; Timing optimization    ; Q         ;                                                   ; mandelbrot_pixel_core:inst6|zr[28]~_Duplicate_2                              ; Q                ;                                                   ;
; mandelbrot_pixel_core:inst6|zr[28]~_Duplicate_2                           ; Packed Register ; Register Packing ; Timing optimization    ; Q         ;                                                   ; mandelbrot_pixel_core:inst6|lpm_mult:Mult0|mult_qgs:auto_generated|mac_mult5 ; DATAA            ;                                                   ;
; mandelbrot_pixel_core:inst6|zr[28]~_Duplicate_2                           ; Duplicated      ; Register Packing ; Timing optimization    ; Q         ;                                                   ; mandelbrot_pixel_core:inst6|zr[28]~_Duplicate_3                              ; Q                ;                                                   ;
; mandelbrot_pixel_core:inst6|zr[28]~_Duplicate_3                           ; Packed Register ; Register Packing ; Timing optimization    ; Q         ;                                                   ; mandelbrot_pixel_core:inst6|lpm_mult:Mult0|mult_qgs:auto_generated|mac_mult3 ; DATAB            ;                                                   ;
; mandelbrot_pixel_core:inst6|zr[28]~_Duplicate_3                           ; Duplicated      ; Register Packing ; Timing optimization    ; Q         ;                                                   ; mandelbrot_pixel_core:inst6|zr[28]~_Duplicate_4                              ; Q                ;                                                   ;
; mandelbrot_pixel_core:inst6|zr[28]~_Duplicate_4                           ; Packed Register ; Register Packing ; Timing optimization    ; Q         ;                                                   ; mandelbrot_pixel_core:inst6|lpm_mult:Mult2|mult_qgs:auto_generated|mac_mult5 ; DATAA            ;                                                   ;
; mandelbrot_pixel_core:inst6|zr[28]~_Duplicate_4                           ; Duplicated      ; Register Packing ; Timing optimization    ; Q         ;                                                   ; mandelbrot_pixel_core:inst6|zr[28]~_Duplicate_5                              ; Q                ;                                                   ;
; mandelbrot_pixel_core:inst6|zr[28]~_Duplicate_5                           ; Packed Register ; Register Packing ; Timing optimization    ; Q         ;                                                   ; mandelbrot_pixel_core:inst6|lpm_mult:Mult2|mult_qgs:auto_generated|mac_mult7 ; DATAA            ;                                                   ;
; mandelbrot_pixel_core:inst6|zr[29]                                        ; Packed Register ; Register Packing ; Timing optimization    ; Q         ;                                                   ; mandelbrot_pixel_core:inst6|lpm_mult:Mult0|mult_qgs:auto_generated|mac_mult7 ; DATAA            ;                                                   ;
; mandelbrot_pixel_core:inst6|zr[29]                                        ; Duplicated      ; Register Packing ; Timing optimization    ; Q         ;                                                   ; mandelbrot_pixel_core:inst6|zr[29]~_Duplicate_1                              ; Q                ;                                                   ;
; mandelbrot_pixel_core:inst6|zr[29]~SCLR_LUT                               ; Created         ; Register Packing ; Timing optimization    ;           ;                                                   ;                                                                              ;                  ;                                                   ;
; mandelbrot_pixel_core:inst6|zr[29]~_Duplicate_1                           ; Packed Register ; Register Packing ; Timing optimization    ; Q         ;                                                   ; mandelbrot_pixel_core:inst6|lpm_mult:Mult0|mult_qgs:auto_generated|mac_mult7 ; DATAB            ;                                                   ;
; mandelbrot_pixel_core:inst6|zr[29]~_Duplicate_1                           ; Duplicated      ; Register Packing ; Timing optimization    ; Q         ;                                                   ; mandelbrot_pixel_core:inst6|zr[29]~_Duplicate_2                              ; Q                ;                                                   ;
; mandelbrot_pixel_core:inst6|zr[29]~_Duplicate_2                           ; Packed Register ; Register Packing ; Timing optimization    ; Q         ;                                                   ; mandelbrot_pixel_core:inst6|lpm_mult:Mult0|mult_qgs:auto_generated|mac_mult5 ; DATAA            ;                                                   ;
; mandelbrot_pixel_core:inst6|zr[29]~_Duplicate_2                           ; Duplicated      ; Register Packing ; Timing optimization    ; Q         ;                                                   ; mandelbrot_pixel_core:inst6|zr[29]~_Duplicate_3                              ; Q                ;                                                   ;
; mandelbrot_pixel_core:inst6|zr[29]~_Duplicate_3                           ; Packed Register ; Register Packing ; Timing optimization    ; Q         ;                                                   ; mandelbrot_pixel_core:inst6|lpm_mult:Mult0|mult_qgs:auto_generated|mac_mult3 ; DATAB            ;                                                   ;
; mandelbrot_pixel_core:inst6|zr[29]~_Duplicate_3                           ; Duplicated      ; Register Packing ; Timing optimization    ; Q         ;                                                   ; mandelbrot_pixel_core:inst6|zr[29]~_Duplicate_4                              ; Q                ;                                                   ;
; mandelbrot_pixel_core:inst6|zr[29]~_Duplicate_4                           ; Packed Register ; Register Packing ; Timing optimization    ; Q         ;                                                   ; mandelbrot_pixel_core:inst6|lpm_mult:Mult2|mult_qgs:auto_generated|mac_mult5 ; DATAA            ;                                                   ;
; mandelbrot_pixel_core:inst6|zr[29]~_Duplicate_4                           ; Duplicated      ; Register Packing ; Timing optimization    ; Q         ;                                                   ; mandelbrot_pixel_core:inst6|zr[29]~_Duplicate_5                              ; Q                ;                                                   ;
; mandelbrot_pixel_core:inst6|zr[29]~_Duplicate_5                           ; Packed Register ; Register Packing ; Timing optimization    ; Q         ;                                                   ; mandelbrot_pixel_core:inst6|lpm_mult:Mult2|mult_qgs:auto_generated|mac_mult7 ; DATAA            ;                                                   ;
; mandelbrot_pixel_core:inst6|zr[30]                                        ; Packed Register ; Register Packing ; Timing optimization    ; Q         ;                                                   ; mandelbrot_pixel_core:inst6|lpm_mult:Mult0|mult_qgs:auto_generated|mac_mult7 ; DATAA            ;                                                   ;
; mandelbrot_pixel_core:inst6|zr[30]                                        ; Duplicated      ; Register Packing ; Timing optimization    ; Q         ;                                                   ; mandelbrot_pixel_core:inst6|zr[30]~_Duplicate_1                              ; Q                ;                                                   ;
; mandelbrot_pixel_core:inst6|zr[30]~SCLR_LUT                               ; Created         ; Register Packing ; Timing optimization    ;           ;                                                   ;                                                                              ;                  ;                                                   ;
; mandelbrot_pixel_core:inst6|zr[30]~_Duplicate_1                           ; Packed Register ; Register Packing ; Timing optimization    ; Q         ;                                                   ; mandelbrot_pixel_core:inst6|lpm_mult:Mult0|mult_qgs:auto_generated|mac_mult7 ; DATAB            ;                                                   ;
; mandelbrot_pixel_core:inst6|zr[30]~_Duplicate_1                           ; Duplicated      ; Register Packing ; Timing optimization    ; Q         ;                                                   ; mandelbrot_pixel_core:inst6|zr[30]~_Duplicate_2                              ; Q                ;                                                   ;
; mandelbrot_pixel_core:inst6|zr[30]~_Duplicate_2                           ; Packed Register ; Register Packing ; Timing optimization    ; Q         ;                                                   ; mandelbrot_pixel_core:inst6|lpm_mult:Mult0|mult_qgs:auto_generated|mac_mult5 ; DATAA            ;                                                   ;
; mandelbrot_pixel_core:inst6|zr[30]~_Duplicate_2                           ; Duplicated      ; Register Packing ; Timing optimization    ; Q         ;                                                   ; mandelbrot_pixel_core:inst6|zr[30]~_Duplicate_3                              ; Q                ;                                                   ;
; mandelbrot_pixel_core:inst6|zr[30]~_Duplicate_3                           ; Packed Register ; Register Packing ; Timing optimization    ; Q         ;                                                   ; mandelbrot_pixel_core:inst6|lpm_mult:Mult0|mult_qgs:auto_generated|mac_mult3 ; DATAB            ;                                                   ;
; mandelbrot_pixel_core:inst6|zr[30]~_Duplicate_3                           ; Duplicated      ; Register Packing ; Timing optimization    ; Q         ;                                                   ; mandelbrot_pixel_core:inst6|zr[30]~_Duplicate_4                              ; Q                ;                                                   ;
; mandelbrot_pixel_core:inst6|zr[30]~_Duplicate_4                           ; Packed Register ; Register Packing ; Timing optimization    ; Q         ;                                                   ; mandelbrot_pixel_core:inst6|lpm_mult:Mult2|mult_qgs:auto_generated|mac_mult5 ; DATAA            ;                                                   ;
; mandelbrot_pixel_core:inst6|zr[30]~_Duplicate_4                           ; Duplicated      ; Register Packing ; Timing optimization    ; Q         ;                                                   ; mandelbrot_pixel_core:inst6|zr[30]~_Duplicate_5                              ; Q                ;                                                   ;
; mandelbrot_pixel_core:inst6|zr[30]~_Duplicate_5                           ; Packed Register ; Register Packing ; Timing optimization    ; Q         ;                                                   ; mandelbrot_pixel_core:inst6|lpm_mult:Mult2|mult_qgs:auto_generated|mac_mult7 ; DATAA            ;                                                   ;
; mandelbrot_pixel_core:inst6|zr[31]                                        ; Packed Register ; Register Packing ; Timing optimization    ; Q         ;                                                   ; mandelbrot_pixel_core:inst6|lpm_mult:Mult0|mult_qgs:auto_generated|mac_mult7 ; DATAA            ;                                                   ;
; mandelbrot_pixel_core:inst6|zr[31]                                        ; Duplicated      ; Register Packing ; Timing optimization    ; Q         ;                                                   ; mandelbrot_pixel_core:inst6|zr[31]~_Duplicate_1                              ; Q                ;                                                   ;
; mandelbrot_pixel_core:inst6|zr[31]~SCLR_LUT                               ; Created         ; Register Packing ; Timing optimization    ;           ;                                                   ;                                                                              ;                  ;                                                   ;
; mandelbrot_pixel_core:inst6|zr[31]~_Duplicate_1                           ; Packed Register ; Register Packing ; Timing optimization    ; Q         ;                                                   ; mandelbrot_pixel_core:inst6|lpm_mult:Mult0|mult_qgs:auto_generated|mac_mult7 ; DATAB            ;                                                   ;
; mandelbrot_pixel_core:inst6|zr[31]~_Duplicate_1                           ; Duplicated      ; Register Packing ; Timing optimization    ; Q         ;                                                   ; mandelbrot_pixel_core:inst6|zr[31]~_Duplicate_2                              ; Q                ;                                                   ;
; mandelbrot_pixel_core:inst6|zr[31]~_Duplicate_2                           ; Packed Register ; Register Packing ; Timing optimization    ; Q         ;                                                   ; mandelbrot_pixel_core:inst6|lpm_mult:Mult0|mult_qgs:auto_generated|mac_mult5 ; DATAA            ;                                                   ;
; mandelbrot_pixel_core:inst6|zr[31]~_Duplicate_2                           ; Duplicated      ; Register Packing ; Timing optimization    ; Q         ;                                                   ; mandelbrot_pixel_core:inst6|zr[31]~_Duplicate_3                              ; Q                ;                                                   ;
; mandelbrot_pixel_core:inst6|zr[31]~_Duplicate_3                           ; Packed Register ; Register Packing ; Timing optimization    ; Q         ;                                                   ; mandelbrot_pixel_core:inst6|lpm_mult:Mult0|mult_qgs:auto_generated|mac_mult3 ; DATAB            ;                                                   ;
; mandelbrot_pixel_core:inst6|zr[31]~_Duplicate_3                           ; Duplicated      ; Register Packing ; Timing optimization    ; Q         ;                                                   ; mandelbrot_pixel_core:inst6|zr[31]~_Duplicate_4                              ; Q                ;                                                   ;
; mandelbrot_pixel_core:inst6|zr[31]~_Duplicate_4                           ; Packed Register ; Register Packing ; Timing optimization    ; Q         ;                                                   ; mandelbrot_pixel_core:inst6|lpm_mult:Mult2|mult_qgs:auto_generated|mac_mult5 ; DATAA            ;                                                   ;
; mandelbrot_pixel_core:inst6|zr[31]~_Duplicate_4                           ; Duplicated      ; Register Packing ; Timing optimization    ; Q         ;                                                   ; mandelbrot_pixel_core:inst6|zr[31]~_Duplicate_5                              ; Q                ;                                                   ;
; mandelbrot_pixel_core:inst6|zr[31]~_Duplicate_5                           ; Packed Register ; Register Packing ; Timing optimization    ; Q         ;                                                   ; mandelbrot_pixel_core:inst6|lpm_mult:Mult2|mult_qgs:auto_generated|mac_mult7 ; DATAA            ;                                                   ;
;    pllstp:inst2|altpll:altpll_component|pllstp_altpll:auto_generated|pll1 ; Merged PLL      ; PLL Merging      ; PLL Usage Optimization ; CLK       ; inst2|altpll_component|auto_generated|pll1/clk[0] ; pll_25MHz:inst1|altpll:altpll_component|pll_25MHz_altpll:auto_generated|pll1 ; CLK              ; inst1|altpll_component|auto_generated|pll1/clk[1] ;
+---------------------------------------------------------------------------+-----------------+------------------+------------------------+-----------+---------------------------------------------------+------------------------------------------------------------------------------+------------------+---------------------------------------------------+


+---------------------------------------------------------------------------------------------+
; Ignored Assignments                                                                         ;
+----------+----------------+--------------+-----------------+---------------+----------------+
; Name     ; Ignored Entity ; Ignored From ; Ignored To      ; Ignored Value ; Ignored Source ;
+----------+----------------+--------------+-----------------+---------------+----------------+
; Location ;                ;              ; ADC_CLK_10      ; PIN_N5        ; QSF Assignment ;
; Location ;                ;              ; ARDUINO_IO[10]  ; PIN_AB19      ; QSF Assignment ;
; Location ;                ;              ; ARDUINO_IO[11]  ; PIN_AA19      ; QSF Assignment ;
; Location ;                ;              ; ARDUINO_IO[12]  ; PIN_Y19       ; QSF Assignment ;
; Location ;                ;              ; ARDUINO_IO[13]  ; PIN_AB20      ; QSF Assignment ;
; Location ;                ;              ; ARDUINO_IO[14]  ; PIN_AB21      ; QSF Assignment ;
; Location ;                ;              ; ARDUINO_IO[15]  ; PIN_AA20      ; QSF Assignment ;
; Location ;                ;              ; ARDUINO_IO[8]   ; PIN_AB17      ; QSF Assignment ;
; Location ;                ;              ; ARDUINO_IO[9]   ; PIN_AA17      ; QSF Assignment ;
; Location ;                ;              ; ARDUINO_RESET_N ; PIN_F16       ; QSF Assignment ;
; Location ;                ;              ; DRAM_ADDR[0]    ; PIN_U17       ; QSF Assignment ;
; Location ;                ;              ; DRAM_ADDR[10]   ; PIN_T20       ; QSF Assignment ;
; Location ;                ;              ; DRAM_ADDR[11]   ; PIN_P20       ; QSF Assignment ;
; Location ;                ;              ; DRAM_ADDR[12]   ; PIN_R20       ; QSF Assignment ;
; Location ;                ;              ; DRAM_ADDR[1]    ; PIN_W19       ; QSF Assignment ;
; Location ;                ;              ; DRAM_ADDR[2]    ; PIN_V18       ; QSF Assignment ;
; Location ;                ;              ; DRAM_ADDR[3]    ; PIN_U18       ; QSF Assignment ;
; Location ;                ;              ; DRAM_ADDR[4]    ; PIN_U19       ; QSF Assignment ;
; Location ;                ;              ; DRAM_ADDR[5]    ; PIN_T18       ; QSF Assignment ;
; Location ;                ;              ; DRAM_ADDR[6]    ; PIN_T19       ; QSF Assignment ;
; Location ;                ;              ; DRAM_ADDR[7]    ; PIN_R18       ; QSF Assignment ;
; Location ;                ;              ; DRAM_ADDR[8]    ; PIN_P18       ; QSF Assignment ;
; Location ;                ;              ; DRAM_ADDR[9]    ; PIN_P19       ; QSF Assignment ;
; Location ;                ;              ; DRAM_BA[0]      ; PIN_T21       ; QSF Assignment ;
; Location ;                ;              ; DRAM_BA[1]      ; PIN_T22       ; QSF Assignment ;
; Location ;                ;              ; DRAM_CAS_N      ; PIN_U21       ; QSF Assignment ;
; Location ;                ;              ; DRAM_CKE        ; PIN_N22       ; QSF Assignment ;
; Location ;                ;              ; DRAM_CLK        ; PIN_L14       ; QSF Assignment ;
; Location ;                ;              ; DRAM_CS_N       ; PIN_U20       ; QSF Assignment ;
; Location ;                ;              ; DRAM_DQ[0]      ; PIN_Y21       ; QSF Assignment ;
; Location ;                ;              ; DRAM_DQ[10]     ; PIN_H21       ; QSF Assignment ;
; Location ;                ;              ; DRAM_DQ[11]     ; PIN_H22       ; QSF Assignment ;
; Location ;                ;              ; DRAM_DQ[12]     ; PIN_G22       ; QSF Assignment ;
; Location ;                ;              ; DRAM_DQ[13]     ; PIN_G20       ; QSF Assignment ;
; Location ;                ;              ; DRAM_DQ[14]     ; PIN_G19       ; QSF Assignment ;
; Location ;                ;              ; DRAM_DQ[15]     ; PIN_F22       ; QSF Assignment ;
; Location ;                ;              ; DRAM_DQ[1]      ; PIN_Y20       ; QSF Assignment ;
; Location ;                ;              ; DRAM_DQ[2]      ; PIN_AA22      ; QSF Assignment ;
; Location ;                ;              ; DRAM_DQ[3]      ; PIN_AA21      ; QSF Assignment ;
; Location ;                ;              ; DRAM_DQ[4]      ; PIN_Y22       ; QSF Assignment ;
; Location ;                ;              ; DRAM_DQ[5]      ; PIN_W22       ; QSF Assignment ;
; Location ;                ;              ; DRAM_DQ[6]      ; PIN_W20       ; QSF Assignment ;
; Location ;                ;              ; DRAM_DQ[7]      ; PIN_V21       ; QSF Assignment ;
; Location ;                ;              ; DRAM_DQ[8]      ; PIN_P21       ; QSF Assignment ;
; Location ;                ;              ; DRAM_DQ[9]      ; PIN_J22       ; QSF Assignment ;
; Location ;                ;              ; DRAM_LDQM       ; PIN_V22       ; QSF Assignment ;
; Location ;                ;              ; DRAM_RAS_N      ; PIN_U22       ; QSF Assignment ;
; Location ;                ;              ; DRAM_UDQM       ; PIN_J21       ; QSF Assignment ;
; Location ;                ;              ; DRAM_WE_N       ; PIN_V20       ; QSF Assignment ;
; Location ;                ;              ; GPIO[10]        ; PIN_W5        ; QSF Assignment ;
; Location ;                ;              ; GPIO[11]        ; PIN_AA15      ; QSF Assignment ;
; Location ;                ;              ; GPIO[12]        ; PIN_AA14      ; QSF Assignment ;
; Location ;                ;              ; GPIO[13]        ; PIN_W13       ; QSF Assignment ;
; Location ;                ;              ; GPIO[14]        ; PIN_W12       ; QSF Assignment ;
; Location ;                ;              ; GPIO[15]        ; PIN_AB13      ; QSF Assignment ;
; Location ;                ;              ; GPIO[16]        ; PIN_AB12      ; QSF Assignment ;
; Location ;                ;              ; GPIO[17]        ; PIN_Y11       ; QSF Assignment ;
; Location ;                ;              ; GPIO[18]        ; PIN_AB11      ; QSF Assignment ;
; Location ;                ;              ; GPIO[19]        ; PIN_W11       ; QSF Assignment ;
; Location ;                ;              ; GPIO[20]        ; PIN_AB10      ; QSF Assignment ;
; Location ;                ;              ; GPIO[21]        ; PIN_AA10      ; QSF Assignment ;
; Location ;                ;              ; GPIO[22]        ; PIN_AA9       ; QSF Assignment ;
; Location ;                ;              ; GPIO[23]        ; PIN_Y8        ; QSF Assignment ;
; Location ;                ;              ; GPIO[24]        ; PIN_AA8       ; QSF Assignment ;
; Location ;                ;              ; GPIO[25]        ; PIN_Y7        ; QSF Assignment ;
; Location ;                ;              ; GPIO[26]        ; PIN_AA7       ; QSF Assignment ;
; Location ;                ;              ; GPIO[27]        ; PIN_Y6        ; QSF Assignment ;
; Location ;                ;              ; GPIO[28]        ; PIN_AA6       ; QSF Assignment ;
; Location ;                ;              ; GPIO[29]        ; PIN_Y5        ; QSF Assignment ;
; Location ;                ;              ; GPIO[30]        ; PIN_AA5       ; QSF Assignment ;
; Location ;                ;              ; GPIO[31]        ; PIN_Y4        ; QSF Assignment ;
; Location ;                ;              ; GPIO[32]        ; PIN_AB3       ; QSF Assignment ;
; Location ;                ;              ; GPIO[33]        ; PIN_Y3        ; QSF Assignment ;
; Location ;                ;              ; GPIO[34]        ; PIN_AB2       ; QSF Assignment ;
; Location ;                ;              ; GPIO[35]        ; PIN_AA2       ; QSF Assignment ;
; Location ;                ;              ; GSENSOR_CS_N    ; PIN_AB16      ; QSF Assignment ;
; Location ;                ;              ; GSENSOR_INT[1]  ; PIN_Y14       ; QSF Assignment ;
; Location ;                ;              ; GSENSOR_INT[2]  ; PIN_Y13       ; QSF Assignment ;
; Location ;                ;              ; GSENSOR_SCLK    ; PIN_AB15      ; QSF Assignment ;
; Location ;                ;              ; GSENSOR_SDI     ; PIN_V11       ; QSF Assignment ;
; Location ;                ;              ; GSENSOR_SDO     ; PIN_V12       ; QSF Assignment ;
; Location ;                ;              ; HEX0[1]         ; PIN_E15       ; QSF Assignment ;
; Location ;                ;              ; HEX0[2]         ; PIN_C15       ; QSF Assignment ;
; Location ;                ;              ; HEX0[3]         ; PIN_C16       ; QSF Assignment ;
; Location ;                ;              ; HEX0[4]         ; PIN_E16       ; QSF Assignment ;
; Location ;                ;              ; HEX0[5]         ; PIN_D17       ; QSF Assignment ;
; Location ;                ;              ; HEX0[6]         ; PIN_C17       ; QSF Assignment ;
; Location ;                ;              ; HEX0[7]         ; PIN_D15       ; QSF Assignment ;
; Location ;                ;              ; HEX1[0]         ; PIN_C18       ; QSF Assignment ;
; Location ;                ;              ; HEX1[1]         ; PIN_D18       ; QSF Assignment ;
; Location ;                ;              ; HEX1[2]         ; PIN_E18       ; QSF Assignment ;
; Location ;                ;              ; HEX1[3]         ; PIN_B16       ; QSF Assignment ;
; Location ;                ;              ; HEX1[4]         ; PIN_A17       ; QSF Assignment ;
; Location ;                ;              ; HEX1[5]         ; PIN_A18       ; QSF Assignment ;
; Location ;                ;              ; HEX1[6]         ; PIN_B17       ; QSF Assignment ;
; Location ;                ;              ; HEX1[7]         ; PIN_A16       ; QSF Assignment ;
; Location ;                ;              ; HEX2[0]         ; PIN_B20       ; QSF Assignment ;
; Location ;                ;              ; HEX2[1]         ; PIN_A20       ; QSF Assignment ;
; Location ;                ;              ; HEX2[2]         ; PIN_B19       ; QSF Assignment ;
; Location ;                ;              ; HEX2[3]         ; PIN_A21       ; QSF Assignment ;
; Location ;                ;              ; HEX2[4]         ; PIN_B21       ; QSF Assignment ;
; Location ;                ;              ; HEX2[5]         ; PIN_C22       ; QSF Assignment ;
; Location ;                ;              ; HEX2[6]         ; PIN_B22       ; QSF Assignment ;
; Location ;                ;              ; HEX2[7]         ; PIN_A19       ; QSF Assignment ;
; Location ;                ;              ; HEX3[0]         ; PIN_F21       ; QSF Assignment ;
; Location ;                ;              ; HEX3[1]         ; PIN_E22       ; QSF Assignment ;
; Location ;                ;              ; HEX3[2]         ; PIN_E21       ; QSF Assignment ;
; Location ;                ;              ; HEX3[3]         ; PIN_C19       ; QSF Assignment ;
; Location ;                ;              ; HEX3[4]         ; PIN_C20       ; QSF Assignment ;
; Location ;                ;              ; HEX3[5]         ; PIN_D19       ; QSF Assignment ;
; Location ;                ;              ; HEX3[6]         ; PIN_E17       ; QSF Assignment ;
; Location ;                ;              ; HEX3[7]         ; PIN_D22       ; QSF Assignment ;
; Location ;                ;              ; HEX4[0]         ; PIN_F18       ; QSF Assignment ;
; Location ;                ;              ; HEX4[1]         ; PIN_E20       ; QSF Assignment ;
; Location ;                ;              ; HEX4[2]         ; PIN_E19       ; QSF Assignment ;
; Location ;                ;              ; HEX4[3]         ; PIN_J18       ; QSF Assignment ;
; Location ;                ;              ; HEX4[4]         ; PIN_H19       ; QSF Assignment ;
; Location ;                ;              ; HEX4[5]         ; PIN_F19       ; QSF Assignment ;
; Location ;                ;              ; HEX4[6]         ; PIN_F20       ; QSF Assignment ;
; Location ;                ;              ; HEX4[7]         ; PIN_F17       ; QSF Assignment ;
; Location ;                ;              ; HEX5[0]         ; PIN_J20       ; QSF Assignment ;
; Location ;                ;              ; HEX5[1]         ; PIN_K20       ; QSF Assignment ;
; Location ;                ;              ; HEX5[2]         ; PIN_L18       ; QSF Assignment ;
; Location ;                ;              ; HEX5[3]         ; PIN_N18       ; QSF Assignment ;
; Location ;                ;              ; HEX5[4]         ; PIN_M20       ; QSF Assignment ;
; Location ;                ;              ; HEX5[5]         ; PIN_N19       ; QSF Assignment ;
; Location ;                ;              ; HEX5[6]         ; PIN_N20       ; QSF Assignment ;
; Location ;                ;              ; HEX5[7]         ; PIN_L19       ; QSF Assignment ;
; Location ;                ;              ; MAX10_CLK2_50   ; PIN_N14       ; QSF Assignment ;
; Location ;                ;              ; SW[3]           ; PIN_C12       ; QSF Assignment ;
; Location ;                ;              ; SW[4]           ; PIN_A12       ; QSF Assignment ;
; Location ;                ;              ; SW[5]           ; PIN_B12       ; QSF Assignment ;
; Location ;                ;              ; SW[6]           ; PIN_A13       ; QSF Assignment ;
; Location ;                ;              ; SW[7]           ; PIN_A14       ; QSF Assignment ;
; Location ;                ;              ; SW[8]           ; PIN_B14       ; QSF Assignment ;
; Location ;                ;              ; SW[9]           ; PIN_F15       ; QSF Assignment ;
+----------+----------------+--------------+-----------------+---------------+----------------+


+---------------------------------------------------------------------------------------------------+
; Incremental Compilation Preservation Summary                                                      ;
+---------------------+---------------------+----------------------------+--------------------------+
; Type                ; Total [A + B]       ; From Design Partitions [A] ; From Rapid Recompile [B] ;
+---------------------+---------------------+----------------------------+--------------------------+
; Placement (by node) ;                     ;                            ;                          ;
;     -- Requested    ; 0.00 % ( 0 / 2918 ) ; 0.00 % ( 0 / 2918 )        ; 0.00 % ( 0 / 2918 )      ;
;     -- Achieved     ; 0.00 % ( 0 / 2918 ) ; 0.00 % ( 0 / 2918 )        ; 0.00 % ( 0 / 2918 )      ;
;                     ;                     ;                            ;                          ;
; Routing (by net)    ;                     ;                            ;                          ;
;     -- Requested    ; 0.00 % ( 0 / 0 )    ; 0.00 % ( 0 / 0 )           ; 0.00 % ( 0 / 0 )         ;
;     -- Achieved     ; 0.00 % ( 0 / 0 )    ; 0.00 % ( 0 / 0 )           ; 0.00 % ( 0 / 0 )         ;
+---------------------+---------------------+----------------------------+--------------------------+


+----------------------------------------------------------------------------------------------------------------------------------------------------------------------------------------+
; Incremental Compilation Partition Settings                                                                                                                                             ;
+--------------------------------+----------------+-------------------+-------------------------+------------------------+------------------------------+--------------------------------+
; Partition Name                 ; Partition Type ; Netlist Type Used ; Preservation Level Used ; Netlist Type Requested ; Preservation Level Requested ; Contents                       ;
+--------------------------------+----------------+-------------------+-------------------------+------------------------+------------------------------+--------------------------------+
; Top                            ; User-created   ; Source File       ; N/A                     ; Source File            ; N/A                          ;                                ;
; sld_hub:auto_hub               ; Auto-generated ; Post-Synthesis    ; N/A                     ; Post-Synthesis         ; N/A                          ; sld_hub:auto_hub               ;
; sld_signaltap:auto_signaltap_0 ; Auto-generated ; Post-Synthesis    ; N/A                     ; Post-Synthesis         ; N/A                          ; sld_signaltap:auto_signaltap_0 ;
; hard_block:auto_generated_inst ; Auto-generated ; Source File       ; N/A                     ; Source File            ; N/A                          ; hard_block:auto_generated_inst ;
+--------------------------------+----------------+-------------------+-------------------------+------------------------+------------------------------+--------------------------------+


+------------------------------------------------------------------------------------------------------------------------------------+
; Incremental Compilation Placement Preservation                                                                                     ;
+--------------------------------+-----------------------+-------------------------+-------------------+---------------------+-------+
; Partition Name                 ; Preservation Achieved ; Preservation Level Used ; Netlist Type Used ; Preservation Method ; Notes ;
+--------------------------------+-----------------------+-------------------------+-------------------+---------------------+-------+
; Top                            ; 0.00 % ( 0 / 1393 )   ; N/A                     ; Source File       ; N/A                 ;       ;
; sld_hub:auto_hub               ; 0.00 % ( 0 / 222 )    ; N/A                     ; Post-Synthesis    ; N/A                 ;       ;
; sld_signaltap:auto_signaltap_0 ; 0.00 % ( 0 / 1292 )   ; N/A                     ; Post-Synthesis    ; N/A                 ;       ;
; hard_block:auto_generated_inst ; 0.00 % ( 0 / 11 )     ; N/A                     ; Source File       ; N/A                 ;       ;
+--------------------------------+-----------------------+-------------------------+-------------------+---------------------+-------+


+--------------+
; Pin-Out File ;
+--------------+
The pin-out file can be found in C:/Users/otavi/OneDrive/Documentos/Reconfiguravel/FPGA_mandelbrot_explorer/src/output_files/vga1.pin.


+------------------------------------------------------------------------------+
; Fitter Resource Usage Summary                                                ;
+---------------------------------------------+--------------------------------+
; Resource                                    ; Usage                          ;
+---------------------------------------------+--------------------------------+
; Total logic elements                        ; 2,051 / 49,760 ( 4 % )         ;
;     -- Combinational with no register       ; 1034                           ;
;     -- Register only                        ; 490                            ;
;     -- Combinational with a register        ; 527                            ;
;                                             ;                                ;
; Logic element usage by number of LUT inputs ;                                ;
;     -- 4 input functions                    ; 426                            ;
;     -- 3 input functions                    ; 621                            ;
;     -- <=2 input functions                  ; 514                            ;
;     -- Register only                        ; 490                            ;
;                                             ;                                ;
; Logic elements by mode                      ;                                ;
;     -- normal mode                          ; 891                            ;
;     -- arithmetic mode                      ; 670                            ;
;                                             ;                                ;
; Total registers*                            ; 1,017 / 51,509 ( 2 % )         ;
;     -- Dedicated logic registers            ; 1,017 / 49,760 ( 2 % )         ;
;     -- I/O registers                        ; 0 / 1,749 ( 0 % )              ;
;                                             ;                                ;
; Total LABs:  partially or completely used   ; 176 / 3,110 ( 6 % )            ;
; Virtual pins                                ; 0                              ;
; I/O pins                                    ; 49 / 360 ( 14 % )              ;
;     -- Clock pins                           ; 2 / 8 ( 25 % )                 ;
;     -- Dedicated input pins                 ; 1 / 1 ( 100 % )                ;
;                                             ;                                ;
; M9Ks                                        ; 154 / 182 ( 85 % )             ;
; UFM blocks                                  ; 0 / 1 ( 0 % )                  ;
; ADC blocks                                  ; 0 / 2 ( 0 % )                  ;
; Total block memory bits                     ; 1,249,316 / 1,677,312 ( 74 % ) ;
; Total block memory implementation bits      ; 1,419,264 / 1,677,312 ( 85 % ) ;
; Embedded Multiplier 9-bit elements          ; 24 / 288 ( 8 % )               ;
; PLLs                                        ; 1 / 4 ( 25 % )                 ;
; Global signals                              ; 4                              ;
;     -- Global clocks                        ; 4 / 20 ( 20 % )                ;
; JTAGs                                       ; 1 / 1 ( 100 % )                ;
; CRC blocks                                  ; 0 / 1 ( 0 % )                  ;
; Remote update blocks                        ; 0 / 1 ( 0 % )                  ;
; Oscillator blocks                           ; 0 / 1 ( 0 % )                  ;
; Impedance control blocks                    ; 0 / 1 ( 0 % )                  ;
; Average interconnect usage (total/H/V)      ; 4.3% / 4.2% / 4.5%             ;
; Peak interconnect usage (total/H/V)         ; 21.1% / 19.1% / 24.0%          ;
; Maximum fan-out                             ; 1536                           ;
; Highest non-global fan-out                  ; 128                            ;
; Total fan-out                               ; 11580                          ;
; Average fan-out                             ; 3.61                           ;
+---------------------------------------------+--------------------------------+
*  Register count does not include registers inside RAM blocks or DSP blocks.



+---------------------------------------------------------------------------------------------------------------------------------------------------------------+
; Fitter Partition Statistics                                                                                                                                   ;
+---------------------------------------------+-----------------------+-----------------------+--------------------------------+--------------------------------+
; Statistic                                   ; Top                   ; sld_hub:auto_hub      ; sld_signaltap:auto_signaltap_0 ; hard_block:auto_generated_inst ;
+---------------------------------------------+-----------------------+-----------------------+--------------------------------+--------------------------------+
; Difficulty Clustering Region                ; Low                   ; Low                   ; Low                            ; Low                            ;
;                                             ;                       ;                       ;                                ;                                ;
; Total logic elements                        ; 995 / 49760 ( 2 % )   ; 153 / 49760 ( < 1 % ) ; 903 / 49760 ( 2 % )            ; 0 / 49760 ( 0 % )              ;
;     -- Combinational with no register       ; 852                   ; 62                    ; 120                            ; 0                              ;
;     -- Register only                        ; 26                    ; 22                    ; 442                            ; 0                              ;
;     -- Combinational with a register        ; 117                   ; 69                    ; 341                            ; 0                              ;
;                                             ;                       ;                       ;                                ;                                ;
; Logic element usage by number of LUT inputs ;                       ;                       ;                                ;                                ;
;     -- 4 input functions                    ; 202                   ; 59                    ; 165                            ; 0                              ;
;     -- 3 input functions                    ; 425                   ; 36                    ; 160                            ; 0                              ;
;     -- <=2 input functions                  ; 342                   ; 36                    ; 136                            ; 0                              ;
;     -- Register only                        ; 26                    ; 22                    ; 442                            ; 0                              ;
;                                             ;                       ;                       ;                                ;                                ;
; Logic elements by mode                      ;                       ;                       ;                                ;                                ;
;     -- normal mode                          ; 395                   ; 123                   ; 373                            ; 0                              ;
;     -- arithmetic mode                      ; 574                   ; 8                     ; 88                             ; 0                              ;
;                                             ;                       ;                       ;                                ;                                ;
; Total registers                             ; 143                   ; 91                    ; 783                            ; 0                              ;
;     -- Dedicated logic registers            ; 143 / 49760 ( < 1 % ) ; 91 / 49760 ( < 1 % )  ; 783 / 49760 ( 2 % )            ; 0 / 49760 ( 0 % )              ;
;     -- I/O registers                        ; 0                     ; 0                     ; 0                              ; 0                              ;
;                                             ;                       ;                       ;                                ;                                ;
; Total LABs:  partially or completely used   ; 83 / 3110 ( 3 % )     ; 13 / 3110 ( < 1 % )   ; 87 / 3110 ( 3 % )              ; 0 / 3110 ( 0 % )               ;
;                                             ;                       ;                       ;                                ;                                ;
; Virtual pins                                ; 0                     ; 0                     ; 0                              ; 0                              ;
; I/O pins                                    ; 49                    ; 0                     ; 0                              ; 0                              ;
; Embedded Multiplier 9-bit elements          ; 24 / 288 ( 8 % )      ; 0 / 288 ( 0 % )       ; 0 / 288 ( 0 % )                ; 0 / 288 ( 0 % )                ;
; Total memory bits                           ; 1048612               ; 0                     ; 200704                         ; 0                              ;
; Total RAM block bits                        ; 1188864               ; 0                     ; 230400                         ; 0                              ;
; JTAG                                        ; 1 / 1 ( 100 % )       ; 0 / 1 ( 0 % )         ; 0 / 1 ( 0 % )                  ; 0 / 1 ( 0 % )                  ;
; PLL                                         ; 0 / 4 ( 0 % )         ; 0 / 4 ( 0 % )         ; 0 / 4 ( 0 % )                  ; 1 / 4 ( 25 % )                 ;
; M9K                                         ; 129 / 182 ( 70 % )    ; 0 / 182 ( 0 % )       ; 25 / 182 ( 13 % )              ; 0 / 182 ( 0 % )                ;
; Clock control block                         ; 1 / 24 ( 4 % )        ; 0 / 24 ( 0 % )        ; 1 / 24 ( 4 % )                 ; 2 / 24 ( 8 % )                 ;
; User Flash Memory                           ; 1 / 1 ( 100 % )       ; 0 / 1 ( 0 % )         ; 0 / 1 ( 0 % )                  ; 0 / 1 ( 0 % )                  ;
; Analog-to-Digital Converter                 ; 2 / 2 ( 100 % )       ; 0 / 2 ( 0 % )         ; 0 / 2 ( 0 % )                  ; 0 / 2 ( 0 % )                  ;
;                                             ;                       ;                       ;                                ;                                ;
; Connections                                 ;                       ;                       ;                                ;                                ;
;     -- Input Connections                    ; 414                   ; 134                   ; 1104                           ; 1                              ;
;     -- Registered Input Connections         ; 144                   ; 100                   ; 851                            ; 0                              ;
;     -- Output Connections                   ; 546                   ; 175                   ; 34                             ; 898                            ;
;     -- Registered Output Connections        ; 8                     ; 175                   ; 0                              ; 0                              ;
;                                             ;                       ;                       ;                                ;                                ;
; Internal Connections                        ;                       ;                       ;                                ;                                ;
;     -- Total Connections                    ; 8818                  ; 899                   ; 4762                           ; 906                            ;
;     -- Registered Connections               ; 4282                  ; 645                   ; 2714                           ; 0                              ;
;                                             ;                       ;                       ;                                ;                                ;
; External Connections                        ;                       ;                       ;                                ;                                ;
;     -- Top                                  ; 0                     ; 123                   ; 423                            ; 414                            ;
;     -- sld_hub:auto_hub                     ; 123                   ; 20                    ; 166                            ; 0                              ;
;     -- sld_signaltap:auto_signaltap_0       ; 423                   ; 166                   ; 64                             ; 485                            ;
;     -- hard_block:auto_generated_inst       ; 414                   ; 0                     ; 485                            ; 0                              ;
;                                             ;                       ;                       ;                                ;                                ;
; Partition Interface                         ;                       ;                       ;                                ;                                ;
;     -- Input Ports                          ; 9                     ; 45                    ; 187                            ; 2                              ;
;     -- Output Ports                         ; 44                    ; 62                    ; 84                             ; 2                              ;
;     -- Bidir Ports                          ; 0                     ; 0                     ; 0                              ; 0                              ;
;                                             ;                       ;                       ;                                ;                                ;
; Registered Ports                            ;                       ;                       ;                                ;                                ;
;     -- Registered Input Ports               ; 0                     ; 4                     ; 41                             ; 0                              ;
;     -- Registered Output Ports              ; 0                     ; 29                    ; 70                             ; 0                              ;
;                                             ;                       ;                       ;                                ;                                ;
; Port Connectivity                           ;                       ;                       ;                                ;                                ;
;     -- Input Ports driven by GND            ; 0                     ; 0                     ; 26                             ; 0                              ;
;     -- Output Ports driven by GND           ; 0                     ; 28                    ; 2                              ; 0                              ;
;     -- Input Ports driven by VCC            ; 0                     ; 0                     ; 14                             ; 0                              ;
;     -- Output Ports driven by VCC           ; 0                     ; 0                     ; 1                              ; 0                              ;
;     -- Input Ports with no Source           ; 0                     ; 25                    ; 53                             ; 0                              ;
;     -- Output Ports with no Source          ; 0                     ; 0                     ; 0                              ; 0                              ;
;     -- Input Ports with no Fanout           ; 0                     ; 30                    ; 67                             ; 1                              ;
;     -- Output Ports with no Fanout          ; 0                     ; 29                    ; 72                             ; 0                              ;
+---------------------------------------------+-----------------------+-----------------------+--------------------------------+--------------------------------+


+------------------------------------------------------------------------------------------------------------------------------------------------------------------------------------------------------------------------------------------------------------------------------------------------+
; Input Pins                                                                                                                                                                                                                                                                                     ;
+---------------+-------+----------+--------------+--------------+--------------+-----------------------+--------------------+--------+----------------+---------------+-----------------+----------+--------------+--------------+---------------------------+----------------------+-----------+
; Name          ; Pin # ; I/O Bank ; X coordinate ; Y coordinate ; Z coordinate ; Combinational Fan-Out ; Registered Fan-Out ; Global ; Input Register ; Power Up High ; PCI I/O Enabled ; Bus Hold ; Weak Pull Up ; I/O Standard ; Termination Control Block ; Location assigned by ; Slew Rate ;
+---------------+-------+----------+--------------+--------------+--------------+-----------------------+--------------------+--------+----------------+---------------+-----------------+----------+--------------+--------------+---------------------------+----------------------+-----------+
; KEY[0]        ; B8    ; 7        ; 46           ; 54           ; 28           ; 0                     ; 0                  ; no     ; no             ; no            ; yes             ; no       ; Off          ; 2.5 V        ; --                        ; User                 ; 0         ;
; KEY[1]        ; A7    ; 7        ; 49           ; 54           ; 28           ; 0                     ; 0                  ; no     ; no             ; no            ; yes             ; no       ; Off          ; 2.5 V        ; --                        ; User                 ; 0         ;
; MAX10_CLK1_50 ; P11   ; 3        ; 34           ; 0            ; 28           ; 1                     ; 0                  ; no     ; no             ; no            ; yes             ; no       ; Off          ; 2.5 V        ; --                        ; User                 ; 0         ;
; SW[0]         ; C10   ; 7        ; 51           ; 54           ; 28           ; 80                    ; 0                  ; no     ; no             ; no            ; yes             ; no       ; Off          ; 2.5 V        ; --                        ; User                 ; 0         ;
; SW[1]         ; C11   ; 7        ; 51           ; 54           ; 21           ; 0                     ; 0                  ; no     ; no             ; no            ; yes             ; no       ; Off          ; 2.5 V        ; --                        ; User                 ; 0         ;
; SW[2]         ; D12   ; 7        ; 51           ; 54           ; 0            ; 0                     ; 0                  ; no     ; no             ; no            ; yes             ; no       ; Off          ; 2.5 V        ; --                        ; User                 ; 0         ;
+---------------+-------+----------+--------------+--------------+--------------+-----------------------+--------------------+--------+----------------+---------------+-----------------+----------+--------------+--------------+---------------------------+----------------------+-----------+


+----------------------------------------------------------------------------------------------------------------------------------------------------------------------------------------------------------------------------------------------------------------------------------------------------------------------------------------------------------------------------------------------------------------------------------------------------------------+
; Output Pins                                                                                                                                                                                                                                                                                                                                                                                                                                                    ;
+---------------+-------+----------+--------------+--------------+--------------+-----------------+------------------------+---------------+-----------+-----------------+------------+---------------+----------+--------------+--------------+------------------+-----------------------------------+---------------------------+----------------------------+-----------------------------+----------------------+----------------------+---------------------+
; Name          ; Pin # ; I/O Bank ; X coordinate ; Y coordinate ; Z coordinate ; Output Register ; Output Enable Register ; Power Up High ; Slew Rate ; PCI I/O Enabled ; Open Drain ; TRI Primitive ; Bus Hold ; Weak Pull Up ; I/O Standard ; Current Strength ; Termination                       ; Termination Control Block ; Output Buffer Pre-emphasis ; Voltage Output Differential ; Location assigned by ; Output Enable Source ; Output Enable Group ;
+---------------+-------+----------+--------------+--------------+--------------+-----------------+------------------------+---------------+-----------+-----------------+------------+---------------+----------+--------------+--------------+------------------+-----------------------------------+---------------------------+----------------------------+-----------------------------+----------------------+----------------------+---------------------+
; ARDUINO_IO[0] ; AB5   ; 3        ; 29           ; 0            ; 28           ; no              ; no                     ; no            ; 2         ; no              ; no         ; no            ; no       ; Off          ; 2.5 V        ; Default          ; Series 50 Ohm without Calibration ; --                        ; no                         ; no                          ; User                 ; -                    ; -                   ;
; ARDUINO_IO[1] ; AB6   ; 3        ; 29           ; 0            ; 7            ; no              ; no                     ; no            ; 2         ; no              ; no         ; no            ; no       ; Off          ; 2.5 V        ; Default          ; Series 50 Ohm without Calibration ; --                        ; no                         ; no                          ; User                 ; -                    ; -                   ;
; ARDUINO_IO[2] ; AB7   ; 3        ; 29           ; 0            ; 0            ; no              ; no                     ; no            ; 2         ; no              ; no         ; no            ; no       ; Off          ; 2.5 V        ; Default          ; Series 50 Ohm without Calibration ; --                        ; no                         ; no                          ; User                 ; -                    ; -                   ;
; ARDUINO_IO[3] ; AB8   ; 3        ; 31           ; 0            ; 7            ; no              ; no                     ; no            ; 2         ; no              ; no         ; no            ; no       ; Off          ; 2.5 V        ; Default          ; Series 50 Ohm without Calibration ; --                        ; no                         ; no                          ; User                 ; -                    ; -                   ;
; ARDUINO_IO[4] ; AB9   ; 3        ; 34           ; 0            ; 14           ; no              ; no                     ; no            ; 2         ; no              ; no         ; no            ; no       ; Off          ; 2.5 V        ; Default          ; Series 50 Ohm without Calibration ; --                        ; no                         ; no                          ; User                 ; -                    ; -                   ;
; ARDUINO_IO[5] ; Y10   ; 3        ; 34           ; 0            ; 7            ; no              ; no                     ; no            ; 2         ; no              ; no         ; no            ; no       ; Off          ; 2.5 V        ; Default          ; Series 50 Ohm without Calibration ; --                        ; no                         ; no                          ; User                 ; -                    ; -                   ;
; ARDUINO_IO[6] ; AA11  ; 4        ; 40           ; 0            ; 7            ; no              ; no                     ; no            ; 2         ; no              ; no         ; no            ; no       ; Off          ; 2.5 V        ; Default          ; Series 50 Ohm without Calibration ; --                        ; no                         ; no                          ; User                 ; -                    ; -                   ;
; ARDUINO_IO[7] ; AA12  ; 4        ; 40           ; 0            ; 0            ; no              ; no                     ; no            ; 2         ; no              ; no         ; no            ; no       ; Off          ; 2.5 V        ; Default          ; Series 50 Ohm without Calibration ; --                        ; no                         ; no                          ; User                 ; -                    ; -                   ;
; GPIO[0]       ; V10   ; 3        ; 31           ; 0            ; 21           ; no              ; no                     ; no            ; 2         ; no              ; no         ; no            ; no       ; Off          ; 2.5 V        ; Default          ; Series 50 Ohm without Calibration ; --                        ; no                         ; no                          ; User                 ; -                    ; -                   ;
; GPIO[1]       ; W10   ; 3        ; 24           ; 0            ; 28           ; no              ; no                     ; no            ; 2         ; no              ; no         ; no            ; no       ; Off          ; 2.5 V        ; Default          ; Series 50 Ohm without Calibration ; --                        ; no                         ; no                          ; User                 ; -                    ; -                   ;
; GPIO[2]       ; V9    ; 3        ; 31           ; 0            ; 28           ; no              ; no                     ; no            ; 2         ; no              ; no         ; no            ; no       ; Off          ; 2.5 V        ; Default          ; Series 50 Ohm without Calibration ; --                        ; no                         ; no                          ; User                 ; -                    ; -                   ;
; GPIO[3]       ; W9    ; 3        ; 22           ; 0            ; 0            ; no              ; no                     ; no            ; 2         ; no              ; no         ; no            ; no       ; Off          ; 2.5 V        ; Default          ; Series 50 Ohm without Calibration ; --                        ; no                         ; no                          ; User                 ; -                    ; -                   ;
; GPIO[4]       ; V8    ; 3        ; 20           ; 0            ; 14           ; no              ; no                     ; no            ; 2         ; no              ; no         ; no            ; no       ; Off          ; 2.5 V        ; Default          ; Series 50 Ohm without Calibration ; --                        ; no                         ; no                          ; User                 ; -                    ; -                   ;
; GPIO[5]       ; W8    ; 3        ; 24           ; 0            ; 0            ; no              ; no                     ; no            ; 2         ; no              ; no         ; no            ; no       ; Off          ; 2.5 V        ; Default          ; Series 50 Ohm without Calibration ; --                        ; no                         ; no                          ; User                 ; -                    ; -                   ;
; GPIO[6]       ; V7    ; 3        ; 20           ; 0            ; 21           ; no              ; no                     ; no            ; 2         ; no              ; no         ; no            ; no       ; Off          ; 2.5 V        ; Default          ; Series 50 Ohm without Calibration ; --                        ; no                         ; no                          ; User                 ; -                    ; -                   ;
; GPIO[7]       ; W7    ; 3        ; 24           ; 0            ; 7            ; no              ; no                     ; no            ; 2         ; no              ; no         ; no            ; no       ; Off          ; 2.5 V        ; Default          ; Series 50 Ohm without Calibration ; --                        ; no                         ; no                          ; User                 ; -                    ; -                   ;
; GPIO[8]       ; W6    ; 3        ; 16           ; 0            ; 28           ; no              ; no                     ; no            ; 2         ; no              ; no         ; no            ; no       ; Off          ; 2.5 V        ; Default          ; Series 50 Ohm without Calibration ; --                        ; no                         ; no                          ; User                 ; -                    ; -                   ;
; GPIO[9]       ; V5    ; 3        ; 14           ; 0            ; 7            ; no              ; no                     ; no            ; 2         ; no              ; no         ; no            ; no       ; Off          ; 2.5 V        ; Default          ; Series 50 Ohm without Calibration ; --                        ; no                         ; no                          ; User                 ; -                    ; -                   ;
; HEX0[0]       ; C14   ; 7        ; 58           ; 54           ; 14           ; no              ; no                     ; no            ; 2         ; no              ; no         ; no            ; no       ; Off          ; 2.5 V        ; Default          ; Series 50 Ohm without Calibration ; --                        ; no                         ; no                          ; User                 ; -                    ; -                   ;
; LEDR[0]       ; A8    ; 7        ; 46           ; 54           ; 0            ; no              ; no                     ; no            ; 2         ; no              ; no         ; no            ; no       ; Off          ; 2.5 V        ; Default          ; Series 50 Ohm without Calibration ; --                        ; no                         ; no                          ; User                 ; -                    ; -                   ;
; LEDR[1]       ; A9    ; 7        ; 46           ; 54           ; 21           ; no              ; no                     ; no            ; 2         ; no              ; no         ; no            ; no       ; Off          ; 2.5 V        ; Default          ; Series 50 Ohm without Calibration ; --                        ; no                         ; no                          ; User                 ; -                    ; -                   ;
; LEDR[2]       ; A10   ; 7        ; 51           ; 54           ; 14           ; no              ; no                     ; no            ; 2         ; no              ; no         ; no            ; no       ; Off          ; 2.5 V        ; Default          ; Series 50 Ohm without Calibration ; --                        ; no                         ; no                          ; User                 ; -                    ; -                   ;
; LEDR[3]       ; B10   ; 7        ; 46           ; 54           ; 7            ; no              ; no                     ; no            ; 2         ; no              ; no         ; no            ; no       ; Off          ; 2.5 V        ; Default          ; Series 50 Ohm without Calibration ; --                        ; no                         ; no                          ; User                 ; -                    ; -                   ;
; LEDR[4]       ; D13   ; 7        ; 56           ; 54           ; 28           ; no              ; no                     ; no            ; 2         ; no              ; no         ; no            ; no       ; Off          ; 2.5 V        ; Default          ; Series 50 Ohm without Calibration ; --                        ; no                         ; no                          ; User                 ; -                    ; -                   ;
; LEDR[5]       ; C13   ; 7        ; 58           ; 54           ; 21           ; no              ; no                     ; no            ; 2         ; no              ; no         ; no            ; no       ; Off          ; 2.5 V        ; Default          ; Series 50 Ohm without Calibration ; --                        ; no                         ; no                          ; User                 ; -                    ; -                   ;
; LEDR[6]       ; E14   ; 7        ; 66           ; 54           ; 21           ; no              ; no                     ; no            ; 2         ; no              ; no         ; no            ; no       ; Off          ; 2.5 V        ; Default          ; Series 50 Ohm without Calibration ; --                        ; no                         ; no                          ; User                 ; -                    ; -                   ;
; LEDR[7]       ; D14   ; 7        ; 56           ; 54           ; 7            ; no              ; no                     ; no            ; 2         ; no              ; no         ; no            ; no       ; Off          ; 2.5 V        ; Default          ; Series 50 Ohm without Calibration ; --                        ; no                         ; no                          ; User                 ; -                    ; -                   ;
; LEDR[8]       ; A11   ; 7        ; 51           ; 54           ; 7            ; no              ; no                     ; no            ; 2         ; no              ; no         ; no            ; no       ; Off          ; 2.5 V        ; Default          ; Series 50 Ohm without Calibration ; --                        ; no                         ; no                          ; User                 ; -                    ; -                   ;
; LEDR[9]       ; B11   ; 7        ; 49           ; 54           ; 7            ; no              ; no                     ; no            ; 2         ; no              ; no         ; no            ; no       ; Off          ; 2.5 V        ; Default          ; Series 50 Ohm without Calibration ; --                        ; no                         ; no                          ; User                 ; -                    ; -                   ;
; VGA_B[0]      ; P1    ; 2        ; 0            ; 13           ; 0            ; no              ; no                     ; no            ; 2         ; no              ; no         ; no            ; no       ; Off          ; 2.5 V        ; Default          ; Series 50 Ohm without Calibration ; --                        ; no                         ; no                          ; User                 ; -                    ; -                   ;
; VGA_B[1]      ; T1    ; 2        ; 0            ; 15           ; 0            ; no              ; no                     ; no            ; 2         ; no              ; no         ; no            ; no       ; Off          ; 2.5 V        ; Default          ; Series 50 Ohm without Calibration ; --                        ; no                         ; no                          ; User                 ; -                    ; -                   ;
; VGA_B[2]      ; P4    ; 2        ; 0            ; 23           ; 0            ; no              ; no                     ; no            ; 2         ; no              ; no         ; no            ; no       ; Off          ; 2.5 V        ; Default          ; Series 50 Ohm without Calibration ; --                        ; no                         ; no                          ; User                 ; -                    ; -                   ;
; VGA_B[3]      ; N2    ; 2        ; 0            ; 18           ; 7            ; no              ; no                     ; no            ; 2         ; no              ; no         ; no            ; no       ; Off          ; 2.5 V        ; Default          ; Series 50 Ohm without Calibration ; --                        ; no                         ; no                          ; User                 ; -                    ; -                   ;
; VGA_G[0]      ; W1    ; 2        ; 0            ; 9            ; 0            ; no              ; no                     ; no            ; 2         ; no              ; no         ; no            ; no       ; Off          ; 2.5 V        ; Default          ; Series 50 Ohm without Calibration ; --                        ; no                         ; no                          ; User                 ; -                    ; -                   ;
; VGA_G[1]      ; T2    ; 2        ; 0            ; 15           ; 7            ; no              ; no                     ; no            ; 2         ; no              ; no         ; no            ; no       ; Off          ; 2.5 V        ; Default          ; Series 50 Ohm without Calibration ; --                        ; no                         ; no                          ; User                 ; -                    ; -                   ;
; VGA_G[2]      ; R2    ; 2        ; 0            ; 3            ; 7            ; no              ; no                     ; no            ; 2         ; no              ; no         ; no            ; no       ; Off          ; 2.5 V        ; Default          ; Series 50 Ohm without Calibration ; --                        ; no                         ; no                          ; User                 ; -                    ; -                   ;
; VGA_G[3]      ; R1    ; 2        ; 0            ; 3            ; 0            ; no              ; no                     ; no            ; 2         ; no              ; no         ; no            ; no       ; Off          ; 2.5 V        ; Default          ; Series 50 Ohm without Calibration ; --                        ; no                         ; no                          ; User                 ; -                    ; -                   ;
; VGA_HS        ; N3    ; 2        ; 0            ; 18           ; 0            ; no              ; no                     ; no            ; 2         ; no              ; no         ; no            ; no       ; Off          ; 2.5 V        ; Default          ; Series 50 Ohm without Calibration ; --                        ; no                         ; no                          ; User                 ; -                    ; -                   ;
; VGA_R[0]      ; AA1   ; 3        ; 18           ; 0            ; 28           ; no              ; no                     ; no            ; 2         ; no              ; no         ; no            ; no       ; Off          ; 2.5 V        ; Default          ; Series 50 Ohm without Calibration ; --                        ; no                         ; no                          ; User                 ; -                    ; -                   ;
; VGA_R[1]      ; V1    ; 2        ; 0            ; 12           ; 7            ; no              ; no                     ; no            ; 2         ; no              ; no         ; no            ; no       ; Off          ; 2.5 V        ; Default          ; Series 50 Ohm without Calibration ; --                        ; no                         ; no                          ; User                 ; -                    ; -                   ;
; VGA_R[2]      ; Y2    ; 3        ; 16           ; 0            ; 14           ; no              ; no                     ; no            ; 2         ; no              ; no         ; no            ; no       ; Off          ; 2.5 V        ; Default          ; Series 50 Ohm without Calibration ; --                        ; no                         ; no                          ; User                 ; -                    ; -                   ;
; VGA_R[3]      ; Y1    ; 3        ; 16           ; 0            ; 21           ; no              ; no                     ; no            ; 2         ; no              ; no         ; no            ; no       ; Off          ; 2.5 V        ; Default          ; Series 50 Ohm without Calibration ; --                        ; no                         ; no                          ; User                 ; -                    ; -                   ;
; VGA_VS        ; N1    ; 2        ; 0            ; 13           ; 7            ; no              ; no                     ; no            ; 2         ; no              ; no         ; no            ; no       ; Off          ; 2.5 V        ; Default          ; Series 50 Ohm without Calibration ; --                        ; no                         ; no                          ; User                 ; -                    ; -                   ;
+---------------+-------+----------+--------------+--------------+--------------+-----------------+------------------------+---------------+-----------+-----------------+------------+---------------+----------+--------------+--------------+------------------+-----------------------------------+---------------------------+----------------------------+-----------------------------+----------------------+----------------------+---------------------+


+-----------------------------------------------------------------------------------------------------------------------------------------+
; Dual Purpose and Dedicated Pins                                                                                                         ;
+----------+----------------------------------------------------+--------------------------------+---------------------+------------------+
; Location ; Pin Name                                           ; Reserved As                    ; User Signal Name    ; Pin Type         ;
+----------+----------------------------------------------------+--------------------------------+---------------------+------------------+
; H2       ; DIFFIO_RX_L17n, DIFFOUT_L17n, TMS, Low_Speed       ; Reserved as secondary function ; altera_reserved_tms ; Dual Purpose Pin ;
; G2       ; DIFFIO_RX_L17p, DIFFOUT_L17p, TCK, Low_Speed       ; Reserved as secondary function ; altera_reserved_tck ; Dual Purpose Pin ;
; L4       ; DIFFIO_RX_L18n, DIFFOUT_L18n, TDI, Low_Speed       ; Reserved as secondary function ; altera_reserved_tdi ; Dual Purpose Pin ;
; M5       ; DIFFIO_RX_L18p, DIFFOUT_L18p, TDO, Low_Speed       ; Reserved as secondary function ; altera_reserved_tdo ; Dual Purpose Pin ;
; H10      ; CONFIG_SEL, Low_Speed                              ; Reserved as secondary function ; ~ALTERA_CONFIG_SEL~ ; Dual Purpose Pin ;
; H9       ; nCONFIG, Low_Speed                                 ; Reserved as secondary function ; ~ALTERA_nCONFIG~    ; Dual Purpose Pin ;
; G9       ; DIFFIO_RX_T50p, DIFFOUT_T50p, nSTATUS, Low_Speed   ; Reserved as secondary function ; ~ALTERA_nSTATUS~    ; Dual Purpose Pin ;
; F8       ; DIFFIO_RX_T50n, DIFFOUT_T50n, CONF_DONE, Low_Speed ; Reserved as secondary function ; ~ALTERA_CONF_DONE~  ; Dual Purpose Pin ;
+----------+----------------------------------------------------+--------------------------------+---------------------+------------------+


+------------------------------------------------------------+
; I/O Bank Usage                                             ;
+----------+------------------+---------------+--------------+
; I/O Bank ; Usage            ; VCCIO Voltage ; VREF Voltage ;
+----------+------------------+---------------+--------------+
; 1A       ; 0 / 16 ( 0 % )   ; 2.5V          ; --           ;
; 1B       ; 4 / 24 ( 17 % )  ; 2.5V          ; --           ;
; 2        ; 11 / 36 ( 31 % ) ; 2.5V          ; --           ;
; 3        ; 20 / 48 ( 42 % ) ; 2.5V          ; --           ;
; 4        ; 2 / 48 ( 4 % )   ; 2.5V          ; --           ;
; 5        ; 0 / 40 ( 0 % )   ; 2.5V          ; --           ;
; 6        ; 0 / 60 ( 0 % )   ; 2.5V          ; --           ;
; 7        ; 16 / 52 ( 31 % ) ; 2.5V          ; --           ;
; 8        ; 4 / 36 ( 11 % )  ; 2.5V          ; --           ;
+----------+------------------+---------------+--------------+


+-----------------------------------------------------------------------------------------------------------------------------------------------------------------------------+
; All Package Pins                                                                                                                                                            ;
+----------+------------+----------+--------------------------------------+--------+-----------------------+---------+------------+-----------------+----------+--------------+
; Location ; Pad Number ; I/O Bank ; Pin Name/Usage                       ; Dir.   ; I/O Standard          ; Voltage ; I/O Type   ; User Assignment ; Bus Hold ; Weak Pull Up ;
+----------+------------+----------+--------------------------------------+--------+-----------------------+---------+------------+-----------------+----------+--------------+
; A1       ;            ;          ; GND                                  ; gnd    ;                       ;         ; --         ;                 ; --       ; --           ;
; A2       ; 481        ; 8        ; RESERVED_INPUT_WITH_WEAK_PULLUP      ;        ;                       ;         ; Column I/O ;                 ; no       ; On           ;
; A3       ; 483        ; 8        ; RESERVED_INPUT_WITH_WEAK_PULLUP      ;        ;                       ;         ; Column I/O ;                 ; no       ; On           ;
; A4       ; 475        ; 8        ; RESERVED_INPUT_WITH_WEAK_PULLUP      ;        ;                       ;         ; Column I/O ;                 ; no       ; On           ;
; A5       ; 473        ; 8        ; RESERVED_INPUT_WITH_WEAK_PULLUP      ;        ;                       ;         ; Column I/O ;                 ; no       ; On           ;
; A6       ; 471        ; 8        ; RESERVED_INPUT_WITH_WEAK_PULLUP      ;        ;                       ;         ; Column I/O ;                 ; no       ; On           ;
; A7       ; 445        ; 7        ; KEY[1]                               ; input  ; 2.5 V                 ;         ; Column I/O ; Y               ; no       ; Off          ;
; A8       ; 447        ; 7        ; LEDR[0]                              ; output ; 2.5 V                 ;         ; Column I/O ; Y               ; no       ; Off          ;
; A9       ; 449        ; 7        ; LEDR[1]                              ; output ; 2.5 V                 ;         ; Column I/O ; Y               ; no       ; Off          ;
; A10      ; 439        ; 7        ; LEDR[2]                              ; output ; 2.5 V                 ;         ; Column I/O ; Y               ; no       ; Off          ;
; A11      ; 437        ; 7        ; LEDR[8]                              ; output ; 2.5 V                 ;         ; Column I/O ; Y               ; no       ; Off          ;
; A12      ; 435        ; 7        ; RESERVED_INPUT_WITH_WEAK_PULLUP      ;        ;                       ;         ; Column I/O ;                 ; no       ; On           ;
; A13      ; 433        ; 7        ; RESERVED_INPUT_WITH_WEAK_PULLUP      ;        ;                       ;         ; Column I/O ;                 ; no       ; On           ;
; A14      ; 425        ; 7        ; RESERVED_INPUT_WITH_WEAK_PULLUP      ;        ;                       ;         ; Column I/O ;                 ; no       ; On           ;
; A15      ; 421        ; 7        ; RESERVED_INPUT_WITH_WEAK_PULLUP      ;        ;                       ;         ; Column I/O ;                 ; no       ; On           ;
; A16      ; 419        ; 7        ; RESERVED_INPUT_WITH_WEAK_PULLUP      ;        ;                       ;         ; Column I/O ;                 ; no       ; On           ;
; A17      ; 407        ; 7        ; RESERVED_INPUT_WITH_WEAK_PULLUP      ;        ;                       ;         ; Column I/O ;                 ; no       ; On           ;
; A18      ; 405        ; 7        ; RESERVED_INPUT_WITH_WEAK_PULLUP      ;        ;                       ;         ; Column I/O ;                 ; no       ; On           ;
; A19      ; 403        ; 7        ; RESERVED_INPUT_WITH_WEAK_PULLUP      ;        ;                       ;         ; Column I/O ;                 ; no       ; On           ;
; A20      ; 401        ; 7        ; RESERVED_INPUT_WITH_WEAK_PULLUP      ;        ;                       ;         ; Column I/O ;                 ; no       ; On           ;
; A21      ; 371        ; 6        ; RESERVED_INPUT_WITH_WEAK_PULLUP      ;        ;                       ;         ; Row I/O    ;                 ; no       ; On           ;
; A22      ;            ;          ; GND                                  ; gnd    ;                       ;         ; --         ;                 ; --       ; --           ;
; AA1      ; 133        ; 3        ; VGA_R[0]                             ; output ; 2.5 V                 ;         ; Column I/O ; Y               ; no       ; Off          ;
; AA2      ; 135        ; 3        ; RESERVED_INPUT_WITH_WEAK_PULLUP      ;        ;                       ;         ; Column I/O ;                 ; no       ; On           ;
; AA3      ; 153        ; 3        ; RESERVED_INPUT_WITH_WEAK_PULLUP      ;        ;                       ;         ; Column I/O ;                 ; --       ; --           ;
; AA4      ;            ;          ; GND                                  ; gnd    ;                       ;         ; --         ;                 ; --       ; --           ;
; AA5      ; 157        ; 3        ; RESERVED_INPUT_WITH_WEAK_PULLUP      ;        ;                       ;         ; Column I/O ;                 ; no       ; On           ;
; AA6      ; 156        ; 3        ; RESERVED_INPUT_WITH_WEAK_PULLUP      ;        ;                       ;         ; Column I/O ;                 ; no       ; On           ;
; AA7      ; 158        ; 3        ; RESERVED_INPUT_WITH_WEAK_PULLUP      ;        ;                       ;         ; Column I/O ;                 ; no       ; On           ;
; AA8      ; 165        ; 3        ; RESERVED_INPUT_WITH_WEAK_PULLUP      ;        ;                       ;         ; Column I/O ;                 ; no       ; On           ;
; AA9      ; 169        ; 3        ; RESERVED_INPUT_WITH_WEAK_PULLUP      ;        ;                       ;         ; Column I/O ;                 ; no       ; On           ;
; AA10     ; 170        ; 3        ; RESERVED_INPUT_WITH_WEAK_PULLUP      ;        ;                       ;         ; Column I/O ;                 ; no       ; On           ;
; AA11     ; 180        ; 4        ; ARDUINO_IO[6]                        ; output ; 2.5 V                 ;         ; Column I/O ; Y               ; no       ; Off          ;
; AA12     ; 182        ; 4        ; ARDUINO_IO[7]                        ; output ; 2.5 V                 ;         ; Column I/O ; Y               ; no       ; Off          ;
; AA13     ; 197        ; 4        ; RESERVED_INPUT_WITH_WEAK_PULLUP      ;        ;                       ;         ; Column I/O ;                 ; --       ; --           ;
; AA14     ; 201        ; 4        ; RESERVED_INPUT_WITH_WEAK_PULLUP      ;        ;                       ;         ; Column I/O ;                 ; no       ; On           ;
; AA15     ; 205        ; 4        ; RESERVED_INPUT_WITH_WEAK_PULLUP      ;        ;                       ;         ; Column I/O ;                 ; no       ; On           ;
; AA16     ; 211        ; 4        ; RESERVED_INPUT_WITH_WEAK_PULLUP      ;        ;                       ;         ; Column I/O ;                 ; no       ; On           ;
; AA17     ; 212        ; 4        ; RESERVED_INPUT_WITH_WEAK_PULLUP      ;        ;                       ;         ; Column I/O ;                 ; no       ; On           ;
; AA18     ;            ;          ; GND                                  ; gnd    ;                       ;         ; --         ;                 ; --       ; --           ;
; AA19     ; 217        ; 4        ; RESERVED_INPUT_WITH_WEAK_PULLUP      ;        ;                       ;         ; Column I/O ;                 ; no       ; On           ;
; AA20     ; 227        ; 4        ; RESERVED_INPUT_WITH_WEAK_PULLUP      ;        ;                       ;         ; Column I/O ;                 ; no       ; On           ;
; AA21     ; 245        ; 5        ; RESERVED_INPUT_WITH_WEAK_PULLUP      ;        ;                       ;         ; Row I/O    ;                 ; no       ; On           ;
; AA22     ; 247        ; 5        ; RESERVED_INPUT_WITH_WEAK_PULLUP      ;        ;                       ;         ; Row I/O    ;                 ; no       ; On           ;
; AB1      ;            ;          ; GND                                  ; gnd    ;                       ;         ; --         ;                 ; --       ; --           ;
; AB2      ; 145        ; 3        ; RESERVED_INPUT_WITH_WEAK_PULLUP      ;        ;                       ;         ; Column I/O ;                 ; no       ; On           ;
; AB3      ; 147        ; 3        ; RESERVED_INPUT_WITH_WEAK_PULLUP      ;        ;                       ;         ; Column I/O ;                 ; no       ; On           ;
; AB4      ; 155        ; 3        ; RESERVED_INPUT_WITH_WEAK_PULLUP      ;        ;                       ;         ; Column I/O ;                 ; no       ; On           ;
; AB5      ; 159        ; 3        ; ARDUINO_IO[0]                        ; output ; 2.5 V                 ;         ; Column I/O ; Y               ; no       ; Off          ;
; AB6      ; 161        ; 3        ; ARDUINO_IO[1]                        ; output ; 2.5 V                 ;         ; Column I/O ; Y               ; no       ; Off          ;
; AB7      ; 163        ; 3        ; ARDUINO_IO[2]                        ; output ; 2.5 V                 ;         ; Column I/O ; Y               ; no       ; Off          ;
; AB8      ; 167        ; 3        ; ARDUINO_IO[3]                        ; output ; 2.5 V                 ;         ; Column I/O ; Y               ; no       ; Off          ;
; AB9      ; 171        ; 3        ; ARDUINO_IO[4]                        ; output ; 2.5 V                 ;         ; Column I/O ; Y               ; no       ; Off          ;
; AB10     ; 177        ; 4        ; RESERVED_INPUT_WITH_WEAK_PULLUP      ;        ;                       ;         ; Column I/O ;                 ; no       ; On           ;
; AB11     ; 179        ; 4        ; RESERVED_INPUT_WITH_WEAK_PULLUP      ;        ;                       ;         ; Column I/O ;                 ; no       ; On           ;
; AB12     ; 181        ; 4        ; RESERVED_INPUT_WITH_WEAK_PULLUP      ;        ;                       ;         ; Column I/O ;                 ; no       ; On           ;
; AB13     ; 183        ; 4        ; RESERVED_INPUT_WITH_WEAK_PULLUP      ;        ;                       ;         ; Column I/O ;                 ; no       ; On           ;
; AB14     ; 199        ; 4        ; RESERVED_INPUT_WITH_WEAK_PULLUP      ;        ;                       ;         ; Column I/O ;                 ; no       ; On           ;
; AB15     ; 203        ; 4        ; RESERVED_INPUT_WITH_WEAK_PULLUP      ;        ;                       ;         ; Column I/O ;                 ; no       ; On           ;
; AB16     ; 209        ; 4        ; RESERVED_INPUT_WITH_WEAK_PULLUP      ;        ;                       ;         ; Column I/O ;                 ; no       ; On           ;
; AB17     ; 241        ; 4        ; RESERVED_INPUT_WITH_WEAK_PULLUP      ;        ;                       ;         ; Column I/O ;                 ; no       ; On           ;
; AB18     ; 243        ; 4        ; RESERVED_INPUT_WITH_WEAK_PULLUP      ;        ;                       ;         ; Column I/O ;                 ; no       ; On           ;
; AB19     ; 213        ; 4        ; RESERVED_INPUT_WITH_WEAK_PULLUP      ;        ;                       ;         ; Column I/O ;                 ; no       ; On           ;
; AB20     ; 215        ; 4        ; RESERVED_INPUT_WITH_WEAK_PULLUP      ;        ;                       ;         ; Column I/O ;                 ; no       ; On           ;
; AB21     ; 225        ; 4        ; RESERVED_INPUT_WITH_WEAK_PULLUP      ;        ;                       ;         ; Column I/O ;                 ; no       ; On           ;
; AB22     ;            ;          ; GND                                  ; gnd    ;                       ;         ; --         ;                 ; --       ; --           ;
; B1       ; 495        ; 8        ; RESERVED_INPUT_WITH_WEAK_PULLUP      ;        ;                       ;         ; Column I/O ;                 ; no       ; On           ;
; B2       ; 493        ; 8        ; RESERVED_INPUT_WITH_WEAK_PULLUP      ;        ;                       ;         ; Column I/O ;                 ; no       ; On           ;
; B3       ; 484        ; 8        ; RESERVED_INPUT_WITH_WEAK_PULLUP      ;        ;                       ;         ; Column I/O ;                 ; no       ; On           ;
; B4       ; 486        ; 8        ; RESERVED_INPUT_WITH_WEAK_PULLUP      ;        ;                       ;         ; Column I/O ;                 ; no       ; On           ;
; B5       ; 485        ; 8        ; RESERVED_INPUT_WITH_WEAK_PULLUP      ;        ;                       ;         ; Column I/O ;                 ; no       ; On           ;
; B6       ;            ;          ; GND                                  ; gnd    ;                       ;         ; --         ;                 ; --       ; --           ;
; B7       ; 469        ; 8        ; RESERVED_INPUT_WITH_WEAK_PULLUP      ;        ;                       ;         ; Column I/O ;                 ; no       ; On           ;
; B8       ; 451        ; 7        ; KEY[0]                               ; input  ; 2.5 V                 ;         ; Column I/O ; Y               ; no       ; Off          ;
; B9       ;            ;          ; GND                                  ; gnd    ;                       ;         ; --         ;                 ; --       ; --           ;
; B10      ; 448        ; 7        ; LEDR[3]                              ; output ; 2.5 V                 ;         ; Column I/O ; Y               ; no       ; Off          ;
; B11      ; 443        ; 7        ; LEDR[9]                              ; output ; 2.5 V                 ;         ; Column I/O ; Y               ; no       ; Off          ;
; B12      ; 441        ; 7        ; RESERVED_INPUT_WITH_WEAK_PULLUP      ;        ;                       ;         ; Column I/O ;                 ; no       ; On           ;
; B13      ;            ;          ; GND                                  ; gnd    ;                       ;         ; --         ;                 ; --       ; --           ;
; B14      ; 427        ; 7        ; RESERVED_INPUT_WITH_WEAK_PULLUP      ;        ;                       ;         ; Column I/O ;                 ; no       ; On           ;
; B15      ; 423        ; 7        ; RESERVED_INPUT_WITH_WEAK_PULLUP      ;        ;                       ;         ; Column I/O ;                 ; --       ; --           ;
; B16      ; 417        ; 7        ; RESERVED_INPUT_WITH_WEAK_PULLUP      ;        ;                       ;         ; Column I/O ;                 ; no       ; On           ;
; B17      ; 402        ; 7        ; RESERVED_INPUT_WITH_WEAK_PULLUP      ;        ;                       ;         ; Column I/O ;                 ; no       ; On           ;
; B18      ;            ;          ; GND                                  ; gnd    ;                       ;         ; --         ;                 ; --       ; --           ;
; B19      ; 399        ; 7        ; RESERVED_INPUT_WITH_WEAK_PULLUP      ;        ;                       ;         ; Column I/O ;                 ; no       ; On           ;
; B20      ; 369        ; 6        ; RESERVED_INPUT_WITH_WEAK_PULLUP      ;        ;                       ;         ; Row I/O    ;                 ; no       ; On           ;
; B21      ; 367        ; 6        ; RESERVED_INPUT_WITH_WEAK_PULLUP      ;        ;                       ;         ; Row I/O    ;                 ; no       ; On           ;
; B22      ; 365        ; 6        ; RESERVED_INPUT_WITH_WEAK_PULLUP      ;        ;                       ;         ; Row I/O    ;                 ; no       ; On           ;
; C1       ; 33         ; 1B       ; RESERVED_INPUT_WITH_WEAK_PULLUP      ;        ;                       ;         ; Row I/O    ;                 ; --       ; --           ;
; C2       ; 499        ; 8        ; RESERVED_INPUT_WITH_WEAK_PULLUP      ;        ;                       ;         ; Column I/O ;                 ; no       ; On           ;
; C3       ; 497        ; 8        ; RESERVED_INPUT_WITH_WEAK_PULLUP      ;        ;                       ;         ; Column I/O ;                 ; no       ; On           ;
; C4       ; 487        ; 8        ; RESERVED_INPUT_WITH_WEAK_PULLUP      ;        ;                       ;         ; Column I/O ;                 ; no       ; On           ;
; C5       ; 489        ; 8        ; RESERVED_INPUT_WITH_WEAK_PULLUP      ;        ;                       ;         ; Column I/O ;                 ; no       ; On           ;
; C6       ; 477        ; 8        ; RESERVED_INPUT_WITH_WEAK_PULLUP      ;        ;                       ;         ; Column I/O ;                 ; no       ; On           ;
; C7       ; 467        ; 8        ; RESERVED_INPUT_WITH_WEAK_PULLUP      ;        ;                       ;         ; Column I/O ;                 ; no       ; On           ;
; C8       ; 465        ; 8        ; RESERVED_INPUT_WITH_WEAK_PULLUP      ;        ;                       ;         ; Column I/O ;                 ; no       ; On           ;
; C9       ; 450        ; 7        ; RESERVED_INPUT_WITH_WEAK_PULLUP      ;        ;                       ;         ; Column I/O ;                 ; no       ; On           ;
; C10      ; 442        ; 7        ; SW[0]                                ; input  ; 2.5 V                 ;         ; Column I/O ; Y               ; no       ; Off          ;
; C11      ; 440        ; 7        ; SW[1]                                ; input  ; 2.5 V                 ;         ; Column I/O ; Y               ; no       ; Off          ;
; C12      ; 436        ; 7        ; RESERVED_INPUT_WITH_WEAK_PULLUP      ;        ;                       ;         ; Column I/O ;                 ; no       ; On           ;
; C13      ; 426        ; 7        ; LEDR[5]                              ; output ; 2.5 V                 ;         ; Column I/O ; Y               ; no       ; Off          ;
; C14      ; 424        ; 7        ; HEX0[0]                              ; output ; 2.5 V                 ;         ; Column I/O ; Y               ; no       ; Off          ;
; C15      ; 418        ; 7        ; RESERVED_INPUT_WITH_WEAK_PULLUP      ;        ;                       ;         ; Column I/O ;                 ; no       ; On           ;
; C16      ; 416        ; 7        ; RESERVED_INPUT_WITH_WEAK_PULLUP      ;        ;                       ;         ; Column I/O ;                 ; no       ; On           ;
; C17      ; 391        ; 7        ; RESERVED_INPUT_WITH_WEAK_PULLUP      ;        ;                       ;         ; Column I/O ;                 ; no       ; On           ;
; C18      ; 400        ; 7        ; RESERVED_INPUT_WITH_WEAK_PULLUP      ;        ;                       ;         ; Column I/O ;                 ; no       ; On           ;
; C19      ; 397        ; 7        ; RESERVED_INPUT_WITH_WEAK_PULLUP      ;        ;                       ;         ; Column I/O ;                 ; no       ; On           ;
; C20      ; 357        ; 6        ; RESERVED_INPUT_WITH_WEAK_PULLUP      ;        ;                       ;         ; Row I/O    ;                 ; no       ; On           ;
; C21      ; 347        ; 6        ; RESERVED_INPUT_WITH_WEAK_PULLUP      ;        ;                       ;         ; Row I/O    ;                 ; no       ; On           ;
; C22      ; 343        ; 6        ; RESERVED_INPUT_WITH_WEAK_PULLUP      ;        ;                       ;         ; Row I/O    ;                 ; no       ; On           ;
; D1       ; 35         ; 1B       ; RESERVED_INPUT_WITH_WEAK_PULLUP      ;        ;                       ;         ; Row I/O    ;                 ; no       ; On           ;
; D2       ; 31         ; 1B       ; RESERVED_INPUT_WITH_WEAK_PULLUP      ;        ;                       ;         ; Row I/O    ;                 ; no       ; On           ;
; D3       ; 29         ; 1B       ; RESERVED_INPUT_WITH_WEAK_PULLUP      ;        ;                       ;         ; Row I/O    ;                 ; no       ; On           ;
; D4       ;            ;          ; GND                                  ; gnd    ;                       ;         ; --         ;                 ; --       ; --           ;
; D5       ; 491        ; 8        ; RESERVED_INPUT_WITH_WEAK_PULLUP      ;        ;                       ;         ; Column I/O ;                 ; no       ; On           ;
; D6       ; 496        ; 8        ; RESERVED_INPUT_WITH_WEAK_PULLUP      ;        ;                       ;         ; Column I/O ;                 ; no       ; On           ;
; D7       ; 479        ; 8        ; RESERVED_INPUT_WITH_WEAK_PULLUP      ;        ;                       ;         ; Column I/O ;                 ; --       ; --           ;
; D8       ; 472        ; 8        ; RESERVED_INPUT_WITH_WEAK_PULLUP      ;        ;                       ;         ; Column I/O ;                 ; no       ; On           ;
; D9       ; 474        ; 8        ; RESERVED_INPUT_WITH_WEAK_PULLUP      ;        ;                       ;         ; Column I/O ;                 ; no       ; On           ;
; D10      ; 476        ; 8        ; RESERVED_INPUT_WITH_WEAK_PULLUP      ;        ;                       ;         ; Column I/O ;                 ; no       ; On           ;
; D11      ;            ;          ; GND                                  ; gnd    ;                       ;         ; --         ;                 ; --       ; --           ;
; D12      ; 438        ; 7        ; SW[2]                                ; input  ; 2.5 V                 ;         ; Column I/O ; Y               ; no       ; Off          ;
; D13      ; 431        ; 7        ; LEDR[4]                              ; output ; 2.5 V                 ;         ; Column I/O ; Y               ; no       ; Off          ;
; D14      ; 428        ; 7        ; LEDR[7]                              ; output ; 2.5 V                 ;         ; Column I/O ; Y               ; no       ; Off          ;
; D15      ; 404        ; 7        ; RESERVED_INPUT_WITH_WEAK_PULLUP      ;        ;                       ;         ; Column I/O ;                 ; no       ; On           ;
; D16      ;            ;          ; GND                                  ; gnd    ;                       ;         ; --         ;                 ; --       ; --           ;
; D17      ; 389        ; 7        ; RESERVED_INPUT_WITH_WEAK_PULLUP      ;        ;                       ;         ; Column I/O ;                 ; no       ; On           ;
; D18      ; 385        ; 6        ; RESERVED_INPUT_WITH_WEAK_PULLUP      ;        ;                       ;         ; Row I/O    ;                 ; no       ; On           ;
; D19      ; 359        ; 6        ; RESERVED_INPUT_WITH_WEAK_PULLUP      ;        ;                       ;         ; Row I/O    ;                 ; no       ; On           ;
; D20      ;            ;          ; GND                                  ; gnd    ;                       ;         ; --         ;                 ; --       ; --           ;
; D21      ; 345        ; 6        ; RESERVED_INPUT_WITH_WEAK_PULLUP      ;        ;                       ;         ; Row I/O    ;                 ; --       ; --           ;
; D22      ; 341        ; 6        ; RESERVED_INPUT_WITH_WEAK_PULLUP      ;        ;                       ;         ; Row I/O    ;                 ; no       ; On           ;
; E1       ; 41         ; 1B       ; RESERVED_INPUT_WITH_WEAK_PULLUP      ;        ;                       ;         ; Row I/O    ;                 ; no       ; On           ;
; E2       ;            ;          ; GND                                  ; gnd    ;                       ;         ; --         ;                 ; --       ; --           ;
; E3       ; 3          ; 1A       ; RESERVED_INPUT_WITH_WEAK_PULLUP      ;        ;                       ;         ; Row I/O    ;                 ; no       ; On           ;
; E4       ; 1          ; 1A       ; RESERVED_INPUT_WITH_WEAK_PULLUP      ;        ;                       ;         ; Row I/O    ;                 ; no       ; On           ;
; E5       ;            ;          ; NC                                   ;        ;                       ;         ; --         ;                 ; --       ; --           ;
; E6       ; 498        ; 8        ; RESERVED_INPUT_WITH_WEAK_PULLUP      ;        ;                       ;         ; Column I/O ;                 ; no       ; On           ;
; E7       ;            ;          ; GND                                  ; gnd    ;                       ;         ; --         ;                 ; --       ; --           ;
; E8       ; 488        ; 8        ; RESERVED_INPUT_WITH_WEAK_PULLUP      ;        ;                       ;         ; Column I/O ;                 ; no       ; On           ;
; E9       ; 478        ; 8        ; RESERVED_INPUT_WITH_WEAK_PULLUP      ;        ;                       ;         ; Column I/O ;                 ; no       ; On           ;
; E10      ; 466        ; 8        ; RESERVED_INPUT_WITH_WEAK_PULLUP      ;        ;                       ;         ; Column I/O ;                 ; no       ; On           ;
; E11      ; 464        ; 8        ; RESERVED_INPUT_WITH_WEAK_PULLUP      ;        ;                       ;         ; Column I/O ;                 ; no       ; On           ;
; E12      ; 429        ; 7        ; RESERVED_INPUT_WITH_WEAK_PULLUP      ;        ;                       ;         ; Column I/O ;                 ; no       ; On           ;
; E13      ; 430        ; 7        ; RESERVED_INPUT_WITH_WEAK_PULLUP      ;        ;                       ;         ; Column I/O ;                 ; no       ; On           ;
; E14      ; 406        ; 7        ; LEDR[6]                              ; output ; 2.5 V                 ;         ; Column I/O ; Y               ; no       ; Off          ;
; E15      ; 390        ; 7        ; RESERVED_INPUT_WITH_WEAK_PULLUP      ;        ;                       ;         ; Column I/O ;                 ; no       ; On           ;
; E16      ; 388        ; 7        ; RESERVED_INPUT_WITH_WEAK_PULLUP      ;        ;                       ;         ; Column I/O ;                 ; no       ; On           ;
; E17      ; 366        ; 6        ; RESERVED_INPUT_WITH_WEAK_PULLUP      ;        ;                       ;         ; Row I/O    ;                 ; no       ; On           ;
; E18      ; 387        ; 6        ; RESERVED_INPUT_WITH_WEAK_PULLUP      ;        ;                       ;         ; Row I/O    ;                 ; no       ; On           ;
; E19      ; 352        ; 6        ; RESERVED_INPUT_WITH_WEAK_PULLUP      ;        ;                       ;         ; Row I/O    ;                 ; no       ; On           ;
; E20      ; 355        ; 6        ; RESERVED_INPUT_WITH_WEAK_PULLUP      ;        ;                       ;         ; Row I/O    ;                 ; no       ; On           ;
; E21      ; 335        ; 6        ; RESERVED_INPUT_WITH_WEAK_PULLUP      ;        ;                       ;         ; Row I/O    ;                 ; no       ; On           ;
; E22      ; 333        ; 6        ; RESERVED_INPUT_WITH_WEAK_PULLUP      ;        ;                       ;         ; Row I/O    ;                 ; no       ; On           ;
; F1       ; 47         ; 1B       ; RESERVED_INPUT_WITH_WEAK_PULLUP      ;        ;                       ;         ; Row I/O    ;                 ; no       ; On           ;
; F2       ; 43         ; 1B       ; RESERVED_INPUT_WITH_WEAK_PULLUP      ;        ;                       ;         ; Row I/O    ;                 ; no       ; On           ;
; F3       ; 7          ; 1A       ; RESERVED_INPUT_WITH_WEAK_PULLUP      ;        ;                       ;         ; Row I/O    ;                 ; no       ; On           ;
; F4       ; 2          ; 1A       ; RESERVED_INPUT_WITH_WEAK_PULLUP      ;        ;                       ;         ; Row I/O    ;                 ; no       ; On           ;
; F5       ; 0          ; 1A       ; RESERVED_INPUT_WITH_WEAK_PULLUP      ;        ;                       ;         ; Row I/O    ;                 ; no       ; On           ;
; F6       ;            ;          ; NC                                   ;        ;                       ;         ; --         ;                 ; --       ; --           ;
; F7       ; 490        ; 8        ; RESERVED_INPUT_WITH_WEAK_PULLUP      ;        ;                       ;         ; Column I/O ;                 ; no       ; On           ;
; F8       ; 494        ; 8        ; ~ALTERA_CONF_DONE~ / RESERVED_INPUT  ; input  ; 2.5 V Schmitt Trigger ;         ; Column I/O ; N               ; no       ; Off          ;
; F9       ;            ; 8        ; VCCIO8                               ; power  ;                       ; 2.5V    ; --         ;                 ; --       ; --           ;
; F10      ;            ;          ; GND                                  ; gnd    ;                       ;         ; --         ;                 ; --       ; --           ;
; F11      ;            ; 8        ; VCCIO8                               ; power  ;                       ; 2.5V    ; --         ;                 ; --       ; --           ;
; F12      ;            ; 7        ; VCCIO7                               ; power  ;                       ; 2.5V    ; --         ;                 ; --       ; --           ;
; F13      ;            ;          ; GND                                  ; gnd    ;                       ;         ; --         ;                 ; --       ; --           ;
; F14      ;            ; 7        ; VCCIO7                               ; power  ;                       ; 2.5V    ; --         ;                 ; --       ; --           ;
; F15      ; 398        ; 7        ; RESERVED_INPUT_WITH_WEAK_PULLUP      ;        ;                       ;         ; Column I/O ;                 ; no       ; On           ;
; F16      ; 396        ; 7        ; RESERVED_INPUT_WITH_WEAK_PULLUP      ;        ;                       ;         ; Column I/O ;                 ; no       ; On           ;
; F17      ; 364        ; 6        ; RESERVED_INPUT_WITH_WEAK_PULLUP      ;        ;                       ;         ; Row I/O    ;                 ; no       ; On           ;
; F18      ; 354        ; 6        ; RESERVED_INPUT_WITH_WEAK_PULLUP      ;        ;                       ;         ; Row I/O    ;                 ; no       ; On           ;
; F19      ; 353        ; 6        ; RESERVED_INPUT_WITH_WEAK_PULLUP      ;        ;                       ;         ; Row I/O    ;                 ; no       ; On           ;
; F20      ; 342        ; 6        ; RESERVED_INPUT_WITH_WEAK_PULLUP      ;        ;                       ;         ; Row I/O    ;                 ; no       ; On           ;
; F21      ; 340        ; 6        ; RESERVED_INPUT_WITH_WEAK_PULLUP      ;        ;                       ;         ; Row I/O    ;                 ; no       ; On           ;
; F22      ; 331        ; 6        ; RESERVED_INPUT_WITH_WEAK_PULLUP      ;        ;                       ;         ; Row I/O    ;                 ; no       ; On           ;
; G1       ; 45         ; 1B       ; RESERVED_INPUT_WITH_WEAK_PULLUP      ;        ;                       ;         ; Row I/O    ;                 ; no       ; On           ;
; G2       ; 34         ; 1B       ; altera_reserved_tck                  ; input  ; 2.5 V Schmitt Trigger ;         ; Row I/O    ; N               ; no       ; Off          ;
; G3       ; 11         ; 1A       ; RESERVED_INPUT_WITH_WEAK_PULLUP      ;        ;                       ;         ; Row I/O    ;                 ; no       ; On           ;
; G4       ; 5          ; 1A       ; RESERVED_INPUT_WITH_WEAK_PULLUP      ;        ;                       ;         ; Row I/O    ;                 ; no       ; On           ;
; G5       ;            ;          ; ANAIN1                               ;        ;                       ;         ; --         ;                 ; --       ; --           ;
; G6       ;            ;          ; GND                                  ; gnd    ;                       ;         ; --         ;                 ; --       ; --           ;
; G7       ;            ;          ; VCCD_PLL3                            ; power  ;                       ; 1.2V    ; --         ;                 ; --       ; --           ;
; G8       ;            ;          ; GND                                  ; gnd    ;                       ;         ; --         ;                 ; --       ; --           ;
; G9       ; 492        ; 8        ; ~ALTERA_nSTATUS~ / RESERVED_INPUT    ; input  ; 2.5 V Schmitt Trigger ;         ; Column I/O ; N               ; no       ; Off          ;
; G10      ;            ; 8        ; VCCIO8                               ; power  ;                       ; 2.5V    ; --         ;                 ; --       ; --           ;
; G11      ;            ; 8        ; VCCIO8                               ; power  ;                       ; 2.5V    ; --         ;                 ; --       ; --           ;
; G12      ;            ; 7        ; VCCIO7                               ; power  ;                       ; 2.5V    ; --         ;                 ; --       ; --           ;
; G13      ;            ; 7        ; VCCIO7                               ; power  ;                       ; 2.5V    ; --         ;                 ; --       ; --           ;
; G14      ;            ; 7        ; VCCIO7                               ; power  ;                       ; 2.5V    ; --         ;                 ; --       ; --           ;
; G15      ;            ;          ; GND                                  ; gnd    ;                       ;         ; --         ;                 ; --       ; --           ;
; G16      ;            ;          ; VCCD_PLL2                            ; power  ;                       ; 1.2V    ; --         ;                 ; --       ; --           ;
; G17      ; 386        ; 6        ; RESERVED_INPUT_WITH_WEAK_PULLUP      ;        ;                       ;         ; Row I/O    ;                 ; no       ; On           ;
; G18      ;            ;          ; GND                                  ; gnd    ;                       ;         ; --         ;                 ; --       ; --           ;
; G19      ; 330        ; 6        ; RESERVED_INPUT_WITH_WEAK_PULLUP      ;        ;                       ;         ; Row I/O    ;                 ; no       ; On           ;
; G20      ; 328        ; 6        ; RESERVED_INPUT_WITH_WEAK_PULLUP      ;        ;                       ;         ; Row I/O    ;                 ; no       ; On           ;
; G21      ;            ;          ; GND                                  ; gnd    ;                       ;         ; --         ;                 ; --       ; --           ;
; G22      ; 329        ; 6        ; RESERVED_INPUT_WITH_WEAK_PULLUP      ;        ;                       ;         ; Row I/O    ;                 ; no       ; On           ;
; H1       ; 44         ; 1B       ; RESERVED_INPUT_WITH_WEAK_PULLUP      ;        ;                       ;         ; Row I/O    ;                 ; no       ; On           ;
; H2       ; 32         ; 1B       ; altera_reserved_tms                  ; input  ; 2.5 V Schmitt Trigger ;         ; Row I/O    ; N               ; no       ; Off          ;
; H3       ; 10         ; 1A       ; RESERVED_INPUT_WITH_WEAK_PULLUP      ;        ;                       ;         ; Row I/O    ;                 ; no       ; On           ;
; H4       ; 9          ; 1A       ; RESERVED_INPUT_WITH_WEAK_PULLUP      ;        ;                       ;         ; Row I/O    ;                 ; no       ; On           ;
; H5       ;            ;          ; REFGND                               ;        ;                       ;         ; --         ;                 ; --       ; --           ;
; H6       ;            ;          ; ADC_VREF                             ;        ;                       ;         ; --         ;                 ; --       ; --           ;
; H7       ;            ; --       ; VCCA_ADC                             ; power  ;                       ; 2.5V    ; --         ;                 ; --       ; --           ;
; H8       ;            ; --       ; VCCA3                                ; power  ;                       ; 2.5V    ; --         ;                 ; --       ; --           ;
; H9       ; 482        ; 8        ; ~ALTERA_nCONFIG~ / RESERVED_INPUT    ; input  ; 2.5 V Schmitt Trigger ;         ; Column I/O ; N               ; no       ; Off          ;
; H10      ; 480        ; 8        ; ~ALTERA_CONFIG_SEL~ / RESERVED_INPUT ; input  ; 2.5 V                 ;         ; Column I/O ; N               ; no       ; Off          ;
; H11      ; 470        ; 8        ; RESERVED_INPUT_WITH_WEAK_PULLUP      ;        ;                       ;         ; Column I/O ;                 ; no       ; On           ;
; H12      ; 444        ; 7        ; RESERVED_INPUT_WITH_WEAK_PULLUP      ;        ;                       ;         ; Column I/O ;                 ; no       ; On           ;
; H13      ; 432        ; 7        ; RESERVED_INPUT_WITH_WEAK_PULLUP      ;        ;                       ;         ; Column I/O ;                 ; no       ; On           ;
; H14      ; 420        ; 7        ; RESERVED_INPUT_WITH_WEAK_PULLUP      ;        ;                       ;         ; Column I/O ;                 ; no       ; On           ;
; H15      ;            ; --       ; VCCA2                                ; power  ;                       ; 2.5V    ; --         ;                 ; --       ; --           ;
; H16      ;            ; 6        ; VCCIO6                               ; power  ;                       ; 2.5V    ; --         ;                 ; --       ; --           ;
; H17      ; 384        ; 6        ; RESERVED_INPUT_WITH_WEAK_PULLUP      ;        ;                       ;         ; Row I/O    ;                 ; no       ; On           ;
; H18      ; 374        ; 6        ; RESERVED_INPUT_WITH_WEAK_PULLUP      ;        ;                       ;         ; Row I/O    ;                 ; no       ; On           ;
; H19      ; 372        ; 6        ; RESERVED_INPUT_WITH_WEAK_PULLUP      ;        ;                       ;         ; Row I/O    ;                 ; no       ; On           ;
; H20      ; 375        ; 6        ; RESERVED_INPUT_WITH_WEAK_PULLUP      ;        ;                       ;         ; Row I/O    ;                 ; no       ; On           ;
; H21      ; 323        ; 6        ; RESERVED_INPUT_WITH_WEAK_PULLUP      ;        ;                       ;         ; Row I/O    ;                 ; no       ; On           ;
; H22      ; 321        ; 6        ; RESERVED_INPUT_WITH_WEAK_PULLUP      ;        ;                       ;         ; Row I/O    ;                 ; no       ; On           ;
; J1       ; 46         ; 1B       ; RESERVED_INPUT_WITH_WEAK_PULLUP      ;        ;                       ;         ; Row I/O    ;                 ; no       ; On           ;
; J2       ;            ;          ; GND                                  ; gnd    ;                       ;         ; --         ;                 ; --       ; --           ;
; J3       ; 15         ; 1A       ; RESERVED_INPUT_WITH_WEAK_PULLUP      ;        ;                       ;         ; Row I/O    ;                 ; no       ; On           ;
; J4       ; 8          ; 1A       ; RESERVED_INPUT_WITH_WEAK_PULLUP      ;        ;                       ;         ; Row I/O    ;                 ; no       ; On           ;
; J5       ;            ;          ; ANAIN2                               ;        ;                       ;         ; --         ;                 ; --       ; --           ;
; J6       ;            ;          ; GND                                  ; gnd    ;                       ;         ; --         ;                 ; --       ; --           ;
; J7       ;            ;          ; VCCINT                               ; power  ;                       ; 1.2V    ; --         ;                 ; --       ; --           ;
; J8       ; 4          ; 1A       ; RESERVED_INPUT_WITH_WEAK_PULLUP      ;        ;                       ;         ; Row I/O    ;                 ; no       ; On           ;
; J9       ; 6          ; 1A       ; RESERVED_INPUT_WITH_WEAK_PULLUP      ;        ;                       ;         ; Row I/O    ;                 ; no       ; On           ;
; J10      ; 468        ; 8        ; RESERVED_INPUT_WITH_WEAK_PULLUP      ;        ;                       ;         ; Column I/O ;                 ; no       ; On           ;
; J11      ; 446        ; 7        ; RESERVED_INPUT_WITH_WEAK_PULLUP      ;        ;                       ;         ; Column I/O ;                 ; no       ; On           ;
; J12      ; 434        ; 7        ; RESERVED_INPUT_WITH_WEAK_PULLUP      ;        ;                       ;         ; Column I/O ;                 ; no       ; On           ;
; J13      ; 422        ; 7        ; RESERVED_INPUT_WITH_WEAK_PULLUP      ;        ;                       ;         ; Column I/O ;                 ; no       ; On           ;
; J14      ; 368        ; 6        ; RESERVED_INPUT_WITH_WEAK_PULLUP      ;        ;                       ;         ; Row I/O    ;                 ; no       ; On           ;
; J15      ; 370        ; 6        ; RESERVED_INPUT_WITH_WEAK_PULLUP      ;        ;                       ;         ; Row I/O    ;                 ; no       ; On           ;
; J16      ;            ;          ; GND                                  ; gnd    ;                       ;         ; --         ;                 ; --       ; --           ;
; J17      ;            ; 6        ; VCCIO6                               ; power  ;                       ; 2.5V    ; --         ;                 ; --       ; --           ;
; J18      ; 362        ; 6        ; RESERVED_INPUT_WITH_WEAK_PULLUP      ;        ;                       ;         ; Row I/O    ;                 ; no       ; On           ;
; J19      ;            ;          ; GND                                  ; gnd    ;                       ;         ; --         ;                 ; --       ; --           ;
; J20      ; 373        ; 6        ; RESERVED_INPUT_WITH_WEAK_PULLUP      ;        ;                       ;         ; Row I/O    ;                 ; no       ; On           ;
; J21      ; 327        ; 6        ; RESERVED_INPUT_WITH_WEAK_PULLUP      ;        ;                       ;         ; Row I/O    ;                 ; no       ; On           ;
; J22      ; 325        ; 6        ; RESERVED_INPUT_WITH_WEAK_PULLUP      ;        ;                       ;         ; Row I/O    ;                 ; no       ; On           ;
; K1       ; 49         ; 1B       ; RESERVED_INPUT_WITH_WEAK_PULLUP      ;        ;                       ;         ; Row I/O    ;                 ; no       ; On           ;
; K2       ; 37         ; 1B       ; RESERVED_INPUT_WITH_WEAK_PULLUP      ;        ;                       ;         ; Row I/O    ;                 ; no       ; On           ;
; K3       ;            ;          ; GND                                  ; gnd    ;                       ;         ; --         ;                 ; --       ; --           ;
; K4       ; 13         ; 1A       ; RESERVED_INPUT_WITH_WEAK_PULLUP      ;        ;                       ;         ; Row I/O    ;                 ; no       ; On           ;
; K5       ; 12         ; 1A       ; RESERVED_INPUT_WITH_WEAK_PULLUP      ;        ;                       ;         ; Row I/O    ;                 ; no       ; On           ;
; K6       ; 14         ; 1A       ; RESERVED_INPUT_WITH_WEAK_PULLUP      ;        ;                       ;         ; Row I/O    ;                 ; no       ; On           ;
; K7       ;            ; 1A       ; VCCIO1A                              ; power  ;                       ; 2.5V    ; --         ;                 ; --       ; --           ;
; K8       ; 28         ; 1B       ; RESERVED_INPUT_WITH_WEAK_PULLUP      ;        ;                       ;         ; Row I/O    ;                 ; no       ; On           ;
; K9       ; 30         ; 1B       ; RESERVED_INPUT_WITH_WEAK_PULLUP      ;        ;                       ;         ; Row I/O    ;                 ; no       ; On           ;
; K10      ;            ;          ; GND                                  ; gnd    ;                       ;         ; --         ;                 ; --       ; --           ;
; K11      ;            ; --       ; VCC                                  ; power  ;                       ; 1.2V    ; --         ;                 ; --       ; --           ;
; K12      ;            ;          ; GND                                  ; gnd    ;                       ;         ; --         ;                 ; --       ; --           ;
; K13      ;            ; --       ; VCC                                  ; power  ;                       ; 1.2V    ; --         ;                 ; --       ; --           ;
; K14      ; 356        ; 6        ; RESERVED_INPUT_WITH_WEAK_PULLUP      ;        ;                       ;         ; Row I/O    ;                 ; no       ; On           ;
; K15      ; 358        ; 6        ; RESERVED_INPUT_WITH_WEAK_PULLUP      ;        ;                       ;         ; Row I/O    ;                 ; no       ; On           ;
; K16      ;            ; 6        ; VCCIO6                               ; power  ;                       ; 2.5V    ; --         ;                 ; --       ; --           ;
; K17      ;            ; 6        ; VCCIO6                               ; power  ;                       ; 2.5V    ; --         ;                 ; --       ; --           ;
; K18      ; 360        ; 6        ; RESERVED_INPUT_WITH_WEAK_PULLUP      ;        ;                       ;         ; Row I/O    ;                 ; no       ; On           ;
; K19      ; 361        ; 6        ; RESERVED_INPUT_WITH_WEAK_PULLUP      ;        ;                       ;         ; Row I/O    ;                 ; no       ; On           ;
; K20      ; 363        ; 6        ; RESERVED_INPUT_WITH_WEAK_PULLUP      ;        ;                       ;         ; Row I/O    ;                 ; no       ; On           ;
; K21      ; 326        ; 6        ; RESERVED_INPUT_WITH_WEAK_PULLUP      ;        ;                       ;         ; Row I/O    ;                 ; no       ; On           ;
; K22      ; 324        ; 6        ; RESERVED_INPUT_WITH_WEAK_PULLUP      ;        ;                       ;         ; Row I/O    ;                 ; no       ; On           ;
; L1       ; 51         ; 1B       ; RESERVED_INPUT_WITH_WEAK_PULLUP      ;        ;                       ;         ; Row I/O    ;                 ; no       ; On           ;
; L2       ; 39         ; 1B       ; RESERVED_INPUT_WITH_WEAK_PULLUP      ;        ;                       ;         ; Row I/O    ;                 ; no       ; On           ;
; L3       ;            ;          ; DNU                                  ;        ;                       ;         ; --         ;                 ; --       ; --           ;
; L4       ; 36         ; 1B       ; altera_reserved_tdi                  ; input  ; 2.5 V Schmitt Trigger ;         ; Row I/O    ; N               ; no       ; Off          ;
; L5       ;            ;          ; GND                                  ; gnd    ;                       ;         ; --         ;                 ; --       ; --           ;
; L6       ;            ; 1A       ; VCCIO1A                              ; power  ;                       ; 2.5V    ; --         ;                 ; --       ; --           ;
; L7       ;            ; 1B       ; VCCIO1B                              ; power  ;                       ; 2.5V    ; --         ;                 ; --       ; --           ;
; L8       ; 40         ; 1B       ; RESERVED_INPUT_WITH_WEAK_PULLUP      ;        ;                       ;         ; Row I/O    ;                 ; no       ; On           ;
; L9       ; 42         ; 1B       ; RESERVED_INPUT_WITH_WEAK_PULLUP      ;        ;                       ;         ; Row I/O    ;                 ; no       ; On           ;
; L10      ;            ; --       ; VCC                                  ; power  ;                       ; 1.2V    ; --         ;                 ; --       ; --           ;
; L11      ;            ; --       ; VCC                                  ; power  ;                       ; 1.2V    ; --         ;                 ; --       ; --           ;
; L12      ;            ; --       ; VCC                                  ; power  ;                       ; 1.2V    ; --         ;                 ; --       ; --           ;
; L13      ;            ;          ; GND                                  ; gnd    ;                       ;         ; --         ;                 ; --       ; --           ;
; L14      ; 344        ; 6        ; RESERVED_INPUT_WITH_WEAK_PULLUP      ;        ;                       ;         ; Row I/O    ;                 ; no       ; On           ;
; L15      ; 346        ; 6        ; RESERVED_INPUT_WITH_WEAK_PULLUP      ;        ;                       ;         ; Row I/O    ;                 ; no       ; On           ;
; L16      ;            ; 6        ; VCCIO6                               ; power  ;                       ; 2.5V    ; --         ;                 ; --       ; --           ;
; L17      ;            ;          ; GND                                  ; gnd    ;                       ;         ; --         ;                 ; --       ; --           ;
; L18      ; 350        ; 6        ; RESERVED_INPUT_WITH_WEAK_PULLUP      ;        ;                       ;         ; Row I/O    ;                 ; no       ; On           ;
; L19      ; 349        ; 6        ; RESERVED_INPUT_WITH_WEAK_PULLUP      ;        ;                       ;         ; Row I/O    ;                 ; no       ; On           ;
; L20      ; 351        ; 6        ; RESERVED_INPUT_WITH_WEAK_PULLUP      ;        ;                       ;         ; Row I/O    ;                 ; no       ; On           ;
; L21      ;            ;          ; GND                                  ; gnd    ;                       ;         ; --         ;                 ; --       ; --           ;
; L22      ; 314        ; 5        ; RESERVED_INPUT_WITH_WEAK_PULLUP      ;        ;                       ;         ; Row I/O    ;                 ; no       ; On           ;
; M1       ; 79         ; 2        ; RESERVED_INPUT_WITH_WEAK_PULLUP      ;        ;                       ;         ; Row I/O    ;                 ; no       ; On           ;
; M2       ; 77         ; 2        ; RESERVED_INPUT_WITH_WEAK_PULLUP      ;        ;                       ;         ; Row I/O    ;                 ; --       ; --           ;
; M3       ; 50         ; 1B       ; RESERVED_INPUT_WITH_WEAK_PULLUP      ;        ;                       ;         ; Row I/O    ;                 ; no       ; On           ;
; M4       ; 48         ; 1B       ; RESERVED_INPUT_WITH_WEAK_PULLUP      ;        ;                       ;         ; Row I/O    ;                 ; no       ; On           ;
; M5       ; 38         ; 1B       ; altera_reserved_tdo                  ; output ; 2.5 V                 ;         ; Row I/O    ; N               ; no       ; Off          ;
; M6       ;            ; 1B       ; VCCIO1B                              ; power  ;                       ; 2.5V    ; --         ;                 ; --       ; --           ;
; M7       ;            ;          ; GND                                  ; gnd    ;                       ;         ; --         ;                 ; --       ; --           ;
; M8       ; 72         ; 2        ; RESERVED_INPUT_WITH_WEAK_PULLUP      ;        ;                       ;         ; Row I/O    ;                 ; no       ; On           ;
; M9       ; 74         ; 2        ; RESERVED_INPUT_WITH_WEAK_PULLUP      ;        ;                       ;         ; Row I/O    ;                 ; no       ; On           ;
; M10      ;            ;          ; GND                                  ; gnd    ;                       ;         ; --         ;                 ; --       ; --           ;
; M11      ;            ; --       ; VCC                                  ; power  ;                       ; 1.2V    ; --         ;                 ; --       ; --           ;
; M12      ;            ; --       ; VCC                                  ; power  ;                       ; 1.2V    ; --         ;                 ; --       ; --           ;
; M13      ;            ; --       ; VCC                                  ; power  ;                       ; 1.2V    ; --         ;                 ; --       ; --           ;
; M14      ; 334        ; 6        ; RESERVED_INPUT_WITH_WEAK_PULLUP      ;        ;                       ;         ; Row I/O    ;                 ; no       ; On           ;
; M15      ; 332        ; 6        ; RESERVED_INPUT_WITH_WEAK_PULLUP      ;        ;                       ;         ; Row I/O    ;                 ; no       ; On           ;
; M16      ;            ;          ; GND                                  ; gnd    ;                       ;         ; --         ;                 ; --       ; --           ;
; M17      ;            ; 6        ; VCCIO6                               ; power  ;                       ; 2.5V    ; --         ;                 ; --       ; --           ;
; M18      ; 348        ; 6        ; RESERVED_INPUT_WITH_WEAK_PULLUP      ;        ;                       ;         ; Row I/O    ;                 ; no       ; On           ;
; M19      ;            ;          ; GND                                  ; gnd    ;                       ;         ; --         ;                 ; --       ; --           ;
; M20      ; 337        ; 6        ; RESERVED_INPUT_WITH_WEAK_PULLUP      ;        ;                       ;         ; Row I/O    ;                 ; no       ; On           ;
; M21      ; 312        ; 5        ; RESERVED_INPUT_WITH_WEAK_PULLUP      ;        ;                       ;         ; Row I/O    ;                 ; no       ; On           ;
; M22      ; 315        ; 5        ; RESERVED_INPUT_WITH_WEAK_PULLUP      ;        ;                       ;         ; Row I/O    ;                 ; no       ; On           ;
; N1       ; 87         ; 2        ; VGA_VS                               ; output ; 2.5 V                 ;         ; Row I/O    ; Y               ; no       ; Off          ;
; N2       ; 75         ; 2        ; VGA_B[3]                             ; output ; 2.5 V                 ;         ; Row I/O    ; Y               ; no       ; Off          ;
; N3       ; 73         ; 2        ; VGA_HS                               ; output ; 2.5 V                 ;         ; Row I/O    ; Y               ; no       ; Off          ;
; N4       ; 56         ; 2        ; RESERVED_INPUT_WITH_WEAK_PULLUP      ;        ;                       ;         ; Row I/O    ;                 ; no       ; On           ;
; N5       ; 58         ; 2        ; RESERVED_INPUT_WITH_WEAK_PULLUP      ;        ;                       ;         ; Row I/O    ;                 ; no       ; On           ;
; N6       ;            ; 2        ; VCCIO2                               ; power  ;                       ; 2.5V    ; --         ;                 ; --       ; --           ;
; N7       ;            ; 2        ; VCCIO2                               ; power  ;                       ; 2.5V    ; --         ;                 ; --       ; --           ;
; N8       ; 84         ; 2        ; RESERVED_INPUT_WITH_WEAK_PULLUP      ;        ;                       ;         ; Row I/O    ;                 ; no       ; On           ;
; N9       ; 86         ; 2        ; RESERVED_INPUT_WITH_WEAK_PULLUP      ;        ;                       ;         ; Row I/O    ;                 ; no       ; On           ;
; N10      ;            ; --       ; VCC                                  ; power  ;                       ; 1.2V    ; --         ;                 ; --       ; --           ;
; N11      ;            ;          ; GND                                  ; gnd    ;                       ;         ; --         ;                 ; --       ; --           ;
; N12      ;            ; --       ; VCC                                  ; power  ;                       ; 1.2V    ; --         ;                 ; --       ; --           ;
; N13      ;            ;          ; GND                                  ; gnd    ;                       ;         ; --         ;                 ; --       ; --           ;
; N14      ; 320        ; 6        ; RESERVED_INPUT_WITH_WEAK_PULLUP      ;        ;                       ;         ; Row I/O    ;                 ; no       ; On           ;
; N15      ; 322        ; 6        ; RESERVED_INPUT_WITH_WEAK_PULLUP      ;        ;                       ;         ; Row I/O    ;                 ; no       ; On           ;
; N16      ;            ; 5        ; VCCIO5                               ; power  ;                       ; 2.5V    ; --         ;                 ; --       ; --           ;
; N17      ;            ; 6        ; VCCIO6                               ; power  ;                       ; 2.5V    ; --         ;                 ; --       ; --           ;
; N18      ; 336        ; 6        ; RESERVED_INPUT_WITH_WEAK_PULLUP      ;        ;                       ;         ; Row I/O    ;                 ; no       ; On           ;
; N19      ; 338        ; 6        ; RESERVED_INPUT_WITH_WEAK_PULLUP      ;        ;                       ;         ; Row I/O    ;                 ; no       ; On           ;
; N20      ; 339        ; 6        ; RESERVED_INPUT_WITH_WEAK_PULLUP      ;        ;                       ;         ; Row I/O    ;                 ; no       ; On           ;
; N21      ; 313        ; 5        ; RESERVED_INPUT_WITH_WEAK_PULLUP      ;        ;                       ;         ; Row I/O    ;                 ; no       ; On           ;
; N22      ; 307        ; 5        ; RESERVED_INPUT_WITH_WEAK_PULLUP      ;        ;                       ;         ; Row I/O    ;                 ; no       ; On           ;
; P1       ; 85         ; 2        ; VGA_B[0]                             ; output ; 2.5 V                 ;         ; Row I/O    ; Y               ; no       ; Off          ;
; P2       ;            ;          ; GND                                  ; gnd    ;                       ;         ; --         ;                 ; --       ; --           ;
; P3       ; 76         ; 2        ; RESERVED_INPUT_WITH_WEAK_PULLUP      ;        ;                       ;         ; Row I/O    ;                 ; no       ; On           ;
; P4       ; 57         ; 2        ; VGA_B[2]                             ; output ; 2.5 V                 ;         ; Row I/O    ; Y               ; no       ; Off          ;
; P5       ; 59         ; 2        ; RESERVED_INPUT_WITH_WEAK_PULLUP      ;        ;                       ;         ; Row I/O    ;                 ; no       ; On           ;
; P6       ;            ;          ; GND                                  ; gnd    ;                       ;         ; --         ;                 ; --       ; --           ;
; P7       ;            ; 2        ; VCCIO2                               ; power  ;                       ; 2.5V    ; --         ;                 ; --       ; --           ;
; P8       ; 96         ; 2        ; RESERVED_INPUT_WITH_WEAK_PULLUP      ;        ;                       ;         ; Row I/O    ;                 ; no       ; On           ;
; P9       ; 142        ; 3        ; RESERVED_INPUT_WITH_WEAK_PULLUP      ;        ;                       ;         ; Column I/O ;                 ; no       ; On           ;
; P10      ; 154        ; 3        ; RESERVED_INPUT_WITH_WEAK_PULLUP      ;        ;                       ;         ; Column I/O ;                 ; no       ; On           ;
; P11      ; 166        ; 3        ; MAX10_CLK1_50                        ; input  ; 2.5 V                 ;         ; Column I/O ; Y               ; no       ; Off          ;
; P12      ; 178        ; 4        ; RESERVED_INPUT_WITH_WEAK_PULLUP      ;        ;                       ;         ; Column I/O ;                 ; no       ; On           ;
; P13      ; 198        ; 4        ; RESERVED_INPUT_WITH_WEAK_PULLUP      ;        ;                       ;         ; Column I/O ;                 ; no       ; On           ;
; P14      ; 306        ; 5        ; RESERVED_INPUT_WITH_WEAK_PULLUP      ;        ;                       ;         ; Row I/O    ;                 ; no       ; On           ;
; P15      ; 304        ; 5        ; RESERVED_INPUT_WITH_WEAK_PULLUP      ;        ;                       ;         ; Row I/O    ;                 ; no       ; On           ;
; P16      ;            ; 5        ; VCCIO5                               ; power  ;                       ; 2.5V    ; --         ;                 ; --       ; --           ;
; P17      ;            ;          ; GND                                  ; gnd    ;                       ;         ; --         ;                 ; --       ; --           ;
; P18      ; 310        ; 5        ; RESERVED_INPUT_WITH_WEAK_PULLUP      ;        ;                       ;         ; Row I/O    ;                 ; no       ; On           ;
; P19      ; 309        ; 5        ; RESERVED_INPUT_WITH_WEAK_PULLUP      ;        ;                       ;         ; Row I/O    ;                 ; no       ; On           ;
; P20      ; 311        ; 5        ; RESERVED_INPUT_WITH_WEAK_PULLUP      ;        ;                       ;         ; Row I/O    ;                 ; no       ; On           ;
; P21      ; 305        ; 5        ; RESERVED_INPUT_WITH_WEAK_PULLUP      ;        ;                       ;         ; Row I/O    ;                 ; no       ; On           ;
; P22      ; 303        ; 5        ; RESERVED_INPUT_WITH_WEAK_PULLUP      ;        ;                       ;         ; Row I/O    ;                 ; --       ; --           ;
; R1       ; 121        ; 2        ; VGA_G[3]                             ; output ; 2.5 V                 ;         ; Row I/O    ; Y               ; no       ; Off          ;
; R2       ; 123        ; 2        ; VGA_G[2]                             ; output ; 2.5 V                 ;         ; Row I/O    ; Y               ; no       ; Off          ;
; R3       ; 78         ; 2        ; RESERVED_INPUT_WITH_WEAK_PULLUP      ;        ;                       ;         ; Row I/O    ;                 ; no       ; On           ;
; R4       ; 80         ; 2        ; RESERVED_INPUT_WITH_WEAK_PULLUP      ;        ;                       ;         ; Row I/O    ;                 ; no       ; On           ;
; R5       ; 82         ; 2        ; RESERVED_INPUT_WITH_WEAK_PULLUP      ;        ;                       ;         ; Row I/O    ;                 ; no       ; On           ;
; R6       ;            ; 2        ; VCCIO2                               ; power  ;                       ; 2.5V    ; --         ;                 ; --       ; --           ;
; R7       ; 98         ; 2        ; RESERVED_INPUT_WITH_WEAK_PULLUP      ;        ;                       ;         ; Row I/O    ;                 ; no       ; On           ;
; R8       ;            ; --       ; VCCA1                                ; power  ;                       ; 2.5V    ; --         ;                 ; --       ; --           ;
; R9       ; 140        ; 3        ; RESERVED_INPUT_WITH_WEAK_PULLUP      ;        ;                       ;         ; Column I/O ;                 ; no       ; On           ;
; R10      ; 152        ; 3        ; RESERVED_INPUT_WITH_WEAK_PULLUP      ;        ;                       ;         ; Column I/O ;                 ; no       ; On           ;
; R11      ; 164        ; 3        ; RESERVED_INPUT_WITH_WEAK_PULLUP      ;        ;                       ;         ; Column I/O ;                 ; no       ; On           ;
; R12      ; 176        ; 4        ; RESERVED_INPUT_WITH_WEAK_PULLUP      ;        ;                       ;         ; Column I/O ;                 ; no       ; On           ;
; R13      ; 196        ; 4        ; RESERVED_INPUT_WITH_WEAK_PULLUP      ;        ;                       ;         ; Column I/O ;                 ; no       ; On           ;
; R14      ; 294        ; 5        ; RESERVED_INPUT_WITH_WEAK_PULLUP      ;        ;                       ;         ; Row I/O    ;                 ; no       ; On           ;
; R15      ; 292        ; 5        ; RESERVED_INPUT_WITH_WEAK_PULLUP      ;        ;                       ;         ; Row I/O    ;                 ; no       ; On           ;
; R16      ;            ; 5        ; VCCIO5                               ; power  ;                       ; 2.5V    ; --         ;                 ; --       ; --           ;
; R17      ;            ; 5        ; VCCIO5                               ; power  ;                       ; 2.5V    ; --         ;                 ; --       ; --           ;
; R18      ; 308        ; 5        ; RESERVED_INPUT_WITH_WEAK_PULLUP      ;        ;                       ;         ; Row I/O    ;                 ; no       ; On           ;
; R19      ;            ;          ; GND                                  ; gnd    ;                       ;         ; --         ;                 ; --       ; --           ;
; R20      ; 299        ; 5        ; RESERVED_INPUT_WITH_WEAK_PULLUP      ;        ;                       ;         ; Row I/O    ;                 ; no       ; On           ;
; R21      ;            ;          ; GND                                  ; gnd    ;                       ;         ; --         ;                 ; --       ; --           ;
; R22      ; 301        ; 5        ; RESERVED_INPUT_WITH_WEAK_PULLUP      ;        ;                       ;         ; Row I/O    ;                 ; no       ; On           ;
; T1       ; 81         ; 2        ; VGA_B[1]                             ; output ; 2.5 V                 ;         ; Row I/O    ; Y               ; no       ; Off          ;
; T2       ; 83         ; 2        ; VGA_G[1]                             ; output ; 2.5 V                 ;         ; Row I/O    ; Y               ; no       ; Off          ;
; T3       ; 88         ; 2        ; RESERVED_INPUT_WITH_WEAK_PULLUP      ;        ;                       ;         ; Row I/O    ;                 ; no       ; On           ;
; T4       ;            ;          ; GND                                  ; gnd    ;                       ;         ; --         ;                 ; --       ; --           ;
; T5       ; 120        ; 2        ; RESERVED_INPUT_WITH_WEAK_PULLUP      ;        ;                       ;         ; Row I/O    ;                 ; no       ; On           ;
; T6       ; 122        ; 2        ; RESERVED_INPUT_WITH_WEAK_PULLUP      ;        ;                       ;         ; Row I/O    ;                 ; no       ; On           ;
; T7       ;            ;          ; VCCD_PLL1                            ; power  ;                       ; 1.2V    ; --         ;                 ; --       ; --           ;
; T8       ;            ;          ; GND                                  ; gnd    ;                       ;         ; --         ;                 ; --       ; --           ;
; T9       ;            ; 3        ; VCCIO3                               ; power  ;                       ; 2.5V    ; --         ;                 ; --       ; --           ;
; T10      ;            ; 3        ; VCCIO3                               ; power  ;                       ; 2.5V    ; --         ;                 ; --       ; --           ;
; T11      ;            ; 3        ; VCCIO3                               ; power  ;                       ; 2.5V    ; --         ;                 ; --       ; --           ;
; T12      ;            ; 4        ; VCCIO4                               ; power  ;                       ; 2.5V    ; --         ;                 ; --       ; --           ;
; T13      ;            ; 4        ; VCCIO4                               ; power  ;                       ; 2.5V    ; --         ;                 ; --       ; --           ;
; T14      ;            ;          ; GND                                  ; gnd    ;                       ;         ; --         ;                 ; --       ; --           ;
; T15      ;            ; --       ; VCCA4                                ; power  ;                       ; 2.5V    ; --         ;                 ; --       ; --           ;
; T16      ;            ;          ; GND                                  ; gnd    ;                       ;         ; --         ;                 ; --       ; --           ;
; T17      ;            ; 5        ; VCCIO5                               ; power  ;                       ; 2.5V    ; --         ;                 ; --       ; --           ;
; T18      ; 298        ; 5        ; RESERVED_INPUT_WITH_WEAK_PULLUP      ;        ;                       ;         ; Row I/O    ;                 ; no       ; On           ;
; T19      ; 296        ; 5        ; RESERVED_INPUT_WITH_WEAK_PULLUP      ;        ;                       ;         ; Row I/O    ;                 ; no       ; On           ;
; T20      ; 297        ; 5        ; RESERVED_INPUT_WITH_WEAK_PULLUP      ;        ;                       ;         ; Row I/O    ;                 ; no       ; On           ;
; T21      ; 293        ; 5        ; RESERVED_INPUT_WITH_WEAK_PULLUP      ;        ;                       ;         ; Row I/O    ;                 ; no       ; On           ;
; T22      ; 295        ; 5        ; RESERVED_INPUT_WITH_WEAK_PULLUP      ;        ;                       ;         ; Row I/O    ;                 ; no       ; On           ;
; U1       ; 89         ; 2        ; RESERVED_INPUT_WITH_WEAK_PULLUP      ;        ;                       ;         ; Row I/O    ;                 ; no       ; On           ;
; U2       ; 90         ; 2        ; RESERVED_INPUT_WITH_WEAK_PULLUP      ;        ;                       ;         ; Row I/O    ;                 ; no       ; On           ;
; U3       ; 93         ; 2        ; RESERVED_INPUT_WITH_WEAK_PULLUP      ;        ;                       ;         ; Row I/O    ;                 ; no       ; On           ;
; U4       ; 92         ; 2        ; RESERVED_INPUT_WITH_WEAK_PULLUP      ;        ;                       ;         ; Row I/O    ;                 ; no       ; On           ;
; U5       ; 94         ; 2        ; RESERVED_INPUT_WITH_WEAK_PULLUP      ;        ;                       ;         ; Row I/O    ;                 ; no       ; On           ;
; U6       ; 128        ; 3        ; RESERVED_INPUT_WITH_WEAK_PULLUP      ;        ;                       ;         ; Column I/O ;                 ; no       ; On           ;
; U7       ; 130        ; 3        ; RESERVED_INPUT_WITH_WEAK_PULLUP      ;        ;                       ;         ; Column I/O ;                 ; no       ; On           ;
; U8       ;            ; 3        ; VCCIO3                               ; power  ;                       ; 2.5V    ; --         ;                 ; --       ; --           ;
; U9       ;            ; 3        ; VCCIO3                               ; power  ;                       ; 2.5V    ; --         ;                 ; --       ; --           ;
; U10      ;            ;          ; GND                                  ; gnd    ;                       ;         ; --         ;                 ; --       ; --           ;
; U11      ;            ; 4        ; VCCIO4                               ; power  ;                       ; 2.5V    ; --         ;                 ; --       ; --           ;
; U12      ;            ; 4        ; VCCIO4                               ; power  ;                       ; 2.5V    ; --         ;                 ; --       ; --           ;
; U13      ;            ;          ; GND                                  ; gnd    ;                       ;         ; --         ;                 ; --       ; --           ;
; U14      ;            ; 4        ; VCCIO4                               ; power  ;                       ; 2.5V    ; --         ;                 ; --       ; --           ;
; U15      ; 208        ; 4        ; RESERVED_INPUT_WITH_WEAK_PULLUP      ;        ;                       ;         ; Column I/O ;                 ; no       ; On           ;
; U16      ;            ;          ; VCCD_PLL4                            ; power  ;                       ; 1.2V    ; --         ;                 ; --       ; --           ;
; U17      ; 246        ; 5        ; RESERVED_INPUT_WITH_WEAK_PULLUP      ;        ;                       ;         ; Row I/O    ;                 ; no       ; On           ;
; U18      ; 244        ; 5        ; RESERVED_INPUT_WITH_WEAK_PULLUP      ;        ;                       ;         ; Row I/O    ;                 ; no       ; On           ;
; U19      ; 282        ; 5        ; RESERVED_INPUT_WITH_WEAK_PULLUP      ;        ;                       ;         ; Row I/O    ;                 ; no       ; On           ;
; U20      ; 290        ; 5        ; RESERVED_INPUT_WITH_WEAK_PULLUP      ;        ;                       ;         ; Row I/O    ;                 ; no       ; On           ;
; U21      ; 300        ; 5        ; RESERVED_INPUT_WITH_WEAK_PULLUP      ;        ;                       ;         ; Row I/O    ;                 ; no       ; On           ;
; U22      ; 302        ; 5        ; RESERVED_INPUT_WITH_WEAK_PULLUP      ;        ;                       ;         ; Row I/O    ;                 ; no       ; On           ;
; V1       ; 91         ; 2        ; VGA_R[1]                             ; output ; 2.5 V                 ;         ; Row I/O    ; Y               ; no       ; Off          ;
; V2       ;            ;          ; GND                                  ; gnd    ;                       ;         ; --         ;                 ; --       ; --           ;
; V3       ; 95         ; 2        ; RESERVED_INPUT_WITH_WEAK_PULLUP      ;        ;                       ;         ; Row I/O    ;                 ; no       ; On           ;
; V4       ; 125        ; 3        ; RESERVED_INPUT_WITH_WEAK_PULLUP      ;        ;                       ;         ; Column I/O ;                 ; no       ; On           ;
; V5       ; 127        ; 3        ; GPIO[9]                              ; output ; 2.5 V                 ;         ; Column I/O ; Y               ; no       ; Off          ;
; V6       ;            ;          ; GND                                  ; gnd    ;                       ;         ; --         ;                 ; --       ; --           ;
; V7       ; 136        ; 3        ; GPIO[6]                              ; output ; 2.5 V                 ;         ; Column I/O ; Y               ; no       ; Off          ;
; V8       ; 138        ; 3        ; GPIO[4]                              ; output ; 2.5 V                 ;         ; Column I/O ; Y               ; no       ; Off          ;
; V9       ; 160        ; 3        ; GPIO[2]                              ; output ; 2.5 V                 ;         ; Column I/O ; Y               ; no       ; Off          ;
; V10      ; 162        ; 3        ; GPIO[0]                              ; output ; 2.5 V                 ;         ; Column I/O ; Y               ; no       ; Off          ;
; V11      ; 172        ; 4        ; RESERVED_INPUT_WITH_WEAK_PULLUP      ;        ;                       ;         ; Column I/O ;                 ; no       ; On           ;
; V12      ; 174        ; 4        ; RESERVED_INPUT_WITH_WEAK_PULLUP      ;        ;                       ;         ; Column I/O ;                 ; no       ; On           ;
; V13      ; 192        ; 4        ; RESERVED_INPUT_WITH_WEAK_PULLUP      ;        ;                       ;         ; Column I/O ;                 ; no       ; On           ;
; V14      ; 204        ; 4        ; RESERVED_INPUT_WITH_WEAK_PULLUP      ;        ;                       ;         ; Column I/O ;                 ; no       ; On           ;
; V15      ; 216        ; 4        ; RESERVED_INPUT_WITH_WEAK_PULLUP      ;        ;                       ;         ; Column I/O ;                 ; no       ; On           ;
; V16      ; 210        ; 4        ; RESERVED_INPUT_WITH_WEAK_PULLUP      ;        ;                       ;         ; Column I/O ;                 ; no       ; On           ;
; V17      ; 242        ; 4        ; RESERVED_INPUT_WITH_WEAK_PULLUP      ;        ;                       ;         ; Column I/O ;                 ; no       ; On           ;
; V18      ; 280        ; 5        ; RESERVED_INPUT_WITH_WEAK_PULLUP      ;        ;                       ;         ; Row I/O    ;                 ; no       ; On           ;
; V19      ;            ;          ; GND                                  ; gnd    ;                       ;         ; --         ;                 ; --       ; --           ;
; V20      ; 288        ; 5        ; RESERVED_INPUT_WITH_WEAK_PULLUP      ;        ;                       ;         ; Row I/O    ;                 ; no       ; On           ;
; V21      ; 289        ; 5        ; RESERVED_INPUT_WITH_WEAK_PULLUP      ;        ;                       ;         ; Row I/O    ;                 ; no       ; On           ;
; V22      ; 291        ; 5        ; RESERVED_INPUT_WITH_WEAK_PULLUP      ;        ;                       ;         ; Row I/O    ;                 ; no       ; On           ;
; W1       ; 97         ; 2        ; VGA_G[0]                             ; output ; 2.5 V                 ;         ; Row I/O    ; Y               ; no       ; Off          ;
; W2       ; 99         ; 2        ; RESERVED_INPUT_WITH_WEAK_PULLUP      ;        ;                       ;         ; Row I/O    ;                 ; no       ; On           ;
; W3       ; 134        ; 3        ; RESERVED_INPUT_WITH_WEAK_PULLUP      ;        ;                       ;         ; Column I/O ;                 ; no       ; On           ;
; W4       ; 132        ; 3        ; RESERVED_INPUT_WITH_WEAK_PULLUP      ;        ;                       ;         ; Column I/O ;                 ; no       ; On           ;
; W5       ; 124        ; 3        ; RESERVED_INPUT_WITH_WEAK_PULLUP      ;        ;                       ;         ; Column I/O ;                 ; no       ; On           ;
; W6       ; 126        ; 3        ; GPIO[8]                              ; output ; 2.5 V                 ;         ; Column I/O ; Y               ; no       ; Off          ;
; W7       ; 148        ; 3        ; GPIO[7]                              ; output ; 2.5 V                 ;         ; Column I/O ; Y               ; no       ; Off          ;
; W8       ; 150        ; 3        ; GPIO[5]                              ; output ; 2.5 V                 ;         ; Column I/O ; Y               ; no       ; Off          ;
; W9       ; 144        ; 3        ; GPIO[3]                              ; output ; 2.5 V                 ;         ; Column I/O ; Y               ; no       ; Off          ;
; W10      ; 146        ; 3        ; GPIO[1]                              ; output ; 2.5 V                 ;         ; Column I/O ; Y               ; no       ; Off          ;
; W11      ; 173        ; 4        ; RESERVED_INPUT_WITH_WEAK_PULLUP      ;        ;                       ;         ; Column I/O ;                 ; no       ; On           ;
; W12      ; 193        ; 4        ; RESERVED_INPUT_WITH_WEAK_PULLUP      ;        ;                       ;         ; Column I/O ;                 ; no       ; On           ;
; W13      ; 195        ; 4        ; RESERVED_INPUT_WITH_WEAK_PULLUP      ;        ;                       ;         ; Column I/O ;                 ; no       ; On           ;
; W14      ; 194        ; 4        ; RESERVED_INPUT_WITH_WEAK_PULLUP      ;        ;                       ;         ; Column I/O ;                 ; no       ; On           ;
; W15      ; 206        ; 4        ; RESERVED_INPUT_WITH_WEAK_PULLUP      ;        ;                       ;         ; Column I/O ;                 ; no       ; On           ;
; W16      ; 218        ; 4        ; RESERVED_INPUT_WITH_WEAK_PULLUP      ;        ;                       ;         ; Column I/O ;                 ; no       ; On           ;
; W17      ; 240        ; 4        ; RESERVED_INPUT_WITH_WEAK_PULLUP      ;        ;                       ;         ; Column I/O ;                 ; no       ; On           ;
; W18      ; 226        ; 4        ; RESERVED_INPUT_WITH_WEAK_PULLUP      ;        ;                       ;         ; Column I/O ;                 ; no       ; On           ;
; W19      ; 284        ; 5        ; RESERVED_INPUT_WITH_WEAK_PULLUP      ;        ;                       ;         ; Row I/O    ;                 ; no       ; On           ;
; W20      ; 286        ; 5        ; RESERVED_INPUT_WITH_WEAK_PULLUP      ;        ;                       ;         ; Row I/O    ;                 ; no       ; On           ;
; W21      ;            ;          ; GND                                  ; gnd    ;                       ;         ; --         ;                 ; --       ; --           ;
; W22      ; 283        ; 5        ; RESERVED_INPUT_WITH_WEAK_PULLUP      ;        ;                       ;         ; Row I/O    ;                 ; no       ; On           ;
; Y1       ; 129        ; 3        ; VGA_R[3]                             ; output ; 2.5 V                 ;         ; Column I/O ; Y               ; no       ; Off          ;
; Y2       ; 131        ; 3        ; VGA_R[2]                             ; output ; 2.5 V                 ;         ; Column I/O ; Y               ; no       ; Off          ;
; Y3       ; 149        ; 3        ; RESERVED_INPUT_WITH_WEAK_PULLUP      ;        ;                       ;         ; Column I/O ;                 ; no       ; On           ;
; Y4       ; 151        ; 3        ; RESERVED_INPUT_WITH_WEAK_PULLUP      ;        ;                       ;         ; Column I/O ;                 ; no       ; On           ;
; Y5       ; 137        ; 3        ; RESERVED_INPUT_WITH_WEAK_PULLUP      ;        ;                       ;         ; Column I/O ;                 ; no       ; On           ;
; Y6       ; 139        ; 3        ; RESERVED_INPUT_WITH_WEAK_PULLUP      ;        ;                       ;         ; Column I/O ;                 ; no       ; On           ;
; Y7       ; 141        ; 3        ; RESERVED_INPUT_WITH_WEAK_PULLUP      ;        ;                       ;         ; Column I/O ;                 ; no       ; On           ;
; Y8       ; 143        ; 3        ; RESERVED_INPUT_WITH_WEAK_PULLUP      ;        ;                       ;         ; Column I/O ;                 ; no       ; On           ;
; Y9       ;            ;          ; GND                                  ; gnd    ;                       ;         ; --         ;                 ; --       ; --           ;
; Y10      ; 168        ; 3        ; ARDUINO_IO[5]                        ; output ; 2.5 V                 ;         ; Column I/O ; Y               ; no       ; Off          ;
; Y11      ; 175        ; 4        ; RESERVED_INPUT_WITH_WEAK_PULLUP      ;        ;                       ;         ; Column I/O ;                 ; no       ; On           ;
; Y12      ;            ;          ; GND                                  ; gnd    ;                       ;         ; --         ;                 ; --       ; --           ;
; Y13      ; 200        ; 4        ; RESERVED_INPUT_WITH_WEAK_PULLUP      ;        ;                       ;         ; Column I/O ;                 ; no       ; On           ;
; Y14      ; 202        ; 4        ; RESERVED_INPUT_WITH_WEAK_PULLUP      ;        ;                       ;         ; Column I/O ;                 ; no       ; On           ;
; Y15      ;            ;          ; GND                                  ; gnd    ;                       ;         ; --         ;                 ; --       ; --           ;
; Y16      ; 207        ; 4        ; RESERVED_INPUT_WITH_WEAK_PULLUP      ;        ;                       ;         ; Column I/O ;                 ; no       ; On           ;
; Y17      ; 214        ; 4        ; RESERVED_INPUT_WITH_WEAK_PULLUP      ;        ;                       ;         ; Column I/O ;                 ; no       ; On           ;
; Y18      ; 219        ; 4        ; RESERVED_INPUT_WITH_WEAK_PULLUP      ;        ;                       ;         ; Column I/O ;                 ; no       ; On           ;
; Y19      ; 224        ; 4        ; RESERVED_INPUT_WITH_WEAK_PULLUP      ;        ;                       ;         ; Column I/O ;                 ; no       ; On           ;
; Y20      ; 285        ; 5        ; RESERVED_INPUT_WITH_WEAK_PULLUP      ;        ;                       ;         ; Row I/O    ;                 ; no       ; On           ;
; Y21      ; 287        ; 5        ; RESERVED_INPUT_WITH_WEAK_PULLUP      ;        ;                       ;         ; Row I/O    ;                 ; no       ; On           ;
; Y22      ; 281        ; 5        ; RESERVED_INPUT_WITH_WEAK_PULLUP      ;        ;                       ;         ; Row I/O    ;                 ; no       ; On           ;
+----------+------------+----------+--------------------------------------+--------+-----------------------+---------+------------+-----------------+----------+--------------+
Note: Pin directions (input, output or bidir) are based on device operating in user mode.


+--------------------------------------------------------------------------------------------------------------+
; PLL Summary                                                                                                  ;
+-------------------------------+------------------------------------------------------------------------------+
; Name                          ; pll_25MHz:inst1|altpll:altpll_component|pll_25MHz_altpll:auto_generated|pll1 ;
+-------------------------------+------------------------------------------------------------------------------+
; SDC pin name                  ; inst1|altpll_component|auto_generated|pll1                                   ;
; PLL mode                      ; Normal                                                                       ;
; Compensate clock              ; clock0                                                                       ;
; Compensated input/output pins ; --                                                                           ;
; Switchover type               ; --                                                                           ;
; Input frequency 0             ; 50.0 MHz                                                                     ;
; Input frequency 1             ; --                                                                           ;
; Nominal PFD frequency         ; 50.0 MHz                                                                     ;
; Nominal VCO frequency         ; 600.0 MHz                                                                    ;
; VCO post scale K counter      ; 2                                                                            ;
; VCO frequency control         ; Auto                                                                         ;
; VCO phase shift step          ; 208 ps                                                                       ;
; VCO multiply                  ; --                                                                           ;
; VCO divide                    ; --                                                                           ;
; Freq min lock                 ; 25.0 MHz                                                                     ;
; Freq max lock                 ; 54.18 MHz                                                                    ;
; M VCO Tap                     ; 0                                                                            ;
; M Initial                     ; 1                                                                            ;
; M value                       ; 12                                                                           ;
; N value                       ; 1                                                                            ;
; Charge pump current           ; setting 1                                                                    ;
; Loop filter resistance        ; setting 27                                                                   ;
; Loop filter capacitance       ; setting 0                                                                    ;
; Bandwidth                     ; 680 kHz to 980 kHz                                                           ;
; Bandwidth type                ; Medium                                                                       ;
; Real time reconfigurable      ; Off                                                                          ;
; Scan chain MIF file           ; --                                                                           ;
; Preserve PLL counter order    ; Off                                                                          ;
; PLL location                  ; PLL_1                                                                        ;
; Inclk0 signal                 ; MAX10_CLK1_50                                                                ;
; Inclk1 signal                 ; --                                                                           ;
; Inclk0 signal type            ; Dedicated Pin                                                                ;
; Inclk1 signal type            ; --                                                                           ;
+-------------------------------+------------------------------------------------------------------------------+


+----------------------------------------------------------------------------------------------------------------------------------------------------------------------------------------------------------------------------------------------------------------------------------------------------------------------+
; PLL Usage                                                                                                                                                                                                                                                                                                            ;
+------------------------------------------------------------------------------------------+--------------+------+-----+------------------+-------------+------------------+------------+---------+---------------+------------+---------------+---------+---------+---------------------------------------------------+
; Name                                                                                     ; Output Clock ; Mult ; Div ; Output Frequency ; Phase Shift ; Phase Shift Step ; Duty Cycle ; Counter ; Counter Value ; High / Low ; Cascade Input ; Initial ; VCO Tap ; SDC Pin Name                                      ;
+------------------------------------------------------------------------------------------+--------------+------+-----+------------------+-------------+------------------+------------+---------+---------------+------------+---------------+---------+---------+---------------------------------------------------+
; pll_25MHz:inst1|altpll:altpll_component|pll_25MHz_altpll:auto_generated|wire_pll1_clk[0] ; clock0       ; 1    ; 2   ; 25.0 MHz         ; 0 (0 ps)    ; 1.88 (208 ps)    ; 50/50      ; C0      ; 24            ; 12/12 Even ; --            ; 1       ; 0       ; inst1|altpll_component|auto_generated|pll1|clk[0] ;
; pll_25MHz:inst1|altpll:altpll_component|pll_25MHz_altpll:auto_generated|wire_pll1_clk[1] ; clock1       ; 2    ; 1   ; 100.0 MHz        ; 0 (0 ps)    ; 7.50 (208 ps)    ; 50/50      ; C1      ; 6             ; 3/3 Even   ; --            ; 1       ; 0       ; inst1|altpll_component|auto_generated|pll1|clk[1] ;
+------------------------------------------------------------------------------------------+--------------+------+-----+------------------+-------------+------------------+------------+---------+---------------+------------+---------------+---------+---------+---------------------------------------------------+


+-----------------------------------------------+
; I/O Assignment Warnings                       ;
+---------------+-------------------------------+
; Pin Name      ; Reason                        ;
+---------------+-------------------------------+
; VGA_HS        ; Incomplete set of assignments ;
; SW[2]         ; Incomplete set of assignments ;
; SW[1]         ; Incomplete set of assignments ;
; KEY[1]        ; Incomplete set of assignments ;
; KEY[0]        ; Incomplete set of assignments ;
; VGA_VS        ; Incomplete set of assignments ;
; ARDUINO_IO[7] ; Incomplete set of assignments ;
; ARDUINO_IO[6] ; Incomplete set of assignments ;
; ARDUINO_IO[5] ; Incomplete set of assignments ;
; ARDUINO_IO[4] ; Incomplete set of assignments ;
; ARDUINO_IO[3] ; Incomplete set of assignments ;
; ARDUINO_IO[2] ; Incomplete set of assignments ;
; ARDUINO_IO[1] ; Incomplete set of assignments ;
; ARDUINO_IO[0] ; Incomplete set of assignments ;
; GPIO[9]       ; Incomplete set of assignments ;
; GPIO[8]       ; Incomplete set of assignments ;
; GPIO[7]       ; Incomplete set of assignments ;
; GPIO[6]       ; Incomplete set of assignments ;
; GPIO[5]       ; Incomplete set of assignments ;
; GPIO[4]       ; Incomplete set of assignments ;
; GPIO[3]       ; Incomplete set of assignments ;
; GPIO[2]       ; Incomplete set of assignments ;
; GPIO[1]       ; Incomplete set of assignments ;
; GPIO[0]       ; Incomplete set of assignments ;
; HEX0[0]       ; Incomplete set of assignments ;
; LEDR[9]       ; Incomplete set of assignments ;
; LEDR[8]       ; Incomplete set of assignments ;
; LEDR[7]       ; Incomplete set of assignments ;
; LEDR[6]       ; Incomplete set of assignments ;
; LEDR[5]       ; Incomplete set of assignments ;
; LEDR[4]       ; Incomplete set of assignments ;
; LEDR[3]       ; Incomplete set of assignments ;
; LEDR[2]       ; Incomplete set of assignments ;
; LEDR[1]       ; Incomplete set of assignments ;
; LEDR[0]       ; Incomplete set of assignments ;
; VGA_B[3]      ; Incomplete set of assignments ;
; VGA_B[2]      ; Incomplete set of assignments ;
; VGA_B[1]      ; Incomplete set of assignments ;
; VGA_B[0]      ; Incomplete set of assignments ;
; VGA_G[3]      ; Incomplete set of assignments ;
; VGA_G[2]      ; Incomplete set of assignments ;
; VGA_G[1]      ; Incomplete set of assignments ;
; VGA_G[0]      ; Incomplete set of assignments ;
; VGA_R[3]      ; Incomplete set of assignments ;
; VGA_R[2]      ; Incomplete set of assignments ;
; VGA_R[1]      ; Incomplete set of assignments ;
; VGA_R[0]      ; Incomplete set of assignments ;
; SW[0]         ; Incomplete set of assignments ;
; MAX10_CLK1_50 ; Incomplete set of assignments ;
+---------------+-------------------------------+


+-------------------------------------------------------------------------------------------------------------------------------------------------------------------------------------------------------------------------------------------------------------------------------------------------------------------------------------------------------------------------------------------------------------------------------------------------------------------------------------------------------------------------------------------------------------------------------------------------------------------------------------------------------------------------------------------------------------------------------------------------------------------------+
; Fitter Resource Utilization by Entity                                                                                                                                                                                                                                                                                                                                                                                                                                                                                                                                                                                                                                                                                                                                   ;
+-----------------------------------------------------------------------------------------------------------------------------------------+-------------+---------------------------+---------------+-------------+------+------------+--------------+---------+-----------+------+--------------+--------------+-------------------+------------------+------------+--------------------------------------------------------------------------------------------------------------------------------------------------------------------------------------------------------------------------------------------------------------------------------------------------------------------------------------------------+-----------------------------------+--------------+
; Compilation Hierarchy Node                                                                                                              ; Logic Cells ; Dedicated Logic Registers ; I/O Registers ; Memory Bits ; M9Ks ; UFM Blocks ; DSP Elements ; DSP 9x9 ; DSP 18x18 ; Pins ; Virtual Pins ; LUT-Only LCs ; Register-Only LCs ; LUT/Register LCs ; ADC blocks ; Full Hierarchy Name                                                                                                                                                                                                                                                                                                                              ; Entity Name                       ; Library Name ;
+-----------------------------------------------------------------------------------------------------------------------------------------+-------------+---------------------------+---------------+-------------+------+------------+--------------+---------+-----------+------+--------------+--------------+-------------------+------------------+------------+--------------------------------------------------------------------------------------------------------------------------------------------------------------------------------------------------------------------------------------------------------------------------------------------------------------------------------------------------+-----------------------------------+--------------+
; |vga1                                                                                                                                   ; 2051 (2)    ; 1017 (0)                  ; 0 (0)         ; 1249316     ; 154  ; 1          ; 24           ; 0       ; 12        ; 49   ; 0            ; 1034 (2)     ; 490 (0)           ; 527 (0)          ; 0          ; |vga1                                                                                                                                                                                                                                                                                                                                            ; vga1                              ; work         ;
;    |Enderecamento:inst10|                                                                                                               ; 53 (45)     ; 37 (33)                   ; 0 (0)         ; 36          ; 1    ; 0          ; 0            ; 0       ; 0         ; 0    ; 0            ; 16 (12)      ; 12 (11)           ; 25 (22)          ; 0          ; |vga1|Enderecamento:inst10                                                                                                                                                                                                                                                                                                                       ; Enderecamento                     ; work         ;
;       |altshift_taps:auxcoluna_rtl_0|                                                                                                   ; 8 (0)       ; 4 (0)                     ; 0 (0)         ; 36          ; 1    ; 0          ; 0            ; 0       ; 0         ; 0    ; 0            ; 4 (0)        ; 1 (0)             ; 3 (0)            ; 0          ; |vga1|Enderecamento:inst10|altshift_taps:auxcoluna_rtl_0                                                                                                                                                                                                                                                                                         ; altshift_taps                     ; work         ;
;          |shift_taps_ugl:auto_generated|                                                                                                ; 8 (3)       ; 4 (2)                     ; 0 (0)         ; 36          ; 1    ; 0          ; 0            ; 0       ; 0         ; 0    ; 0            ; 4 (1)        ; 1 (1)             ; 3 (1)            ; 0          ; |vga1|Enderecamento:inst10|altshift_taps:auxcoluna_rtl_0|shift_taps_ugl:auto_generated                                                                                                                                                                                                                                                           ; shift_taps_ugl                    ; work         ;
;             |altsyncram_hv21:altsyncram4|                                                                                               ; 0 (0)       ; 0 (0)                     ; 0 (0)         ; 36          ; 1    ; 0          ; 0            ; 0       ; 0         ; 0    ; 0            ; 0 (0)        ; 0 (0)             ; 0 (0)            ; 0          ; |vga1|Enderecamento:inst10|altshift_taps:auxcoluna_rtl_0|shift_taps_ugl:auto_generated|altsyncram_hv21:altsyncram4                                                                                                                                                                                                                               ; altsyncram_hv21                   ; work         ;
;             |cntr_s3f:cntr1|                                                                                                            ; 5 (5)       ; 2 (2)                     ; 0 (0)         ; 0           ; 0    ; 0          ; 0            ; 0       ; 0         ; 0    ; 0            ; 3 (3)        ; 0 (0)             ; 2 (2)            ; 0          ; |vga1|Enderecamento:inst10|altshift_taps:auxcoluna_rtl_0|shift_taps_ugl:auto_generated|cntr_s3f:cntr1                                                                                                                                                                                                                                            ; cntr_s3f                          ; work         ;
;    |Enderecamento:inst9|                                                                                                                ; 61 (61)     ; 35 (35)                   ; 0 (0)         ; 0           ; 0    ; 0          ; 0            ; 0       ; 0         ; 0    ; 0            ; 26 (26)      ; 10 (10)           ; 25 (25)          ; 0          ; |vga1|Enderecamento:inst9                                                                                                                                                                                                                                                                                                                        ; Enderecamento                     ; work         ;
;    |VGA_drvr:inst|                                                                                                                      ; 109 (109)   ; 32 (32)                   ; 0 (0)         ; 0           ; 0    ; 0          ; 0            ; 0       ; 0         ; 0    ; 0            ; 73 (73)      ; 0 (0)             ; 36 (36)          ; 0          ; |vga1|VGA_drvr:inst                                                                                                                                                                                                                                                                                                                              ; VGA_drvr                          ; work         ;
;    |color_mapper:inst3|                                                                                                                 ; 40 (40)     ; 0 (0)                     ; 0 (0)         ; 0           ; 0    ; 0          ; 0            ; 0       ; 0         ; 0    ; 0            ; 36 (36)      ; 0 (0)             ; 4 (4)            ; 0          ; |vga1|color_mapper:inst3                                                                                                                                                                                                                                                                                                                         ; color_mapper                      ; work         ;
;    |coordinate_generator:inst7|                                                                                                         ; 11 (11)     ; 0 (0)                     ; 0 (0)         ; 0           ; 0    ; 0          ; 0            ; 0       ; 0         ; 0    ; 0            ; 11 (11)      ; 0 (0)             ; 0 (0)            ; 0          ; |vga1|coordinate_generator:inst7                                                                                                                                                                                                                                                                                                                 ; coordinate_generator              ; work         ;
;    |mandelbrot_pixel_core:inst6|                                                                                                        ; 552 (276)   ; 12 (12)                   ; 0 (0)         ; 0           ; 0    ; 0          ; 24           ; 0       ; 12        ; 0    ; 0            ; 540 (264)    ; 0 (0)             ; 12 (12)          ; 0          ; |vga1|mandelbrot_pixel_core:inst6                                                                                                                                                                                                                                                                                                                ; mandelbrot_pixel_core             ; work         ;
;       |lpm_mult:Mult0|                                                                                                                  ; 92 (0)      ; 0 (0)                     ; 0 (0)         ; 0           ; 0    ; 0          ; 8            ; 0       ; 4         ; 0    ; 0            ; 92 (0)       ; 0 (0)             ; 0 (0)            ; 0          ; |vga1|mandelbrot_pixel_core:inst6|lpm_mult:Mult0                                                                                                                                                                                                                                                                                                 ; lpm_mult                          ; work         ;
;          |mult_qgs:auto_generated|                                                                                                      ; 92 (92)     ; 0 (0)                     ; 0 (0)         ; 0           ; 0    ; 0          ; 8            ; 0       ; 4         ; 0    ; 0            ; 92 (92)      ; 0 (0)             ; 0 (0)            ; 0          ; |vga1|mandelbrot_pixel_core:inst6|lpm_mult:Mult0|mult_qgs:auto_generated                                                                                                                                                                                                                                                                         ; mult_qgs                          ; work         ;
;       |lpm_mult:Mult1|                                                                                                                  ; 92 (0)      ; 0 (0)                     ; 0 (0)         ; 0           ; 0    ; 0          ; 8            ; 0       ; 4         ; 0    ; 0            ; 92 (0)       ; 0 (0)             ; 0 (0)            ; 0          ; |vga1|mandelbrot_pixel_core:inst6|lpm_mult:Mult1                                                                                                                                                                                                                                                                                                 ; lpm_mult                          ; work         ;
;          |mult_qgs:auto_generated|                                                                                                      ; 92 (92)     ; 0 (0)                     ; 0 (0)         ; 0           ; 0    ; 0          ; 8            ; 0       ; 4         ; 0    ; 0            ; 92 (92)      ; 0 (0)             ; 0 (0)            ; 0          ; |vga1|mandelbrot_pixel_core:inst6|lpm_mult:Mult1|mult_qgs:auto_generated                                                                                                                                                                                                                                                                         ; mult_qgs                          ; work         ;
;       |lpm_mult:Mult2|                                                                                                                  ; 92 (0)      ; 0 (0)                     ; 0 (0)         ; 0           ; 0    ; 0          ; 8            ; 0       ; 4         ; 0    ; 0            ; 92 (0)       ; 0 (0)             ; 0 (0)            ; 0          ; |vga1|mandelbrot_pixel_core:inst6|lpm_mult:Mult2                                                                                                                                                                                                                                                                                                 ; lpm_mult                          ; work         ;
;          |mult_qgs:auto_generated|                                                                                                      ; 92 (92)     ; 0 (0)                     ; 0 (0)         ; 0           ; 0    ; 0          ; 8            ; 0       ; 4         ; 0    ; 0            ; 92 (92)      ; 0 (0)             ; 0 (0)            ; 0          ; |vga1|mandelbrot_pixel_core:inst6|lpm_mult:Mult2|mult_qgs:auto_generated                                                                                                                                                                                                                                                                         ; mult_qgs                          ; work         ;
;    |memory2:inst11|                                                                                                                     ; 135 (0)     ; 4 (0)                     ; 0 (0)         ; 1048576     ; 128  ; 0          ; 0            ; 0       ; 0         ; 0    ; 0            ; 123 (0)      ; 2 (0)             ; 10 (0)           ; 0          ; |vga1|memory2:inst11                                                                                                                                                                                                                                                                                                                             ; memory2                           ; work         ;
;       |altsyncram:ram_block_rtl_0|                                                                                                      ; 135 (0)     ; 4 (0)                     ; 0 (0)         ; 1048576     ; 128  ; 0          ; 0            ; 0       ; 0         ; 0    ; 0            ; 123 (0)      ; 2 (0)             ; 10 (0)           ; 0          ; |vga1|memory2:inst11|altsyncram:ram_block_rtl_0                                                                                                                                                                                                                                                                                                  ; altsyncram                        ; work         ;
;          |altsyncram_a4c1:auto_generated|                                                                                               ; 135 (4)     ; 4 (4)                     ; 0 (0)         ; 1048576     ; 128  ; 0          ; 0            ; 0       ; 0         ; 0    ; 0            ; 123 (0)      ; 2 (2)             ; 10 (0)           ; 0          ; |vga1|memory2:inst11|altsyncram:ram_block_rtl_0|altsyncram_a4c1:auto_generated                                                                                                                                                                                                                                                                   ; altsyncram_a4c1                   ; work         ;
;             |decode_19a:decode2|                                                                                                        ; 18 (18)     ; 0 (0)                     ; 0 (0)         ; 0           ; 0    ; 0          ; 0            ; 0       ; 0         ; 0    ; 0            ; 14 (14)      ; 0 (0)             ; 4 (4)            ; 0          ; |vga1|memory2:inst11|altsyncram:ram_block_rtl_0|altsyncram_a4c1:auto_generated|decode_19a:decode2                                                                                                                                                                                                                                                ; decode_19a                        ; work         ;
;             |decode_qk9:rden_decode_b|                                                                                                  ; 16 (16)     ; 0 (0)                     ; 0 (0)         ; 0           ; 0    ; 0          ; 0            ; 0       ; 0         ; 0    ; 0            ; 12 (12)      ; 0 (0)             ; 4 (4)            ; 0          ; |vga1|memory2:inst11|altsyncram:ram_block_rtl_0|altsyncram_a4c1:auto_generated|decode_qk9:rden_decode_b                                                                                                                                                                                                                                          ; decode_qk9                        ; work         ;
;             |mux_h3b:mux3|                                                                                                              ; 99 (99)     ; 0 (0)                     ; 0 (0)         ; 0           ; 0    ; 0          ; 0            ; 0       ; 0         ; 0    ; 0            ; 97 (97)      ; 0 (0)             ; 2 (2)            ; 0          ; |vga1|memory2:inst11|altsyncram:ram_block_rtl_0|altsyncram_a4c1:auto_generated|mux_h3b:mux3                                                                                                                                                                                                                                                      ; mux_h3b                           ; work         ;
;    |pll_25MHz:inst1|                                                                                                                    ; 0 (0)       ; 0 (0)                     ; 0 (0)         ; 0           ; 0    ; 0          ; 0            ; 0       ; 0         ; 0    ; 0            ; 0 (0)        ; 0 (0)             ; 0 (0)            ; 0          ; |vga1|pll_25MHz:inst1                                                                                                                                                                                                                                                                                                                            ; pll_25MHz                         ; work         ;
;       |altpll:altpll_component|                                                                                                         ; 0 (0)       ; 0 (0)                     ; 0 (0)         ; 0           ; 0    ; 0          ; 0            ; 0       ; 0         ; 0    ; 0            ; 0 (0)        ; 0 (0)             ; 0 (0)            ; 0          ; |vga1|pll_25MHz:inst1|altpll:altpll_component                                                                                                                                                                                                                                                                                                    ; altpll                            ; work         ;
;          |pll_25MHz_altpll:auto_generated|                                                                                              ; 0 (0)       ; 0 (0)                     ; 0 (0)         ; 0           ; 0    ; 0          ; 0            ; 0       ; 0         ; 0    ; 0            ; 0 (0)        ; 0 (0)             ; 0 (0)            ; 0          ; |vga1|pll_25MHz:inst1|altpll:altpll_component|pll_25MHz_altpll:auto_generated                                                                                                                                                                                                                                                                    ; pll_25MHz_altpll                  ; work         ;
;    |sld_hub:auto_hub|                                                                                                                   ; 153 (1)     ; 91 (0)                    ; 0 (0)         ; 0           ; 0    ; 0          ; 0            ; 0       ; 0         ; 0    ; 0            ; 62 (1)       ; 22 (0)            ; 69 (0)           ; 0          ; |vga1|sld_hub:auto_hub                                                                                                                                                                                                                                                                                                                           ; sld_hub                           ; altera_sld   ;
;       |alt_sld_fab_with_jtag_input:\instrumentation_fabric_with_node_gen:fabric_gen_new_way:with_jtag_input_gen:instrumentation_fabric| ; 152 (0)     ; 91 (0)                    ; 0 (0)         ; 0           ; 0    ; 0          ; 0            ; 0       ; 0         ; 0    ; 0            ; 61 (0)       ; 22 (0)            ; 69 (0)           ; 0          ; |vga1|sld_hub:auto_hub|alt_sld_fab_with_jtag_input:\instrumentation_fabric_with_node_gen:fabric_gen_new_way:with_jtag_input_gen:instrumentation_fabric                                                                                                                                                                                           ; alt_sld_fab_with_jtag_input       ; altera_sld   ;
;          |alt_sld_fab:instrumentation_fabric|                                                                                           ; 152 (0)     ; 91 (0)                    ; 0 (0)         ; 0           ; 0    ; 0          ; 0            ; 0       ; 0         ; 0    ; 0            ; 61 (0)       ; 22 (0)            ; 69 (0)           ; 0          ; |vga1|sld_hub:auto_hub|alt_sld_fab_with_jtag_input:\instrumentation_fabric_with_node_gen:fabric_gen_new_way:with_jtag_input_gen:instrumentation_fabric|alt_sld_fab:instrumentation_fabric                                                                                                                                                        ; alt_sld_fab                       ; alt_sld_fab  ;
;             |alt_sld_fab_alt_sld_fab:alt_sld_fab|                                                                                       ; 152 (6)     ; 91 (5)                    ; 0 (0)         ; 0           ; 0    ; 0          ; 0            ; 0       ; 0         ; 0    ; 0            ; 61 (1)       ; 22 (0)            ; 69 (0)           ; 0          ; |vga1|sld_hub:auto_hub|alt_sld_fab_with_jtag_input:\instrumentation_fabric_with_node_gen:fabric_gen_new_way:with_jtag_input_gen:instrumentation_fabric|alt_sld_fab:instrumentation_fabric|alt_sld_fab_alt_sld_fab:alt_sld_fab                                                                                                                    ; alt_sld_fab_alt_sld_fab           ; alt_sld_fab  ;
;                |alt_sld_fab_alt_sld_fab_sldfabric:sldfabric|                                                                            ; 151 (0)     ; 86 (0)                    ; 0 (0)         ; 0           ; 0    ; 0          ; 0            ; 0       ; 0         ; 0    ; 0            ; 60 (0)       ; 22 (0)            ; 69 (0)           ; 0          ; |vga1|sld_hub:auto_hub|alt_sld_fab_with_jtag_input:\instrumentation_fabric_with_node_gen:fabric_gen_new_way:with_jtag_input_gen:instrumentation_fabric|alt_sld_fab:instrumentation_fabric|alt_sld_fab_alt_sld_fab:alt_sld_fab|alt_sld_fab_alt_sld_fab_sldfabric:sldfabric                                                                        ; alt_sld_fab_alt_sld_fab_sldfabric ; alt_sld_fab  ;
;                   |sld_jtag_hub:\jtag_hub_gen:real_sld_jtag_hub|                                                                        ; 151 (109)   ; 86 (58)                   ; 0 (0)         ; 0           ; 0    ; 0          ; 0            ; 0       ; 0         ; 0    ; 0            ; 60 (46)      ; 22 (21)           ; 69 (44)          ; 0          ; |vga1|sld_hub:auto_hub|alt_sld_fab_with_jtag_input:\instrumentation_fabric_with_node_gen:fabric_gen_new_way:with_jtag_input_gen:instrumentation_fabric|alt_sld_fab:instrumentation_fabric|alt_sld_fab_alt_sld_fab:alt_sld_fab|alt_sld_fab_alt_sld_fab_sldfabric:sldfabric|sld_jtag_hub:\jtag_hub_gen:real_sld_jtag_hub                           ; sld_jtag_hub                      ; work         ;
;                      |sld_rom_sr:hub_info_reg|                                                                                          ; 21 (21)     ; 9 (9)                     ; 0 (0)         ; 0           ; 0    ; 0          ; 0            ; 0       ; 0         ; 0    ; 0            ; 12 (12)      ; 0 (0)             ; 9 (9)            ; 0          ; |vga1|sld_hub:auto_hub|alt_sld_fab_with_jtag_input:\instrumentation_fabric_with_node_gen:fabric_gen_new_way:with_jtag_input_gen:instrumentation_fabric|alt_sld_fab:instrumentation_fabric|alt_sld_fab_alt_sld_fab:alt_sld_fab|alt_sld_fab_alt_sld_fab_sldfabric:sldfabric|sld_jtag_hub:\jtag_hub_gen:real_sld_jtag_hub|sld_rom_sr:hub_info_reg   ; sld_rom_sr                        ; work         ;
;                      |sld_shadow_jsm:shadow_jsm|                                                                                        ; 21 (21)     ; 19 (19)                   ; 0 (0)         ; 0           ; 0    ; 0          ; 0            ; 0       ; 0         ; 0    ; 0            ; 2 (2)        ; 1 (1)             ; 18 (18)          ; 0          ; |vga1|sld_hub:auto_hub|alt_sld_fab_with_jtag_input:\instrumentation_fabric_with_node_gen:fabric_gen_new_way:with_jtag_input_gen:instrumentation_fabric|alt_sld_fab:instrumentation_fabric|alt_sld_fab_alt_sld_fab:alt_sld_fab|alt_sld_fab_alt_sld_fab_sldfabric:sldfabric|sld_jtag_hub:\jtag_hub_gen:real_sld_jtag_hub|sld_shadow_jsm:shadow_jsm ; sld_shadow_jsm                    ; altera_sld   ;
;    |sld_signaltap:auto_signaltap_0|                                                                                                     ; 903 (71)    ; 783 (69)                  ; 0 (0)         ; 200704      ; 25   ; 0          ; 0            ; 0       ; 0         ; 0    ; 0            ; 120 (2)      ; 442 (68)          ; 341 (0)          ; 0          ; |vga1|sld_signaltap:auto_signaltap_0                                                                                                                                                                                                                                                                                                             ; sld_signaltap                     ; work         ;
;       |sld_signaltap_impl:sld_signaltap_body|                                                                                           ; 833 (0)     ; 714 (0)                   ; 0 (0)         ; 200704      ; 25   ; 0          ; 0            ; 0       ; 0         ; 0    ; 0            ; 118 (0)      ; 374 (0)           ; 341 (0)          ; 0          ; |vga1|sld_signaltap:auto_signaltap_0|sld_signaltap_impl:sld_signaltap_body                                                                                                                                                                                                                                                                       ; sld_signaltap_impl                ; work         ;
;          |sld_signaltap_implb:sld_signaltap_body|                                                                                       ; 833 (312)   ; 714 (280)                 ; 0 (0)         ; 200704      ; 25   ; 0          ; 0            ; 0       ; 0         ; 0    ; 0            ; 118 (33)     ; 374 (223)         ; 341 (56)         ; 0          ; |vga1|sld_signaltap:auto_signaltap_0|sld_signaltap_impl:sld_signaltap_body|sld_signaltap_implb:sld_signaltap_body                                                                                                                                                                                                                                ; sld_signaltap_implb               ; work         ;
;             |altdpram:\stp_non_zero_ram_gen:attribute_mem_gen:attribute_mem|                                                            ; 78 (76)     ; 76 (76)                   ; 0 (0)         ; 0           ; 0    ; 0          ; 0            ; 0       ; 0         ; 0    ; 0            ; 2 (0)        ; 51 (51)           ; 25 (0)           ; 0          ; |vga1|sld_signaltap:auto_signaltap_0|sld_signaltap_impl:sld_signaltap_body|sld_signaltap_implb:sld_signaltap_body|altdpram:\stp_non_zero_ram_gen:attribute_mem_gen:attribute_mem                                                                                                                                                                 ; altdpram                          ; work         ;
;                |lpm_decode:wdecoder|                                                                                                    ; 2 (0)       ; 0 (0)                     ; 0 (0)         ; 0           ; 0    ; 0          ; 0            ; 0       ; 0         ; 0    ; 0            ; 2 (0)        ; 0 (0)             ; 0 (0)            ; 0          ; |vga1|sld_signaltap:auto_signaltap_0|sld_signaltap_impl:sld_signaltap_body|sld_signaltap_implb:sld_signaltap_body|altdpram:\stp_non_zero_ram_gen:attribute_mem_gen:attribute_mem|lpm_decode:wdecoder                                                                                                                                             ; lpm_decode                        ; work         ;
;                   |decode_3af:auto_generated|                                                                                           ; 2 (2)       ; 0 (0)                     ; 0 (0)         ; 0           ; 0    ; 0          ; 0            ; 0       ; 0         ; 0    ; 0            ; 2 (2)        ; 0 (0)             ; 0 (0)            ; 0          ; |vga1|sld_signaltap:auto_signaltap_0|sld_signaltap_impl:sld_signaltap_body|sld_signaltap_implb:sld_signaltap_body|altdpram:\stp_non_zero_ram_gen:attribute_mem_gen:attribute_mem|lpm_decode:wdecoder|decode_3af:auto_generated                                                                                                                   ; decode_3af                        ; work         ;
;                |lpm_mux:mux|                                                                                                            ; 25 (0)      ; 0 (0)                     ; 0 (0)         ; 0           ; 0    ; 0          ; 0            ; 0       ; 0         ; 0    ; 0            ; 0 (0)        ; 0 (0)             ; 25 (0)           ; 0          ; |vga1|sld_signaltap:auto_signaltap_0|sld_signaltap_impl:sld_signaltap_body|sld_signaltap_implb:sld_signaltap_body|altdpram:\stp_non_zero_ram_gen:attribute_mem_gen:attribute_mem|lpm_mux:mux                                                                                                                                                     ; lpm_mux                           ; work         ;
;                   |mux_j7c:auto_generated|                                                                                              ; 25 (25)     ; 0 (0)                     ; 0 (0)         ; 0           ; 0    ; 0          ; 0            ; 0       ; 0         ; 0    ; 0            ; 0 (0)        ; 0 (0)             ; 25 (25)          ; 0          ; |vga1|sld_signaltap:auto_signaltap_0|sld_signaltap_impl:sld_signaltap_body|sld_signaltap_implb:sld_signaltap_body|altdpram:\stp_non_zero_ram_gen:attribute_mem_gen:attribute_mem|lpm_mux:mux|mux_j7c:auto_generated                                                                                                                              ; mux_j7c                           ; work         ;
;             |altsyncram:\stp_non_zero_ram_gen:stp_buffer_ram|                                                                           ; 0 (0)       ; 0 (0)                     ; 0 (0)         ; 200704      ; 25   ; 0          ; 0            ; 0       ; 0         ; 0    ; 0            ; 0 (0)        ; 0 (0)             ; 0 (0)            ; 0          ; |vga1|sld_signaltap:auto_signaltap_0|sld_signaltap_impl:sld_signaltap_body|sld_signaltap_implb:sld_signaltap_body|altsyncram:\stp_non_zero_ram_gen:stp_buffer_ram                                                                                                                                                                                ; altsyncram                        ; work         ;
;                |altsyncram_em14:auto_generated|                                                                                         ; 0 (0)       ; 0 (0)                     ; 0 (0)         ; 200704      ; 25   ; 0          ; 0            ; 0       ; 0         ; 0    ; 0            ; 0 (0)        ; 0 (0)             ; 0 (0)            ; 0          ; |vga1|sld_signaltap:auto_signaltap_0|sld_signaltap_impl:sld_signaltap_body|sld_signaltap_implb:sld_signaltap_body|altsyncram:\stp_non_zero_ram_gen:stp_buffer_ram|altsyncram_em14:auto_generated                                                                                                                                                 ; altsyncram_em14                   ; work         ;
;             |lpm_shiftreg:segment_offset_config_deserialize|                                                                            ; 12 (12)     ; 12 (12)                   ; 0 (0)         ; 0           ; 0    ; 0          ; 0            ; 0       ; 0         ; 0    ; 0            ; 0 (0)        ; 12 (12)           ; 0 (0)            ; 0          ; |vga1|sld_signaltap:auto_signaltap_0|sld_signaltap_impl:sld_signaltap_body|sld_signaltap_implb:sld_signaltap_body|lpm_shiftreg:segment_offset_config_deserialize                                                                                                                                                                                 ; lpm_shiftreg                      ; work         ;
;             |lpm_shiftreg:status_register|                                                                                              ; 17 (17)     ; 17 (17)                   ; 0 (0)         ; 0           ; 0    ; 0          ; 0            ; 0       ; 0         ; 0    ; 0            ; 0 (0)        ; 0 (0)             ; 17 (17)          ; 0          ; |vga1|sld_signaltap:auto_signaltap_0|sld_signaltap_impl:sld_signaltap_body|sld_signaltap_implb:sld_signaltap_body|lpm_shiftreg:status_register                                                                                                                                                                                                   ; lpm_shiftreg                      ; work         ;
;             |serial_crc_16:\tdo_crc_gen:tdo_crc_calc|                                                                                   ; 14 (14)     ; 13 (13)                   ; 0 (0)         ; 0           ; 0    ; 0          ; 0            ; 0       ; 0         ; 0    ; 0            ; 1 (1)        ; 0 (0)             ; 13 (13)          ; 0          ; |vga1|sld_signaltap:auto_signaltap_0|sld_signaltap_impl:sld_signaltap_body|sld_signaltap_implb:sld_signaltap_body|serial_crc_16:\tdo_crc_gen:tdo_crc_calc                                                                                                                                                                                        ; serial_crc_16                     ; work         ;
;             |sld_buffer_manager:sld_buffer_manager_inst|                                                                                ; 106 (106)   ; 69 (69)                   ; 0 (0)         ; 0           ; 0    ; 0          ; 0            ; 0       ; 0         ; 0    ; 0            ; 35 (35)      ; 12 (12)           ; 59 (59)          ; 0          ; |vga1|sld_signaltap:auto_signaltap_0|sld_signaltap_impl:sld_signaltap_body|sld_signaltap_implb:sld_signaltap_body|sld_buffer_manager:sld_buffer_manager_inst                                                                                                                                                                                     ; sld_buffer_manager                ; work         ;
;             |sld_ela_control:ela_control|                                                                                               ; 123 (1)     ; 116 (1)                   ; 0 (0)         ; 0           ; 0    ; 0          ; 0            ; 0       ; 0         ; 0    ; 0            ; 6 (0)        ; 75 (0)            ; 42 (1)           ; 0          ; |vga1|sld_signaltap:auto_signaltap_0|sld_signaltap_impl:sld_signaltap_body|sld_signaltap_implb:sld_signaltap_body|sld_ela_control:ela_control                                                                                                                                                                                                    ; sld_ela_control                   ; work         ;
;                |lpm_shiftreg:trigger_config_deserialize|                                                                                ; 4 (4)       ; 4 (4)                     ; 0 (0)         ; 0           ; 0    ; 0          ; 0            ; 0       ; 0         ; 0    ; 0            ; 0 (0)        ; 4 (4)             ; 0 (0)            ; 0          ; |vga1|sld_signaltap:auto_signaltap_0|sld_signaltap_impl:sld_signaltap_body|sld_signaltap_implb:sld_signaltap_body|sld_ela_control:ela_control|lpm_shiftreg:trigger_config_deserialize                                                                                                                                                            ; lpm_shiftreg                      ; work         ;
;                |sld_ela_basic_multi_level_trigger:\basic_multi_level_mbpm_trigger_gen:multi_level_mbpm|                                 ; 101 (0)     ; 100 (0)                   ; 0 (0)         ; 0           ; 0    ; 0          ; 0            ; 0       ; 0         ; 0    ; 0            ; 0 (0)        ; 61 (0)            ; 40 (0)           ; 0          ; |vga1|sld_signaltap:auto_signaltap_0|sld_signaltap_impl:sld_signaltap_body|sld_signaltap_implb:sld_signaltap_body|sld_ela_control:ela_control|sld_ela_basic_multi_level_trigger:\basic_multi_level_mbpm_trigger_gen:multi_level_mbpm                                                                                                             ; sld_ela_basic_multi_level_trigger ; work         ;
;                   |lpm_shiftreg:trigger_condition_deserialize|                                                                          ; 60 (60)     ; 60 (60)                   ; 0 (0)         ; 0           ; 0    ; 0          ; 0            ; 0       ; 0         ; 0    ; 0            ; 0 (0)        ; 60 (60)           ; 0 (0)            ; 0          ; |vga1|sld_signaltap:auto_signaltap_0|sld_signaltap_impl:sld_signaltap_body|sld_signaltap_implb:sld_signaltap_body|sld_ela_control:ela_control|sld_ela_basic_multi_level_trigger:\basic_multi_level_mbpm_trigger_gen:multi_level_mbpm|lpm_shiftreg:trigger_condition_deserialize                                                                  ; lpm_shiftreg                      ; work         ;
;                   |sld_mbpmg:\trigger_modules_gen:0:trigger_match|                                                                      ; 41 (0)      ; 40 (0)                    ; 0 (0)         ; 0           ; 0    ; 0          ; 0            ; 0       ; 0         ; 0    ; 0            ; 0 (0)        ; 1 (0)             ; 40 (0)           ; 0          ; |vga1|sld_signaltap:auto_signaltap_0|sld_signaltap_impl:sld_signaltap_body|sld_signaltap_implb:sld_signaltap_body|sld_ela_control:ela_control|sld_ela_basic_multi_level_trigger:\basic_multi_level_mbpm_trigger_gen:multi_level_mbpm|sld_mbpmg:\trigger_modules_gen:0:trigger_match                                                              ; sld_mbpmg                         ; work         ;
;                      |sld_sbpmg:\gen_sbpmg_pipeline_less_than_two:sm0:0:sm1|                                                            ; 2 (2)       ; 2 (2)                     ; 0 (0)         ; 0           ; 0    ; 0          ; 0            ; 0       ; 0         ; 0    ; 0            ; 0 (0)        ; 0 (0)             ; 2 (2)            ; 0          ; |vga1|sld_signaltap:auto_signaltap_0|sld_signaltap_impl:sld_signaltap_body|sld_signaltap_implb:sld_signaltap_body|sld_ela_control:ela_control|sld_ela_basic_multi_level_trigger:\basic_multi_level_mbpm_trigger_gen:multi_level_mbpm|sld_mbpmg:\trigger_modules_gen:0:trigger_match|sld_sbpmg:\gen_sbpmg_pipeline_less_than_two:sm0:0:sm1        ; sld_sbpmg                         ; work         ;
;                      |sld_sbpmg:\gen_sbpmg_pipeline_less_than_two:sm0:10:sm1|                                                           ; 2 (2)       ; 2 (2)                     ; 0 (0)         ; 0           ; 0    ; 0          ; 0            ; 0       ; 0         ; 0    ; 0            ; 0 (0)        ; 0 (0)             ; 2 (2)            ; 0          ; |vga1|sld_signaltap:auto_signaltap_0|sld_signaltap_impl:sld_signaltap_body|sld_signaltap_implb:sld_signaltap_body|sld_ela_control:ela_control|sld_ela_basic_multi_level_trigger:\basic_multi_level_mbpm_trigger_gen:multi_level_mbpm|sld_mbpmg:\trigger_modules_gen:0:trigger_match|sld_sbpmg:\gen_sbpmg_pipeline_less_than_two:sm0:10:sm1       ; sld_sbpmg                         ; work         ;
;                      |sld_sbpmg:\gen_sbpmg_pipeline_less_than_two:sm0:11:sm1|                                                           ; 2 (2)       ; 2 (2)                     ; 0 (0)         ; 0           ; 0    ; 0          ; 0            ; 0       ; 0         ; 0    ; 0            ; 0 (0)        ; 0 (0)             ; 2 (2)            ; 0          ; |vga1|sld_signaltap:auto_signaltap_0|sld_signaltap_impl:sld_signaltap_body|sld_signaltap_implb:sld_signaltap_body|sld_ela_control:ela_control|sld_ela_basic_multi_level_trigger:\basic_multi_level_mbpm_trigger_gen:multi_level_mbpm|sld_mbpmg:\trigger_modules_gen:0:trigger_match|sld_sbpmg:\gen_sbpmg_pipeline_less_than_two:sm0:11:sm1       ; sld_sbpmg                         ; work         ;
;                      |sld_sbpmg:\gen_sbpmg_pipeline_less_than_two:sm0:12:sm1|                                                           ; 2 (2)       ; 2 (2)                     ; 0 (0)         ; 0           ; 0    ; 0          ; 0            ; 0       ; 0         ; 0    ; 0            ; 0 (0)        ; 0 (0)             ; 2 (2)            ; 0          ; |vga1|sld_signaltap:auto_signaltap_0|sld_signaltap_impl:sld_signaltap_body|sld_signaltap_implb:sld_signaltap_body|sld_ela_control:ela_control|sld_ela_basic_multi_level_trigger:\basic_multi_level_mbpm_trigger_gen:multi_level_mbpm|sld_mbpmg:\trigger_modules_gen:0:trigger_match|sld_sbpmg:\gen_sbpmg_pipeline_less_than_two:sm0:12:sm1       ; sld_sbpmg                         ; work         ;
;                      |sld_sbpmg:\gen_sbpmg_pipeline_less_than_two:sm0:13:sm1|                                                           ; 2 (2)       ; 2 (2)                     ; 0 (0)         ; 0           ; 0    ; 0          ; 0            ; 0       ; 0         ; 0    ; 0            ; 0 (0)        ; 0 (0)             ; 2 (2)            ; 0          ; |vga1|sld_signaltap:auto_signaltap_0|sld_signaltap_impl:sld_signaltap_body|sld_signaltap_implb:sld_signaltap_body|sld_ela_control:ela_control|sld_ela_basic_multi_level_trigger:\basic_multi_level_mbpm_trigger_gen:multi_level_mbpm|sld_mbpmg:\trigger_modules_gen:0:trigger_match|sld_sbpmg:\gen_sbpmg_pipeline_less_than_two:sm0:13:sm1       ; sld_sbpmg                         ; work         ;
;                      |sld_sbpmg:\gen_sbpmg_pipeline_less_than_two:sm0:14:sm1|                                                           ; 2 (2)       ; 2 (2)                     ; 0 (0)         ; 0           ; 0    ; 0          ; 0            ; 0       ; 0         ; 0    ; 0            ; 0 (0)        ; 0 (0)             ; 2 (2)            ; 0          ; |vga1|sld_signaltap:auto_signaltap_0|sld_signaltap_impl:sld_signaltap_body|sld_signaltap_implb:sld_signaltap_body|sld_ela_control:ela_control|sld_ela_basic_multi_level_trigger:\basic_multi_level_mbpm_trigger_gen:multi_level_mbpm|sld_mbpmg:\trigger_modules_gen:0:trigger_match|sld_sbpmg:\gen_sbpmg_pipeline_less_than_two:sm0:14:sm1       ; sld_sbpmg                         ; work         ;
;                      |sld_sbpmg:\gen_sbpmg_pipeline_less_than_two:sm0:15:sm1|                                                           ; 2 (2)       ; 2 (2)                     ; 0 (0)         ; 0           ; 0    ; 0          ; 0            ; 0       ; 0         ; 0    ; 0            ; 0 (0)        ; 0 (0)             ; 2 (2)            ; 0          ; |vga1|sld_signaltap:auto_signaltap_0|sld_signaltap_impl:sld_signaltap_body|sld_signaltap_implb:sld_signaltap_body|sld_ela_control:ela_control|sld_ela_basic_multi_level_trigger:\basic_multi_level_mbpm_trigger_gen:multi_level_mbpm|sld_mbpmg:\trigger_modules_gen:0:trigger_match|sld_sbpmg:\gen_sbpmg_pipeline_less_than_two:sm0:15:sm1       ; sld_sbpmg                         ; work         ;
;                      |sld_sbpmg:\gen_sbpmg_pipeline_less_than_two:sm0:16:sm1|                                                           ; 2 (2)       ; 2 (2)                     ; 0 (0)         ; 0           ; 0    ; 0          ; 0            ; 0       ; 0         ; 0    ; 0            ; 0 (0)        ; 0 (0)             ; 2 (2)            ; 0          ; |vga1|sld_signaltap:auto_signaltap_0|sld_signaltap_impl:sld_signaltap_body|sld_signaltap_implb:sld_signaltap_body|sld_ela_control:ela_control|sld_ela_basic_multi_level_trigger:\basic_multi_level_mbpm_trigger_gen:multi_level_mbpm|sld_mbpmg:\trigger_modules_gen:0:trigger_match|sld_sbpmg:\gen_sbpmg_pipeline_less_than_two:sm0:16:sm1       ; sld_sbpmg                         ; work         ;
;                      |sld_sbpmg:\gen_sbpmg_pipeline_less_than_two:sm0:17:sm1|                                                           ; 2 (2)       ; 2 (2)                     ; 0 (0)         ; 0           ; 0    ; 0          ; 0            ; 0       ; 0         ; 0    ; 0            ; 0 (0)        ; 0 (0)             ; 2 (2)            ; 0          ; |vga1|sld_signaltap:auto_signaltap_0|sld_signaltap_impl:sld_signaltap_body|sld_signaltap_implb:sld_signaltap_body|sld_ela_control:ela_control|sld_ela_basic_multi_level_trigger:\basic_multi_level_mbpm_trigger_gen:multi_level_mbpm|sld_mbpmg:\trigger_modules_gen:0:trigger_match|sld_sbpmg:\gen_sbpmg_pipeline_less_than_two:sm0:17:sm1       ; sld_sbpmg                         ; work         ;
;                      |sld_sbpmg:\gen_sbpmg_pipeline_less_than_two:sm0:18:sm1|                                                           ; 2 (2)       ; 2 (2)                     ; 0 (0)         ; 0           ; 0    ; 0          ; 0            ; 0       ; 0         ; 0    ; 0            ; 0 (0)        ; 0 (0)             ; 2 (2)            ; 0          ; |vga1|sld_signaltap:auto_signaltap_0|sld_signaltap_impl:sld_signaltap_body|sld_signaltap_implb:sld_signaltap_body|sld_ela_control:ela_control|sld_ela_basic_multi_level_trigger:\basic_multi_level_mbpm_trigger_gen:multi_level_mbpm|sld_mbpmg:\trigger_modules_gen:0:trigger_match|sld_sbpmg:\gen_sbpmg_pipeline_less_than_two:sm0:18:sm1       ; sld_sbpmg                         ; work         ;
;                      |sld_sbpmg:\gen_sbpmg_pipeline_less_than_two:sm0:19:sm1|                                                           ; 2 (2)       ; 2 (2)                     ; 0 (0)         ; 0           ; 0    ; 0          ; 0            ; 0       ; 0         ; 0    ; 0            ; 0 (0)        ; 0 (0)             ; 2 (2)            ; 0          ; |vga1|sld_signaltap:auto_signaltap_0|sld_signaltap_impl:sld_signaltap_body|sld_signaltap_implb:sld_signaltap_body|sld_ela_control:ela_control|sld_ela_basic_multi_level_trigger:\basic_multi_level_mbpm_trigger_gen:multi_level_mbpm|sld_mbpmg:\trigger_modules_gen:0:trigger_match|sld_sbpmg:\gen_sbpmg_pipeline_less_than_two:sm0:19:sm1       ; sld_sbpmg                         ; work         ;
;                      |sld_sbpmg:\gen_sbpmg_pipeline_less_than_two:sm0:1:sm1|                                                            ; 2 (2)       ; 2 (2)                     ; 0 (0)         ; 0           ; 0    ; 0          ; 0            ; 0       ; 0         ; 0    ; 0            ; 0 (0)        ; 0 (0)             ; 2 (2)            ; 0          ; |vga1|sld_signaltap:auto_signaltap_0|sld_signaltap_impl:sld_signaltap_body|sld_signaltap_implb:sld_signaltap_body|sld_ela_control:ela_control|sld_ela_basic_multi_level_trigger:\basic_multi_level_mbpm_trigger_gen:multi_level_mbpm|sld_mbpmg:\trigger_modules_gen:0:trigger_match|sld_sbpmg:\gen_sbpmg_pipeline_less_than_two:sm0:1:sm1        ; sld_sbpmg                         ; work         ;
;                      |sld_sbpmg:\gen_sbpmg_pipeline_less_than_two:sm0:2:sm1|                                                            ; 3 (3)       ; 2 (2)                     ; 0 (0)         ; 0           ; 0    ; 0          ; 0            ; 0       ; 0         ; 0    ; 0            ; 0 (0)        ; 1 (1)             ; 2 (2)            ; 0          ; |vga1|sld_signaltap:auto_signaltap_0|sld_signaltap_impl:sld_signaltap_body|sld_signaltap_implb:sld_signaltap_body|sld_ela_control:ela_control|sld_ela_basic_multi_level_trigger:\basic_multi_level_mbpm_trigger_gen:multi_level_mbpm|sld_mbpmg:\trigger_modules_gen:0:trigger_match|sld_sbpmg:\gen_sbpmg_pipeline_less_than_two:sm0:2:sm1        ; sld_sbpmg                         ; work         ;
;                      |sld_sbpmg:\gen_sbpmg_pipeline_less_than_two:sm0:3:sm1|                                                            ; 2 (2)       ; 2 (2)                     ; 0 (0)         ; 0           ; 0    ; 0          ; 0            ; 0       ; 0         ; 0    ; 0            ; 0 (0)        ; 0 (0)             ; 2 (2)            ; 0          ; |vga1|sld_signaltap:auto_signaltap_0|sld_signaltap_impl:sld_signaltap_body|sld_signaltap_implb:sld_signaltap_body|sld_ela_control:ela_control|sld_ela_basic_multi_level_trigger:\basic_multi_level_mbpm_trigger_gen:multi_level_mbpm|sld_mbpmg:\trigger_modules_gen:0:trigger_match|sld_sbpmg:\gen_sbpmg_pipeline_less_than_two:sm0:3:sm1        ; sld_sbpmg                         ; work         ;
;                      |sld_sbpmg:\gen_sbpmg_pipeline_less_than_two:sm0:4:sm1|                                                            ; 2 (2)       ; 2 (2)                     ; 0 (0)         ; 0           ; 0    ; 0          ; 0            ; 0       ; 0         ; 0    ; 0            ; 0 (0)        ; 0 (0)             ; 2 (2)            ; 0          ; |vga1|sld_signaltap:auto_signaltap_0|sld_signaltap_impl:sld_signaltap_body|sld_signaltap_implb:sld_signaltap_body|sld_ela_control:ela_control|sld_ela_basic_multi_level_trigger:\basic_multi_level_mbpm_trigger_gen:multi_level_mbpm|sld_mbpmg:\trigger_modules_gen:0:trigger_match|sld_sbpmg:\gen_sbpmg_pipeline_less_than_two:sm0:4:sm1        ; sld_sbpmg                         ; work         ;
;                      |sld_sbpmg:\gen_sbpmg_pipeline_less_than_two:sm0:5:sm1|                                                            ; 2 (2)       ; 2 (2)                     ; 0 (0)         ; 0           ; 0    ; 0          ; 0            ; 0       ; 0         ; 0    ; 0            ; 0 (0)        ; 0 (0)             ; 2 (2)            ; 0          ; |vga1|sld_signaltap:auto_signaltap_0|sld_signaltap_impl:sld_signaltap_body|sld_signaltap_implb:sld_signaltap_body|sld_ela_control:ela_control|sld_ela_basic_multi_level_trigger:\basic_multi_level_mbpm_trigger_gen:multi_level_mbpm|sld_mbpmg:\trigger_modules_gen:0:trigger_match|sld_sbpmg:\gen_sbpmg_pipeline_less_than_two:sm0:5:sm1        ; sld_sbpmg                         ; work         ;
;                      |sld_sbpmg:\gen_sbpmg_pipeline_less_than_two:sm0:6:sm1|                                                            ; 2 (2)       ; 2 (2)                     ; 0 (0)         ; 0           ; 0    ; 0          ; 0            ; 0       ; 0         ; 0    ; 0            ; 0 (0)        ; 0 (0)             ; 2 (2)            ; 0          ; |vga1|sld_signaltap:auto_signaltap_0|sld_signaltap_impl:sld_signaltap_body|sld_signaltap_implb:sld_signaltap_body|sld_ela_control:ela_control|sld_ela_basic_multi_level_trigger:\basic_multi_level_mbpm_trigger_gen:multi_level_mbpm|sld_mbpmg:\trigger_modules_gen:0:trigger_match|sld_sbpmg:\gen_sbpmg_pipeline_less_than_two:sm0:6:sm1        ; sld_sbpmg                         ; work         ;
;                      |sld_sbpmg:\gen_sbpmg_pipeline_less_than_two:sm0:7:sm1|                                                            ; 2 (2)       ; 2 (2)                     ; 0 (0)         ; 0           ; 0    ; 0          ; 0            ; 0       ; 0         ; 0    ; 0            ; 0 (0)        ; 0 (0)             ; 2 (2)            ; 0          ; |vga1|sld_signaltap:auto_signaltap_0|sld_signaltap_impl:sld_signaltap_body|sld_signaltap_implb:sld_signaltap_body|sld_ela_control:ela_control|sld_ela_basic_multi_level_trigger:\basic_multi_level_mbpm_trigger_gen:multi_level_mbpm|sld_mbpmg:\trigger_modules_gen:0:trigger_match|sld_sbpmg:\gen_sbpmg_pipeline_less_than_two:sm0:7:sm1        ; sld_sbpmg                         ; work         ;
;                      |sld_sbpmg:\gen_sbpmg_pipeline_less_than_two:sm0:8:sm1|                                                            ; 2 (2)       ; 2 (2)                     ; 0 (0)         ; 0           ; 0    ; 0          ; 0            ; 0       ; 0         ; 0    ; 0            ; 0 (0)        ; 0 (0)             ; 2 (2)            ; 0          ; |vga1|sld_signaltap:auto_signaltap_0|sld_signaltap_impl:sld_signaltap_body|sld_signaltap_implb:sld_signaltap_body|sld_ela_control:ela_control|sld_ela_basic_multi_level_trigger:\basic_multi_level_mbpm_trigger_gen:multi_level_mbpm|sld_mbpmg:\trigger_modules_gen:0:trigger_match|sld_sbpmg:\gen_sbpmg_pipeline_less_than_two:sm0:8:sm1        ; sld_sbpmg                         ; work         ;
;                      |sld_sbpmg:\gen_sbpmg_pipeline_less_than_two:sm0:9:sm1|                                                            ; 2 (2)       ; 2 (2)                     ; 0 (0)         ; 0           ; 0    ; 0          ; 0            ; 0       ; 0         ; 0    ; 0            ; 0 (0)        ; 0 (0)             ; 2 (2)            ; 0          ; |vga1|sld_signaltap:auto_signaltap_0|sld_signaltap_impl:sld_signaltap_body|sld_signaltap_implb:sld_signaltap_body|sld_ela_control:ela_control|sld_ela_basic_multi_level_trigger:\basic_multi_level_mbpm_trigger_gen:multi_level_mbpm|sld_mbpmg:\trigger_modules_gen:0:trigger_match|sld_sbpmg:\gen_sbpmg_pipeline_less_than_two:sm0:9:sm1        ; sld_sbpmg                         ; work         ;
;                |sld_ela_trigger_flow_mgr:\builtin:ela_trigger_flow_mgr_entity|                                                          ; 17 (7)      ; 11 (1)                    ; 0 (0)         ; 0           ; 0    ; 0          ; 0            ; 0       ; 0         ; 0    ; 0            ; 6 (6)        ; 10 (0)            ; 1 (1)            ; 0          ; |vga1|sld_signaltap:auto_signaltap_0|sld_signaltap_impl:sld_signaltap_body|sld_signaltap_implb:sld_signaltap_body|sld_ela_control:ela_control|sld_ela_trigger_flow_mgr:\builtin:ela_trigger_flow_mgr_entity                                                                                                                                      ; sld_ela_trigger_flow_mgr          ; work         ;
;                   |lpm_shiftreg:trigger_config_deserialize|                                                                             ; 10 (10)     ; 10 (10)                   ; 0 (0)         ; 0           ; 0    ; 0          ; 0            ; 0       ; 0         ; 0    ; 0            ; 0 (0)        ; 10 (10)           ; 0 (0)            ; 0          ; |vga1|sld_signaltap:auto_signaltap_0|sld_signaltap_impl:sld_signaltap_body|sld_signaltap_implb:sld_signaltap_body|sld_ela_control:ela_control|sld_ela_trigger_flow_mgr:\builtin:ela_trigger_flow_mgr_entity|lpm_shiftreg:trigger_config_deserialize                                                                                              ; lpm_shiftreg                      ; work         ;
;             |sld_offload_buffer_mgr:\stp_non_zero_depth_offload_gen:stp_offload_buff_mgr_inst|                                          ; 143 (11)    ; 123 (0)                   ; 0 (0)         ; 0           ; 0    ; 0          ; 0            ; 0       ; 0         ; 0    ; 0            ; 19 (11)      ; 1 (0)             ; 123 (0)          ; 0          ; |vga1|sld_signaltap:auto_signaltap_0|sld_signaltap_impl:sld_signaltap_body|sld_signaltap_implb:sld_signaltap_body|sld_offload_buffer_mgr:\stp_non_zero_depth_offload_gen:stp_offload_buff_mgr_inst                                                                                                                                               ; sld_offload_buffer_mgr            ; work         ;
;                |lpm_counter:\adv_point_3_and_more:advance_pointer_counter|                                                              ; 8 (0)       ; 6 (0)                     ; 0 (0)         ; 0           ; 0    ; 0          ; 0            ; 0       ; 0         ; 0    ; 0            ; 2 (0)        ; 0 (0)             ; 6 (0)            ; 0          ; |vga1|sld_signaltap:auto_signaltap_0|sld_signaltap_impl:sld_signaltap_body|sld_signaltap_implb:sld_signaltap_body|sld_offload_buffer_mgr:\stp_non_zero_depth_offload_gen:stp_offload_buff_mgr_inst|lpm_counter:\adv_point_3_and_more:advance_pointer_counter                                                                                     ; lpm_counter                       ; work         ;
;                   |cntr_drh:auto_generated|                                                                                             ; 8 (8)       ; 6 (6)                     ; 0 (0)         ; 0           ; 0    ; 0          ; 0            ; 0       ; 0         ; 0    ; 0            ; 2 (2)        ; 0 (0)             ; 6 (6)            ; 0          ; |vga1|sld_signaltap:auto_signaltap_0|sld_signaltap_impl:sld_signaltap_body|sld_signaltap_implb:sld_signaltap_body|sld_offload_buffer_mgr:\stp_non_zero_depth_offload_gen:stp_offload_buff_mgr_inst|lpm_counter:\adv_point_3_and_more:advance_pointer_counter|cntr_drh:auto_generated                                                             ; cntr_drh                          ; work         ;
;                |lpm_counter:read_pointer_counter|                                                                                       ; 12 (0)      ; 12 (0)                    ; 0 (0)         ; 0           ; 0    ; 0          ; 0            ; 0       ; 0         ; 0    ; 0            ; 0 (0)        ; 0 (0)             ; 12 (0)           ; 0          ; |vga1|sld_signaltap:auto_signaltap_0|sld_signaltap_impl:sld_signaltap_body|sld_signaltap_implb:sld_signaltap_body|sld_offload_buffer_mgr:\stp_non_zero_depth_offload_gen:stp_offload_buff_mgr_inst|lpm_counter:read_pointer_counter                                                                                                              ; lpm_counter                       ; work         ;
;                   |cntr_cki:auto_generated|                                                                                             ; 12 (12)     ; 12 (12)                   ; 0 (0)         ; 0           ; 0    ; 0          ; 0            ; 0       ; 0         ; 0    ; 0            ; 0 (0)        ; 0 (0)             ; 12 (12)          ; 0          ; |vga1|sld_signaltap:auto_signaltap_0|sld_signaltap_impl:sld_signaltap_body|sld_signaltap_implb:sld_signaltap_body|sld_offload_buffer_mgr:\stp_non_zero_depth_offload_gen:stp_offload_buff_mgr_inst|lpm_counter:read_pointer_counter|cntr_cki:auto_generated                                                                                      ; cntr_cki                          ; work         ;
;                |lpm_counter:status_advance_pointer_counter|                                                                             ; 7 (0)       ; 5 (0)                     ; 0 (0)         ; 0           ; 0    ; 0          ; 0            ; 0       ; 0         ; 0    ; 0            ; 2 (0)        ; 0 (0)             ; 5 (0)            ; 0          ; |vga1|sld_signaltap:auto_signaltap_0|sld_signaltap_impl:sld_signaltap_body|sld_signaltap_implb:sld_signaltap_body|sld_offload_buffer_mgr:\stp_non_zero_depth_offload_gen:stp_offload_buff_mgr_inst|lpm_counter:status_advance_pointer_counter                                                                                                    ; lpm_counter                       ; work         ;
;                   |cntr_6rh:auto_generated|                                                                                             ; 7 (7)       ; 5 (5)                     ; 0 (0)         ; 0           ; 0    ; 0          ; 0            ; 0       ; 0         ; 0    ; 0            ; 2 (2)        ; 0 (0)             ; 5 (5)            ; 0          ; |vga1|sld_signaltap:auto_signaltap_0|sld_signaltap_impl:sld_signaltap_body|sld_signaltap_implb:sld_signaltap_body|sld_offload_buffer_mgr:\stp_non_zero_depth_offload_gen:stp_offload_buff_mgr_inst|lpm_counter:status_advance_pointer_counter|cntr_6rh:auto_generated                                                                            ; cntr_6rh                          ; work         ;
;                |lpm_counter:status_read_pointer_counter|                                                                                ; 3 (0)       ; 1 (0)                     ; 0 (0)         ; 0           ; 0    ; 0          ; 0            ; 0       ; 0         ; 0    ; 0            ; 2 (0)        ; 0 (0)             ; 1 (0)            ; 0          ; |vga1|sld_signaltap:auto_signaltap_0|sld_signaltap_impl:sld_signaltap_body|sld_signaltap_implb:sld_signaltap_body|sld_offload_buffer_mgr:\stp_non_zero_depth_offload_gen:stp_offload_buff_mgr_inst|lpm_counter:status_read_pointer_counter                                                                                                       ; lpm_counter                       ; work         ;
;                   |cntr_odi:auto_generated|                                                                                             ; 3 (3)       ; 1 (1)                     ; 0 (0)         ; 0           ; 0    ; 0          ; 0            ; 0       ; 0         ; 0    ; 0            ; 2 (2)        ; 0 (0)             ; 1 (1)            ; 0          ; |vga1|sld_signaltap:auto_signaltap_0|sld_signaltap_impl:sld_signaltap_body|sld_signaltap_implb:sld_signaltap_body|sld_offload_buffer_mgr:\stp_non_zero_depth_offload_gen:stp_offload_buff_mgr_inst|lpm_counter:status_read_pointer_counter|cntr_odi:auto_generated                                                                               ; cntr_odi                          ; work         ;
;                |lpm_shiftreg:info_data_shift_out|                                                                                       ; 26 (26)     ; 25 (25)                   ; 0 (0)         ; 0           ; 0    ; 0          ; 0            ; 0       ; 0         ; 0    ; 0            ; 1 (1)        ; 0 (0)             ; 25 (25)          ; 0          ; |vga1|sld_signaltap:auto_signaltap_0|sld_signaltap_impl:sld_signaltap_body|sld_signaltap_implb:sld_signaltap_body|sld_offload_buffer_mgr:\stp_non_zero_depth_offload_gen:stp_offload_buff_mgr_inst|lpm_shiftreg:info_data_shift_out                                                                                                              ; lpm_shiftreg                      ; work         ;
;                |lpm_shiftreg:ram_data_shift_out|                                                                                        ; 50 (50)     ; 49 (49)                   ; 0 (0)         ; 0           ; 0    ; 0          ; 0            ; 0       ; 0         ; 0    ; 0            ; 0 (0)        ; 1 (1)             ; 49 (49)          ; 0          ; |vga1|sld_signaltap:auto_signaltap_0|sld_signaltap_impl:sld_signaltap_body|sld_signaltap_implb:sld_signaltap_body|sld_offload_buffer_mgr:\stp_non_zero_depth_offload_gen:stp_offload_buff_mgr_inst|lpm_shiftreg:ram_data_shift_out                                                                                                               ; lpm_shiftreg                      ; work         ;
;                |lpm_shiftreg:status_data_shift_out|                                                                                     ; 26 (26)     ; 25 (25)                   ; 0 (0)         ; 0           ; 0    ; 0          ; 0            ; 0       ; 0         ; 0    ; 0            ; 1 (1)        ; 0 (0)             ; 25 (25)          ; 0          ; |vga1|sld_signaltap:auto_signaltap_0|sld_signaltap_impl:sld_signaltap_body|sld_signaltap_implb:sld_signaltap_body|sld_offload_buffer_mgr:\stp_non_zero_depth_offload_gen:stp_offload_buff_mgr_inst|lpm_shiftreg:status_data_shift_out                                                                                                            ; lpm_shiftreg                      ; work         ;
;             |sld_rom_sr:crc_rom_sr|                                                                                                     ; 30 (30)     ; 8 (8)                     ; 0 (0)         ; 0           ; 0    ; 0          ; 0            ; 0       ; 0         ; 0    ; 0            ; 22 (22)      ; 0 (0)             ; 8 (8)            ; 0          ; |vga1|sld_signaltap:auto_signaltap_0|sld_signaltap_impl:sld_signaltap_body|sld_signaltap_implb:sld_signaltap_body|sld_rom_sr:crc_rom_sr                                                                                                                                                                                                          ; sld_rom_sr                        ; work         ;
;    |vga_calc_simulator:inst12|                                                                                                          ; 48 (48)     ; 23 (23)                   ; 0 (0)         ; 0           ; 0    ; 0          ; 0            ; 0       ; 0         ; 0    ; 0            ; 25 (25)      ; 2 (2)             ; 21 (21)          ; 0          ; |vga1|vga_calc_simulator:inst12                                                                                                                                                                                                                                                                                                                  ; vga_calc_simulator                ; work         ;
+-----------------------------------------------------------------------------------------------------------------------------------------+-------------+---------------------------+---------------+-------------+------+------------+--------------+---------+-----------+------+--------------+--------------+-------------------+------------------+------------+--------------------------------------------------------------------------------------------------------------------------------------------------------------------------------------------------------------------------------------------------------------------------------------------------------------------------------------------------+-----------------------------------+--------------+
Note: For table entries with two numbers listed, the numbers in parentheses indicate the number of resources of the given type used by the specific entity alone. The numbers listed outside of parentheses indicate the total resources of the given type used by the specific entity and all of its sub-entities in the hierarchy.


+-----------------------------------------------------------------------------------------------+
; Delay Chain Summary                                                                           ;
+---------------+----------+---------------+---------------+-----------------------+-----+------+
; Name          ; Pin Type ; Pad to Core 0 ; Pad to Core 1 ; Pad to Input Register ; TCO ; TCOE ;
+---------------+----------+---------------+---------------+-----------------------+-----+------+
; VGA_HS        ; Output   ; --            ; --            ; --                    ; --  ; --   ;
; SW[2]         ; Input    ; --            ; --            ; --                    ; --  ; --   ;
; SW[1]         ; Input    ; --            ; --            ; --                    ; --  ; --   ;
; KEY[1]        ; Input    ; --            ; --            ; --                    ; --  ; --   ;
; KEY[0]        ; Input    ; --            ; --            ; --                    ; --  ; --   ;
; VGA_VS        ; Output   ; --            ; --            ; --                    ; --  ; --   ;
; ARDUINO_IO[7] ; Output   ; --            ; --            ; --                    ; --  ; --   ;
; ARDUINO_IO[6] ; Output   ; --            ; --            ; --                    ; --  ; --   ;
; ARDUINO_IO[5] ; Output   ; --            ; --            ; --                    ; --  ; --   ;
; ARDUINO_IO[4] ; Output   ; --            ; --            ; --                    ; --  ; --   ;
; ARDUINO_IO[3] ; Output   ; --            ; --            ; --                    ; --  ; --   ;
; ARDUINO_IO[2] ; Output   ; --            ; --            ; --                    ; --  ; --   ;
; ARDUINO_IO[1] ; Output   ; --            ; --            ; --                    ; --  ; --   ;
; ARDUINO_IO[0] ; Output   ; --            ; --            ; --                    ; --  ; --   ;
; GPIO[9]       ; Output   ; --            ; --            ; --                    ; --  ; --   ;
; GPIO[8]       ; Output   ; --            ; --            ; --                    ; --  ; --   ;
; GPIO[7]       ; Output   ; --            ; --            ; --                    ; --  ; --   ;
; GPIO[6]       ; Output   ; --            ; --            ; --                    ; --  ; --   ;
; GPIO[5]       ; Output   ; --            ; --            ; --                    ; --  ; --   ;
; GPIO[4]       ; Output   ; --            ; --            ; --                    ; --  ; --   ;
; GPIO[3]       ; Output   ; --            ; --            ; --                    ; --  ; --   ;
; GPIO[2]       ; Output   ; --            ; --            ; --                    ; --  ; --   ;
; GPIO[1]       ; Output   ; --            ; --            ; --                    ; --  ; --   ;
; GPIO[0]       ; Output   ; --            ; --            ; --                    ; --  ; --   ;
; HEX0[0]       ; Output   ; --            ; --            ; --                    ; --  ; --   ;
; LEDR[9]       ; Output   ; --            ; --            ; --                    ; --  ; --   ;
; LEDR[8]       ; Output   ; --            ; --            ; --                    ; --  ; --   ;
; LEDR[7]       ; Output   ; --            ; --            ; --                    ; --  ; --   ;
; LEDR[6]       ; Output   ; --            ; --            ; --                    ; --  ; --   ;
; LEDR[5]       ; Output   ; --            ; --            ; --                    ; --  ; --   ;
; LEDR[4]       ; Output   ; --            ; --            ; --                    ; --  ; --   ;
; LEDR[3]       ; Output   ; --            ; --            ; --                    ; --  ; --   ;
; LEDR[2]       ; Output   ; --            ; --            ; --                    ; --  ; --   ;
; LEDR[1]       ; Output   ; --            ; --            ; --                    ; --  ; --   ;
; LEDR[0]       ; Output   ; --            ; --            ; --                    ; --  ; --   ;
; VGA_B[3]      ; Output   ; --            ; --            ; --                    ; --  ; --   ;
; VGA_B[2]      ; Output   ; --            ; --            ; --                    ; --  ; --   ;
; VGA_B[1]      ; Output   ; --            ; --            ; --                    ; --  ; --   ;
; VGA_B[0]      ; Output   ; --            ; --            ; --                    ; --  ; --   ;
; VGA_G[3]      ; Output   ; --            ; --            ; --                    ; --  ; --   ;
; VGA_G[2]      ; Output   ; --            ; --            ; --                    ; --  ; --   ;
; VGA_G[1]      ; Output   ; --            ; --            ; --                    ; --  ; --   ;
; VGA_G[0]      ; Output   ; --            ; --            ; --                    ; --  ; --   ;
; VGA_R[3]      ; Output   ; --            ; --            ; --                    ; --  ; --   ;
; VGA_R[2]      ; Output   ; --            ; --            ; --                    ; --  ; --   ;
; VGA_R[1]      ; Output   ; --            ; --            ; --                    ; --  ; --   ;
; VGA_R[0]      ; Output   ; --            ; --            ; --                    ; --  ; --   ;
; SW[0]         ; Input    ; (6) 868 ps    ; --            ; --                    ; --  ; --   ;
; MAX10_CLK1_50 ; Input    ; --            ; --            ; --                    ; --  ; --   ;
+---------------+----------+---------------+---------------+-----------------------+-----+------+


+-------------------------------------------------------------------------------------------------------------------+
; Pad To Core Delay Chain Fanout                                                                                    ;
+-------------------------------------------------------------------------------------+-------------------+---------+
; Source Pin / Fanout                                                                 ; Pad To Core Index ; Setting ;
+-------------------------------------------------------------------------------------+-------------------+---------+
; SW[2]                                                                               ;                   ;         ;
; SW[1]                                                                               ;                   ;         ;
; KEY[1]                                                                              ;                   ;         ;
; KEY[0]                                                                              ;                   ;         ;
; SW[0]                                                                               ;                   ;         ;
;      - VGA_drvr:inst|blue[0]                                                        ; 0                 ; 6       ;
;      - VGA_drvr:inst|blue[1]                                                        ; 0                 ; 6       ;
;      - VGA_drvr:inst|blue[2]                                                        ; 0                 ; 6       ;
;      - VGA_drvr:inst|blue[3]                                                        ; 0                 ; 6       ;
;      - VGA_drvr:inst|v_count[0]                                                     ; 0                 ; 6       ;
;      - VGA_drvr:inst|v_count[1]                                                     ; 0                 ; 6       ;
;      - VGA_drvr:inst|v_count[2]                                                     ; 0                 ; 6       ;
;      - VGA_drvr:inst|v_count[3]                                                     ; 0                 ; 6       ;
;      - VGA_drvr:inst|v_count[4]                                                     ; 0                 ; 6       ;
;      - VGA_drvr:inst|v_count[5]                                                     ; 0                 ; 6       ;
;      - VGA_drvr:inst|v_count[6]                                                     ; 0                 ; 6       ;
;      - VGA_drvr:inst|v_count[7]                                                     ; 0                 ; 6       ;
;      - VGA_drvr:inst|v_count[8]                                                     ; 0                 ; 6       ;
;      - VGA_drvr:inst|v_count[9]                                                     ; 0                 ; 6       ;
;      - mandelbrot_pixel_core:inst6|done                                             ; 0                 ; 6       ;
;      - mandelbrot_pixel_core:inst6|running                                          ; 0                 ; 6       ;
;      - vga_calc_simulator:inst12|calc_x[1]                                          ; 0                 ; 6       ;
;      - vga_calc_simulator:inst12|calc_x[2]                                          ; 0                 ; 6       ;
;      - vga_calc_simulator:inst12|calc_x[3]                                          ; 0                 ; 6       ;
;      - vga_calc_simulator:inst12|calc_x[4]                                          ; 0                 ; 6       ;
;      - vga_calc_simulator:inst12|calc_x[5]                                          ; 0                 ; 6       ;
;      - vga_calc_simulator:inst12|calc_x[6]                                          ; 0                 ; 6       ;
;      - vga_calc_simulator:inst12|calc_x[9]                                          ; 0                 ; 6       ;
;      - vga_calc_simulator:inst12|calc_x[8]                                          ; 0                 ; 6       ;
;      - vga_calc_simulator:inst12|calc_x[7]                                          ; 0                 ; 6       ;
;      - mandelbrot_pixel_core:inst6|zi[0]~_Duplicate_6                               ; 0                 ; 6       ;
;      - VGA_drvr:inst|h_count[6]                                                     ; 0                 ; 6       ;
;      - VGA_drvr:inst|h_count[7]                                                     ; 0                 ; 6       ;
;      - VGA_drvr:inst|h_count[0]                                                     ; 0                 ; 6       ;
;      - VGA_drvr:inst|h_count[1]                                                     ; 0                 ; 6       ;
;      - VGA_drvr:inst|h_count[2]                                                     ; 0                 ; 6       ;
;      - VGA_drvr:inst|h_count[3]                                                     ; 0                 ; 6       ;
;      - VGA_drvr:inst|h_count[4]                                                     ; 0                 ; 6       ;
;      - VGA_drvr:inst|h_count[5]                                                     ; 0                 ; 6       ;
;      - VGA_drvr:inst|h_count[8]                                                     ; 0                 ; 6       ;
;      - VGA_drvr:inst|h_count[9]                                                     ; 0                 ; 6       ;
;      - mandelbrot_pixel_core:inst6|iter[7]                                          ; 0                 ; 6       ;
;      - mandelbrot_pixel_core:inst6|iter[6]                                          ; 0                 ; 6       ;
;      - mandelbrot_pixel_core:inst6|iter[5]                                          ; 0                 ; 6       ;
;      - mandelbrot_pixel_core:inst6|iter[4]                                          ; 0                 ; 6       ;
;      - mandelbrot_pixel_core:inst6|iter[3]                                          ; 0                 ; 6       ;
;      - mandelbrot_pixel_core:inst6|iter[2]                                          ; 0                 ; 6       ;
;      - mandelbrot_pixel_core:inst6|iter[1]                                          ; 0                 ; 6       ;
;      - mandelbrot_pixel_core:inst6|iter[0]                                          ; 0                 ; 6       ;
;      - vga_calc_simulator:inst12|calc_y[1]                                          ; 0                 ; 6       ;
;      - vga_calc_simulator:inst12|calc_y[2]                                          ; 0                 ; 6       ;
;      - vga_calc_simulator:inst12|calc_y[3]                                          ; 0                 ; 6       ;
;      - vga_calc_simulator:inst12|calc_y[4]                                          ; 0                 ; 6       ;
;      - vga_calc_simulator:inst12|calc_y[5]                                          ; 0                 ; 6       ;
;      - vga_calc_simulator:inst12|calc_y[6]                                          ; 0                 ; 6       ;
;      - vga_calc_simulator:inst12|calc_y[7]                                          ; 0                 ; 6       ;
;      - vga_calc_simulator:inst12|calc_y[8]                                          ; 0                 ; 6       ;
;      - VGA_drvr:inst|green[3]                                                       ; 0                 ; 6       ;
;      - VGA_drvr:inst|green[2]                                                       ; 0                 ; 6       ;
;      - VGA_drvr:inst|green[1]                                                       ; 0                 ; 6       ;
;      - VGA_drvr:inst|green[0]                                                       ; 0                 ; 6       ;
;      - VGA_drvr:inst|red[3]                                                         ; 0                 ; 6       ;
;      - VGA_drvr:inst|red[2]                                                         ; 0                 ; 6       ;
;      - VGA_drvr:inst|red[1]                                                         ; 0                 ; 6       ;
;      - VGA_drvr:inst|red[0]                                                         ; 0                 ; 6       ;
;      - vga_calc_simulator:inst12|mandel_start                                       ; 0                 ; 6       ;
;      - mandelbrot_pixel_core:inst6|zr[0]~_Duplicate_6                               ; 0                 ; 6       ;
;      - vga_calc_simulator:inst12|state.ST_START_CORE                                ; 0                 ; 6       ;
;      - vga_calc_simulator:inst12|ram_we                                             ; 0                 ; 6       ;
;      - vga_calc_simulator:inst12|state.ST_IDLE                                      ; 0                 ; 6       ;
;      - vga_calc_simulator:inst12|state.ST_WRITE_RAM                                 ; 0                 ; 6       ;
;      - vga_calc_simulator:inst12|state.ST_WAIT_CORE                                 ; 0                 ; 6       ;
;      - sld_signaltap:auto_signaltap_0|acq_data_in_reg[36]                           ; 0                 ; 6       ;
;      - mandelbrot_pixel_core:inst6|lpm_mult:Mult1|mult_qgs:auto_generated|mac_mult7 ; 0                 ; 6       ;
;      - mandelbrot_pixel_core:inst6|lpm_mult:Mult1|mult_qgs:auto_generated|mac_mult5 ; 0                 ; 6       ;
;      - mandelbrot_pixel_core:inst6|lpm_mult:Mult1|mult_qgs:auto_generated|mac_mult3 ; 0                 ; 6       ;
;      - mandelbrot_pixel_core:inst6|lpm_mult:Mult1|mult_qgs:auto_generated|mac_mult1 ; 0                 ; 6       ;
;      - mandelbrot_pixel_core:inst6|lpm_mult:Mult0|mult_qgs:auto_generated|mac_mult7 ; 0                 ; 6       ;
;      - mandelbrot_pixel_core:inst6|lpm_mult:Mult0|mult_qgs:auto_generated|mac_mult5 ; 0                 ; 6       ;
;      - mandelbrot_pixel_core:inst6|lpm_mult:Mult0|mult_qgs:auto_generated|mac_mult3 ; 0                 ; 6       ;
;      - mandelbrot_pixel_core:inst6|lpm_mult:Mult0|mult_qgs:auto_generated|mac_mult1 ; 0                 ; 6       ;
;      - mandelbrot_pixel_core:inst6|lpm_mult:Mult2|mult_qgs:auto_generated|mac_mult1 ; 0                 ; 6       ;
;      - mandelbrot_pixel_core:inst6|lpm_mult:Mult2|mult_qgs:auto_generated|mac_mult3 ; 0                 ; 6       ;
;      - mandelbrot_pixel_core:inst6|lpm_mult:Mult2|mult_qgs:auto_generated|mac_mult5 ; 0                 ; 6       ;
;      - mandelbrot_pixel_core:inst6|lpm_mult:Mult2|mult_qgs:auto_generated|mac_mult7 ; 0                 ; 6       ;
; MAX10_CLK1_50                                                                       ;                   ;         ;
+-------------------------------------------------------------------------------------+-------------------+---------+


+--------------------------------------------------------------------------------------------------------------------------------------------------------------------------------------------------------------------------------------------------------------------------------------------------------------------------------------------------------------------------------------------------------------------------------------------------------------------------------------------------------+
; Control Signals                                                                                                                                                                                                                                                                                                                                                                                                                                                                                        ;
+-------------------------------------------------------------------------------------------------------------------------------------------------------------------------------------------------------------------------------------------------------------------------------------------------------------------------------------------------------------+--------------------+---------+----------------------------+--------+----------------------+------------------+---------------------------+
; Name                                                                                                                                                                                                                                                                                                                                                        ; Location           ; Fan-Out ; Usage                      ; Global ; Global Resource Used ; Global Line Name ; Enable Signal Source Name ;
+-------------------------------------------------------------------------------------------------------------------------------------------------------------------------------------------------------------------------------------------------------------------------------------------------------------------------------------------------------------+--------------------+---------+----------------------------+--------+----------------------+------------------+---------------------------+
; MAX10_CLK1_50                                                                                                                                                                                                                                                                                                                                               ; PIN_P11            ; 1       ; Clock                      ; no     ; --                   ; --               ; --                        ;
; SW[0]                                                                                                                                                                                                                                                                                                                                                       ; PIN_C10            ; 80      ; Async. clear               ; no     ; --                   ; --               ; --                        ;
; VGA_drvr:inst|LessThan5~2                                                                                                                                                                                                                                                                                                                                   ; LCCOMB_X43_Y21_N10 ; 28      ; Clock enable, Sync. clear  ; no     ; --                   ; --               ; --                        ;
; altera_internal_jtag~TCKUTAP                                                                                                                                                                                                                                                                                                                                ; JTAG_X43_Y40_N0    ; 439     ; Clock                      ; yes    ; Global Clock         ; GCLK13           ; --                        ;
; altera_internal_jtag~TMSUTAP                                                                                                                                                                                                                                                                                                                                ; JTAG_X43_Y40_N0    ; 23      ; Sync. clear                ; no     ; --                   ; --               ; --                        ;
; color_mapper:inst3|process_0~2                                                                                                                                                                                                                                                                                                                              ; LCCOMB_X44_Y17_N4  ; 9       ; Sync. load                 ; no     ; --                   ; --               ; --                        ;
; mandelbrot_pixel_core:inst6|iter[7]~28                                                                                                                                                                                                                                                                                                                      ; LCCOMB_X43_Y28_N28 ; 22      ; Clock enable               ; no     ; --                   ; --               ; --                        ;
; memory2:inst11|altsyncram:ram_block_rtl_0|altsyncram_a4c1:auto_generated|decode_19a:decode2|w_anode1149w[3]~0                                                                                                                                                                                                                                               ; LCCOMB_X54_Y23_N16 ; 8       ; Clock enable, Write enable ; no     ; --                   ; --               ; --                        ;
; memory2:inst11|altsyncram:ram_block_rtl_0|altsyncram_a4c1:auto_generated|decode_19a:decode2|w_anode1166w[3]~0                                                                                                                                                                                                                                               ; LCCOMB_X54_Y23_N6  ; 8       ; Clock enable, Write enable ; no     ; --                   ; --               ; --                        ;
; memory2:inst11|altsyncram:ram_block_rtl_0|altsyncram_a4c1:auto_generated|decode_19a:decode2|w_anode1176w[3]~0                                                                                                                                                                                                                                               ; LCCOMB_X54_Y23_N4  ; 8       ; Clock enable, Write enable ; no     ; --                   ; --               ; --                        ;
; memory2:inst11|altsyncram:ram_block_rtl_0|altsyncram_a4c1:auto_generated|decode_19a:decode2|w_anode1186w[3]~0                                                                                                                                                                                                                                               ; LCCOMB_X54_Y23_N18 ; 8       ; Clock enable, Write enable ; no     ; --                   ; --               ; --                        ;
; memory2:inst11|altsyncram:ram_block_rtl_0|altsyncram_a4c1:auto_generated|decode_19a:decode2|w_anode1196w[3]~1                                                                                                                                                                                                                                               ; LCCOMB_X54_Y23_N24 ; 8       ; Clock enable, Write enable ; no     ; --                   ; --               ; --                        ;
; memory2:inst11|altsyncram:ram_block_rtl_0|altsyncram_a4c1:auto_generated|decode_19a:decode2|w_anode1206w[3]~1                                                                                                                                                                                                                                               ; LCCOMB_X54_Y23_N22 ; 8       ; Clock enable, Write enable ; no     ; --                   ; --               ; --                        ;
; memory2:inst11|altsyncram:ram_block_rtl_0|altsyncram_a4c1:auto_generated|decode_19a:decode2|w_anode1216w[3]~0                                                                                                                                                                                                                                               ; LCCOMB_X54_Y23_N20 ; 8       ; Clock enable, Write enable ; no     ; --                   ; --               ; --                        ;
; memory2:inst11|altsyncram:ram_block_rtl_0|altsyncram_a4c1:auto_generated|decode_19a:decode2|w_anode1226w[3]~0                                                                                                                                                                                                                                               ; LCCOMB_X54_Y23_N10 ; 8       ; Clock enable, Write enable ; no     ; --                   ; --               ; --                        ;
; memory2:inst11|altsyncram:ram_block_rtl_0|altsyncram_a4c1:auto_generated|decode_19a:decode2|w_anode1245w[3]~0                                                                                                                                                                                                                                               ; LCCOMB_X54_Y23_N0  ; 8       ; Clock enable, Write enable ; no     ; --                   ; --               ; --                        ;
; memory2:inst11|altsyncram:ram_block_rtl_0|altsyncram_a4c1:auto_generated|decode_19a:decode2|w_anode1256w[3]~0                                                                                                                                                                                                                                               ; LCCOMB_X54_Y23_N14 ; 8       ; Clock enable, Write enable ; no     ; --                   ; --               ; --                        ;
; memory2:inst11|altsyncram:ram_block_rtl_0|altsyncram_a4c1:auto_generated|decode_19a:decode2|w_anode1266w[3]~0                                                                                                                                                                                                                                               ; LCCOMB_X54_Y23_N28 ; 8       ; Clock enable, Write enable ; no     ; --                   ; --               ; --                        ;
; memory2:inst11|altsyncram:ram_block_rtl_0|altsyncram_a4c1:auto_generated|decode_19a:decode2|w_anode1276w[3]~0                                                                                                                                                                                                                                               ; LCCOMB_X54_Y23_N26 ; 8       ; Clock enable, Write enable ; no     ; --                   ; --               ; --                        ;
; memory2:inst11|altsyncram:ram_block_rtl_0|altsyncram_a4c1:auto_generated|decode_19a:decode2|w_anode1286w[3]~0                                                                                                                                                                                                                                               ; LCCOMB_X54_Y23_N8  ; 8       ; Clock enable, Write enable ; no     ; --                   ; --               ; --                        ;
; memory2:inst11|altsyncram:ram_block_rtl_0|altsyncram_a4c1:auto_generated|decode_19a:decode2|w_anode1296w[3]~0                                                                                                                                                                                                                                               ; LCCOMB_X54_Y23_N30 ; 8       ; Clock enable, Write enable ; no     ; --                   ; --               ; --                        ;
; memory2:inst11|altsyncram:ram_block_rtl_0|altsyncram_a4c1:auto_generated|decode_19a:decode2|w_anode1306w[3]~0                                                                                                                                                                                                                                               ; LCCOMB_X54_Y23_N12 ; 8       ; Clock enable, Write enable ; no     ; --                   ; --               ; --                        ;
; memory2:inst11|altsyncram:ram_block_rtl_0|altsyncram_a4c1:auto_generated|decode_19a:decode2|w_anode1316w[3]~0                                                                                                                                                                                                                                               ; LCCOMB_X54_Y23_N2  ; 8       ; Clock enable, Write enable ; no     ; --                   ; --               ; --                        ;
; memory2:inst11|altsyncram:ram_block_rtl_0|altsyncram_a4c1:auto_generated|decode_qk9:rden_decode_b|w_anode1331w[3]                                                                                                                                                                                                                                           ; LCCOMB_X51_Y20_N2  ; 8       ; Clock enable               ; no     ; --                   ; --               ; --                        ;
; memory2:inst11|altsyncram:ram_block_rtl_0|altsyncram_a4c1:auto_generated|decode_qk9:rden_decode_b|w_anode1348w[3]~0                                                                                                                                                                                                                                         ; LCCOMB_X51_Y20_N16 ; 8       ; Clock enable               ; no     ; --                   ; --               ; --                        ;
; memory2:inst11|altsyncram:ram_block_rtl_0|altsyncram_a4c1:auto_generated|decode_qk9:rden_decode_b|w_anode1358w[3]~0                                                                                                                                                                                                                                         ; LCCOMB_X51_Y20_N22 ; 8       ; Clock enable               ; no     ; --                   ; --               ; --                        ;
; memory2:inst11|altsyncram:ram_block_rtl_0|altsyncram_a4c1:auto_generated|decode_qk9:rden_decode_b|w_anode1368w[3]~0                                                                                                                                                                                                                                         ; LCCOMB_X51_Y20_N28 ; 8       ; Clock enable               ; no     ; --                   ; --               ; --                        ;
; memory2:inst11|altsyncram:ram_block_rtl_0|altsyncram_a4c1:auto_generated|decode_qk9:rden_decode_b|w_anode1378w[3]~0                                                                                                                                                                                                                                         ; LCCOMB_X51_Y20_N10 ; 8       ; Clock enable               ; no     ; --                   ; --               ; --                        ;
; memory2:inst11|altsyncram:ram_block_rtl_0|altsyncram_a4c1:auto_generated|decode_qk9:rden_decode_b|w_anode1388w[3]~0                                                                                                                                                                                                                                         ; LCCOMB_X51_Y20_N0  ; 8       ; Clock enable               ; no     ; --                   ; --               ; --                        ;
; memory2:inst11|altsyncram:ram_block_rtl_0|altsyncram_a4c1:auto_generated|decode_qk9:rden_decode_b|w_anode1398w[3]~0                                                                                                                                                                                                                                         ; LCCOMB_X51_Y20_N6  ; 8       ; Clock enable               ; no     ; --                   ; --               ; --                        ;
; memory2:inst11|altsyncram:ram_block_rtl_0|altsyncram_a4c1:auto_generated|decode_qk9:rden_decode_b|w_anode1408w[3]~0                                                                                                                                                                                                                                         ; LCCOMB_X51_Y20_N4  ; 8       ; Clock enable               ; no     ; --                   ; --               ; --                        ;
; memory2:inst11|altsyncram:ram_block_rtl_0|altsyncram_a4c1:auto_generated|decode_qk9:rden_decode_b|w_anode1418w[3]~0                                                                                                                                                                                                                                         ; LCCOMB_X51_Y20_N18 ; 8       ; Clock enable               ; no     ; --                   ; --               ; --                        ;
; memory2:inst11|altsyncram:ram_block_rtl_0|altsyncram_a4c1:auto_generated|decode_qk9:rden_decode_b|w_anode1429w[3]~0                                                                                                                                                                                                                                         ; LCCOMB_X51_Y20_N8  ; 8       ; Clock enable               ; no     ; --                   ; --               ; --                        ;
; memory2:inst11|altsyncram:ram_block_rtl_0|altsyncram_a4c1:auto_generated|decode_qk9:rden_decode_b|w_anode1439w[3]~0                                                                                                                                                                                                                                         ; LCCOMB_X51_Y20_N14 ; 8       ; Clock enable               ; no     ; --                   ; --               ; --                        ;
; memory2:inst11|altsyncram:ram_block_rtl_0|altsyncram_a4c1:auto_generated|decode_qk9:rden_decode_b|w_anode1449w[3]~0                                                                                                                                                                                                                                         ; LCCOMB_X51_Y20_N20 ; 8       ; Clock enable               ; no     ; --                   ; --               ; --                        ;
; memory2:inst11|altsyncram:ram_block_rtl_0|altsyncram_a4c1:auto_generated|decode_qk9:rden_decode_b|w_anode1459w[3]~0                                                                                                                                                                                                                                         ; LCCOMB_X51_Y20_N26 ; 8       ; Clock enable               ; no     ; --                   ; --               ; --                        ;
; memory2:inst11|altsyncram:ram_block_rtl_0|altsyncram_a4c1:auto_generated|decode_qk9:rden_decode_b|w_anode1469w[3]~0                                                                                                                                                                                                                                         ; LCCOMB_X51_Y20_N24 ; 8       ; Clock enable               ; no     ; --                   ; --               ; --                        ;
; memory2:inst11|altsyncram:ram_block_rtl_0|altsyncram_a4c1:auto_generated|decode_qk9:rden_decode_b|w_anode1479w[3]~0                                                                                                                                                                                                                                         ; LCCOMB_X51_Y20_N30 ; 8       ; Clock enable               ; no     ; --                   ; --               ; --                        ;
; memory2:inst11|altsyncram:ram_block_rtl_0|altsyncram_a4c1:auto_generated|decode_qk9:rden_decode_b|w_anode1489w[3]~0                                                                                                                                                                                                                                         ; LCCOMB_X51_Y20_N12 ; 8       ; Clock enable               ; no     ; --                   ; --               ; --                        ;
; memory2:inst11|altsyncram:ram_block_rtl_0|altsyncram_a4c1:auto_generated|mux_h3b:mux3|result_node[6]~48                                                                                                                                                                                                                                                     ; LCCOMB_X54_Y17_N6  ; 13      ; Sync. load                 ; no     ; --                   ; --               ; --                        ;
; pll_25MHz:inst1|altpll:altpll_component|pll_25MHz_altpll:auto_generated|wire_pll1_clk[0]                                                                                                                                                                                                                                                                    ; PLL_1              ; 284     ; Clock                      ; yes    ; Global Clock         ; GCLK18           ; --                        ;
; pll_25MHz:inst1|altpll:altpll_component|pll_25MHz_altpll:auto_generated|wire_pll1_clk[1]                                                                                                                                                                                                                                                                    ; PLL_1              ; 486     ; Clock                      ; yes    ; Global Clock         ; GCLK19           ; --                        ;
; sld_hub:auto_hub|alt_sld_fab_with_jtag_input:\instrumentation_fabric_with_node_gen:fabric_gen_new_way:with_jtag_input_gen:instrumentation_fabric|alt_sld_fab:instrumentation_fabric|alt_sld_fab_alt_sld_fab:alt_sld_fab|alt_sld_fab_alt_sld_fab_sldfabric:sldfabric|sld_jtag_hub:\jtag_hub_gen:real_sld_jtag_hub|clr_reg                                    ; FF_X46_Y36_N17     ; 27      ; Async. clear               ; no     ; --                   ; --               ; --                        ;
; sld_hub:auto_hub|alt_sld_fab_with_jtag_input:\instrumentation_fabric_with_node_gen:fabric_gen_new_way:with_jtag_input_gen:instrumentation_fabric|alt_sld_fab:instrumentation_fabric|alt_sld_fab_alt_sld_fab:alt_sld_fab|alt_sld_fab_alt_sld_fab_sldfabric:sldfabric|sld_jtag_hub:\jtag_hub_gen:real_sld_jtag_hub|design_hash_proc~0                         ; LCCOMB_X44_Y35_N22 ; 4       ; Sync. load                 ; no     ; --                   ; --               ; --                        ;
; sld_hub:auto_hub|alt_sld_fab_with_jtag_input:\instrumentation_fabric_with_node_gen:fabric_gen_new_way:with_jtag_input_gen:instrumentation_fabric|alt_sld_fab:instrumentation_fabric|alt_sld_fab_alt_sld_fab:alt_sld_fab|alt_sld_fab_alt_sld_fab_sldfabric:sldfabric|sld_jtag_hub:\jtag_hub_gen:real_sld_jtag_hub|hub_info_reg_ena                           ; LCCOMB_X44_Y35_N16 ; 4       ; Clock enable               ; no     ; --                   ; --               ; --                        ;
; sld_hub:auto_hub|alt_sld_fab_with_jtag_input:\instrumentation_fabric_with_node_gen:fabric_gen_new_way:with_jtag_input_gen:instrumentation_fabric|alt_sld_fab:instrumentation_fabric|alt_sld_fab_alt_sld_fab:alt_sld_fab|alt_sld_fab_alt_sld_fab_sldfabric:sldfabric|sld_jtag_hub:\jtag_hub_gen:real_sld_jtag_hub|hub_info_reg_ena~0                         ; LCCOMB_X47_Y37_N4  ; 5       ; Clock enable               ; no     ; --                   ; --               ; --                        ;
; sld_hub:auto_hub|alt_sld_fab_with_jtag_input:\instrumentation_fabric_with_node_gen:fabric_gen_new_way:with_jtag_input_gen:instrumentation_fabric|alt_sld_fab:instrumentation_fabric|alt_sld_fab_alt_sld_fab:alt_sld_fab|alt_sld_fab_alt_sld_fab_sldfabric:sldfabric|sld_jtag_hub:\jtag_hub_gen:real_sld_jtag_hub|identity_contrib_shift_reg[0]~1            ; LCCOMB_X45_Y35_N28 ; 4       ; Clock enable               ; no     ; --                   ; --               ; --                        ;
; sld_hub:auto_hub|alt_sld_fab_with_jtag_input:\instrumentation_fabric_with_node_gen:fabric_gen_new_way:with_jtag_input_gen:instrumentation_fabric|alt_sld_fab:instrumentation_fabric|alt_sld_fab_alt_sld_fab:alt_sld_fab|alt_sld_fab_alt_sld_fab_sldfabric:sldfabric|sld_jtag_hub:\jtag_hub_gen:real_sld_jtag_hub|irf_reg[1][0]~0                            ; LCCOMB_X47_Y37_N20 ; 10      ; Clock enable               ; no     ; --                   ; --               ; --                        ;
; sld_hub:auto_hub|alt_sld_fab_with_jtag_input:\instrumentation_fabric_with_node_gen:fabric_gen_new_way:with_jtag_input_gen:instrumentation_fabric|alt_sld_fab:instrumentation_fabric|alt_sld_fab_alt_sld_fab:alt_sld_fab|alt_sld_fab_alt_sld_fab_sldfabric:sldfabric|sld_jtag_hub:\jtag_hub_gen:real_sld_jtag_hub|irf_reg[1][4]                              ; FF_X46_Y34_N17     ; 30      ; Clock enable               ; no     ; --                   ; --               ; --                        ;
; sld_hub:auto_hub|alt_sld_fab_with_jtag_input:\instrumentation_fabric_with_node_gen:fabric_gen_new_way:with_jtag_input_gen:instrumentation_fabric|alt_sld_fab:instrumentation_fabric|alt_sld_fab_alt_sld_fab:alt_sld_fab|alt_sld_fab_alt_sld_fab_sldfabric:sldfabric|sld_jtag_hub:\jtag_hub_gen:real_sld_jtag_hub|irf_reg[1][7]                              ; FF_X46_Y34_N15     ; 31      ; Clock enable               ; no     ; --                   ; --               ; --                        ;
; sld_hub:auto_hub|alt_sld_fab_with_jtag_input:\instrumentation_fabric_with_node_gen:fabric_gen_new_way:with_jtag_input_gen:instrumentation_fabric|alt_sld_fab:instrumentation_fabric|alt_sld_fab_alt_sld_fab:alt_sld_fab|alt_sld_fab_alt_sld_fab_sldfabric:sldfabric|sld_jtag_hub:\jtag_hub_gen:real_sld_jtag_hub|irsr_reg[2]~2                              ; LCCOMB_X45_Y34_N16 ; 9       ; Clock enable               ; no     ; --                   ; --               ; --                        ;
; sld_hub:auto_hub|alt_sld_fab_with_jtag_input:\instrumentation_fabric_with_node_gen:fabric_gen_new_way:with_jtag_input_gen:instrumentation_fabric|alt_sld_fab:instrumentation_fabric|alt_sld_fab_alt_sld_fab:alt_sld_fab|alt_sld_fab_alt_sld_fab_sldfabric:sldfabric|sld_jtag_hub:\jtag_hub_gen:real_sld_jtag_hub|mixer_addr_reg_internal[4]~19              ; LCCOMB_X44_Y35_N28 ; 5       ; Clock enable               ; no     ; --                   ; --               ; --                        ;
; sld_hub:auto_hub|alt_sld_fab_with_jtag_input:\instrumentation_fabric_with_node_gen:fabric_gen_new_way:with_jtag_input_gen:instrumentation_fabric|alt_sld_fab:instrumentation_fabric|alt_sld_fab_alt_sld_fab:alt_sld_fab|alt_sld_fab_alt_sld_fab_sldfabric:sldfabric|sld_jtag_hub:\jtag_hub_gen:real_sld_jtag_hub|mixer_addr_reg_internal[4]~20              ; LCCOMB_X43_Y35_N28 ; 5       ; Sync. load                 ; no     ; --                   ; --               ; --                        ;
; sld_hub:auto_hub|alt_sld_fab_with_jtag_input:\instrumentation_fabric_with_node_gen:fabric_gen_new_way:with_jtag_input_gen:instrumentation_fabric|alt_sld_fab:instrumentation_fabric|alt_sld_fab_alt_sld_fab:alt_sld_fab|alt_sld_fab_alt_sld_fab_sldfabric:sldfabric|sld_jtag_hub:\jtag_hub_gen:real_sld_jtag_hub|reset_ena_reg_proc~0                       ; LCCOMB_X47_Y37_N0  ; 3       ; Clock enable               ; no     ; --                   ; --               ; --                        ;
; sld_hub:auto_hub|alt_sld_fab_with_jtag_input:\instrumentation_fabric_with_node_gen:fabric_gen_new_way:with_jtag_input_gen:instrumentation_fabric|alt_sld_fab:instrumentation_fabric|alt_sld_fab_alt_sld_fab:alt_sld_fab|alt_sld_fab_alt_sld_fab_sldfabric:sldfabric|sld_jtag_hub:\jtag_hub_gen:real_sld_jtag_hub|sld_rom_sr:hub_info_reg|WORD_SR[1]~17      ; LCCOMB_X44_Y35_N0  ; 4       ; Clock enable               ; no     ; --                   ; --               ; --                        ;
; sld_hub:auto_hub|alt_sld_fab_with_jtag_input:\instrumentation_fabric_with_node_gen:fabric_gen_new_way:with_jtag_input_gen:instrumentation_fabric|alt_sld_fab:instrumentation_fabric|alt_sld_fab_alt_sld_fab:alt_sld_fab|alt_sld_fab_alt_sld_fab_sldfabric:sldfabric|sld_jtag_hub:\jtag_hub_gen:real_sld_jtag_hub|sld_rom_sr:hub_info_reg|word_counter[0]~13 ; LCCOMB_X44_Y36_N0  ; 5       ; Sync. clear                ; no     ; --                   ; --               ; --                        ;
; sld_hub:auto_hub|alt_sld_fab_with_jtag_input:\instrumentation_fabric_with_node_gen:fabric_gen_new_way:with_jtag_input_gen:instrumentation_fabric|alt_sld_fab:instrumentation_fabric|alt_sld_fab_alt_sld_fab:alt_sld_fab|alt_sld_fab_alt_sld_fab_sldfabric:sldfabric|sld_jtag_hub:\jtag_hub_gen:real_sld_jtag_hub|sld_rom_sr:hub_info_reg|word_counter[0]~20 ; LCCOMB_X44_Y36_N30 ; 5       ; Clock enable               ; no     ; --                   ; --               ; --                        ;
; sld_hub:auto_hub|alt_sld_fab_with_jtag_input:\instrumentation_fabric_with_node_gen:fabric_gen_new_way:with_jtag_input_gen:instrumentation_fabric|alt_sld_fab:instrumentation_fabric|alt_sld_fab_alt_sld_fab:alt_sld_fab|alt_sld_fab_alt_sld_fab_sldfabric:sldfabric|sld_jtag_hub:\jtag_hub_gen:real_sld_jtag_hub|sld_shadow_jsm:shadow_jsm|state[0]         ; FF_X46_Y36_N27     ; 15      ; Async. clear               ; no     ; --                   ; --               ; --                        ;
; sld_hub:auto_hub|alt_sld_fab_with_jtag_input:\instrumentation_fabric_with_node_gen:fabric_gen_new_way:with_jtag_input_gen:instrumentation_fabric|alt_sld_fab:instrumentation_fabric|alt_sld_fab_alt_sld_fab:alt_sld_fab|alt_sld_fab_alt_sld_fab_sldfabric:sldfabric|sld_jtag_hub:\jtag_hub_gen:real_sld_jtag_hub|sld_shadow_jsm:shadow_jsm|state[11]        ; FF_X46_Y36_N19     ; 12      ; Clock enable               ; no     ; --                   ; --               ; --                        ;
; sld_hub:auto_hub|alt_sld_fab_with_jtag_input:\instrumentation_fabric_with_node_gen:fabric_gen_new_way:with_jtag_input_gen:instrumentation_fabric|alt_sld_fab:instrumentation_fabric|alt_sld_fab_alt_sld_fab:alt_sld_fab|alt_sld_fab_alt_sld_fab_sldfabric:sldfabric|sld_jtag_hub:\jtag_hub_gen:real_sld_jtag_hub|sld_shadow_jsm:shadow_jsm|state[3]         ; FF_X46_Y36_N23     ; 36      ; Sync. load                 ; no     ; --                   ; --               ; --                        ;
; sld_hub:auto_hub|alt_sld_fab_with_jtag_input:\instrumentation_fabric_with_node_gen:fabric_gen_new_way:with_jtag_input_gen:instrumentation_fabric|alt_sld_fab:instrumentation_fabric|alt_sld_fab_alt_sld_fab:alt_sld_fab|alt_sld_fab_alt_sld_fab_sldfabric:sldfabric|sld_jtag_hub:\jtag_hub_gen:real_sld_jtag_hub|sld_shadow_jsm:shadow_jsm|state[4]         ; FF_X47_Y37_N25     ; 32      ; Sync. load                 ; no     ; --                   ; --               ; --                        ;
; sld_hub:auto_hub|alt_sld_fab_with_jtag_input:\instrumentation_fabric_with_node_gen:fabric_gen_new_way:with_jtag_input_gen:instrumentation_fabric|alt_sld_fab:instrumentation_fabric|alt_sld_fab_alt_sld_fab:alt_sld_fab|alt_sld_fab_alt_sld_fab_sldfabric:sldfabric|sld_jtag_hub:\jtag_hub_gen:real_sld_jtag_hub|virtual_ir_dr_scan_proc~0                  ; LCCOMB_X46_Y36_N0  ; 3       ; Clock enable               ; no     ; --                   ; --               ; --                        ;
; sld_hub:auto_hub|alt_sld_fab_with_jtag_input:\instrumentation_fabric_with_node_gen:fabric_gen_new_way:with_jtag_input_gen:instrumentation_fabric|alt_sld_fab:instrumentation_fabric|alt_sld_fab_alt_sld_fab:alt_sld_fab|alt_sld_fab_alt_sld_fab_sldfabric:sldfabric|sld_jtag_hub:\jtag_hub_gen:real_sld_jtag_hub|virtual_ir_scan_reg                        ; FF_X45_Y36_N9      ; 34      ; Async. clear, Clock enable ; no     ; --                   ; --               ; --                        ;
; sld_hub:auto_hub|alt_sld_fab_with_jtag_input:\instrumentation_fabric_with_node_gen:fabric_gen_new_way:with_jtag_input_gen:instrumentation_fabric|alt_sld_fab:instrumentation_fabric|alt_sld_fab_alt_sld_fab:alt_sld_fab|sldfabric_ident_writedata[0]~0                                                                                                      ; LCCOMB_X45_Y35_N14 ; 4       ; Clock enable               ; no     ; --                   ; --               ; --                        ;
; sld_signaltap:auto_signaltap_0|sld_signaltap_impl:sld_signaltap_body|sld_signaltap_implb:sld_signaltap_body|altdpram:\stp_non_zero_ram_gen:attribute_mem_gen:attribute_mem|lpm_decode:wdecoder|decode_3af:auto_generated|eq_node[0]~1                                                                                                                       ; LCCOMB_X54_Y30_N14 ; 25      ; Clock enable               ; no     ; --                   ; --               ; --                        ;
; sld_signaltap:auto_signaltap_0|sld_signaltap_impl:sld_signaltap_body|sld_signaltap_implb:sld_signaltap_body|altdpram:\stp_non_zero_ram_gen:attribute_mem_gen:attribute_mem|lpm_decode:wdecoder|decode_3af:auto_generated|eq_node[1]~0                                                                                                                       ; LCCOMB_X54_Y30_N4  ; 25      ; Clock enable               ; no     ; --                   ; --               ; --                        ;
; sld_signaltap:auto_signaltap_0|sld_signaltap_impl:sld_signaltap_body|sld_signaltap_implb:sld_signaltap_body|buffer_write_enable_delayed                                                                                                                                                                                                                     ; FF_X54_Y30_N17     ; 28      ; Clock enable, Write enable ; no     ; --                   ; --               ; --                        ;
; sld_signaltap:auto_signaltap_0|sld_signaltap_impl:sld_signaltap_body|sld_signaltap_implb:sld_signaltap_body|collect_data                                                                                                                                                                                                                                    ; LCCOMB_X54_Y29_N18 ; 30      ; Clock enable               ; no     ; --                   ; --               ; --                        ;
; sld_signaltap:auto_signaltap_0|sld_signaltap_impl:sld_signaltap_body|sld_signaltap_implb:sld_signaltap_body|process_0~0                                                                                                                                                                                                                                     ; LCCOMB_X51_Y33_N4  ; 32      ; Sync. clear                ; no     ; --                   ; --               ; --                        ;
; sld_signaltap:auto_signaltap_0|sld_signaltap_impl:sld_signaltap_body|sld_signaltap_implb:sld_signaltap_body|process_0~1                                                                                                                                                                                                                                     ; LCCOMB_X51_Y33_N14 ; 32      ; Sync. load                 ; no     ; --                   ; --               ; --                        ;
; sld_signaltap:auto_signaltap_0|sld_signaltap_impl:sld_signaltap_body|sld_signaltap_implb:sld_signaltap_body|reset_all                                                                                                                                                                                                                                       ; FF_X45_Y34_N31     ; 245     ; Async. clear               ; yes    ; Global Clock         ; GCLK9            ; --                        ;
; sld_signaltap:auto_signaltap_0|sld_signaltap_impl:sld_signaltap_body|sld_signaltap_implb:sld_signaltap_body|serial_crc_16:\tdo_crc_gen:tdo_crc_calc|lfsr[7]~1                                                                                                                                                                                               ; LCCOMB_X47_Y33_N18 ; 13      ; Clock enable               ; no     ; --                   ; --               ; --                        ;
; sld_signaltap:auto_signaltap_0|sld_signaltap_impl:sld_signaltap_body|sld_signaltap_implb:sld_signaltap_body|sld_buffer_manager:sld_buffer_manager_inst|final_trigger_set~0                                                                                                                                                                                  ; LCCOMB_X54_Y29_N4  ; 26      ; Clock enable               ; no     ; --                   ; --               ; --                        ;
; sld_signaltap:auto_signaltap_0|sld_signaltap_impl:sld_signaltap_body|sld_signaltap_implb:sld_signaltap_body|sld_buffer_manager:sld_buffer_manager_inst|last_buffer_write_address_sig[0]~0                                                                                                                                                                   ; LCCOMB_X54_Y29_N20 ; 12      ; Clock enable               ; no     ; --                   ; --               ; --                        ;
; sld_signaltap:auto_signaltap_0|sld_signaltap_impl:sld_signaltap_body|sld_signaltap_implb:sld_signaltap_body|sld_offload_buffer_mgr:\stp_non_zero_depth_offload_gen:stp_offload_buff_mgr_inst|Equal2~1                                                                                                                                                       ; LCCOMB_X45_Y33_N4  ; 1       ; Clock enable               ; no     ; --                   ; --               ; --                        ;
; sld_signaltap:auto_signaltap_0|sld_signaltap_impl:sld_signaltap_body|sld_signaltap_implb:sld_signaltap_body|sld_offload_buffer_mgr:\stp_non_zero_depth_offload_gen:stp_offload_buff_mgr_inst|acq_buf_read_reset                                                                                                                                             ; LCCOMB_X44_Y34_N12 ; 13      ; Sync. load                 ; no     ; --                   ; --               ; --                        ;
; sld_signaltap:auto_signaltap_0|sld_signaltap_impl:sld_signaltap_body|sld_signaltap_implb:sld_signaltap_body|sld_offload_buffer_mgr:\stp_non_zero_depth_offload_gen:stp_offload_buff_mgr_inst|lpm_counter:\adv_point_3_and_more:advance_pointer_counter|cntr_drh:auto_generated|counter_reg_bit[5]~0                                                         ; LCCOMB_X42_Y30_N28 ; 6       ; Sync. load                 ; no     ; --                   ; --               ; --                        ;
; sld_signaltap:auto_signaltap_0|sld_signaltap_impl:sld_signaltap_body|sld_signaltap_implb:sld_signaltap_body|sld_offload_buffer_mgr:\stp_non_zero_depth_offload_gen:stp_offload_buff_mgr_inst|lpm_counter:status_advance_pointer_counter|cntr_6rh:auto_generated|counter_reg_bit[4]~0                                                                        ; LCCOMB_X45_Y33_N28 ; 5       ; Sync. load                 ; no     ; --                   ; --               ; --                        ;
; sld_signaltap:auto_signaltap_0|sld_signaltap_impl:sld_signaltap_body|sld_signaltap_implb:sld_signaltap_body|sld_offload_buffer_mgr:\stp_non_zero_depth_offload_gen:stp_offload_buff_mgr_inst|lpm_counter:status_read_pointer_counter|cntr_odi:auto_generated|counter_reg_bit[0]~0                                                                           ; LCCOMB_X44_Y34_N2  ; 1       ; Sync. load                 ; no     ; --                   ; --               ; --                        ;
; sld_signaltap:auto_signaltap_0|sld_signaltap_impl:sld_signaltap_body|sld_signaltap_implb:sld_signaltap_body|sld_offload_buffer_mgr:\stp_non_zero_depth_offload_gen:stp_offload_buff_mgr_inst|read_pointer_counter_clk_ena                                                                                                                                   ; LCCOMB_X42_Y30_N0  ; 12      ; Clock enable               ; no     ; --                   ; --               ; --                        ;
; sld_signaltap:auto_signaltap_0|sld_signaltap_impl:sld_signaltap_body|sld_signaltap_implb:sld_signaltap_body|sld_rom_sr:crc_rom_sr|WORD_SR[0]~8                                                                                                                                                                                                              ; LCCOMB_X44_Y37_N4  ; 4       ; Sync. clear                ; no     ; --                   ; --               ; --                        ;
; sld_signaltap:auto_signaltap_0|sld_signaltap_impl:sld_signaltap_body|sld_signaltap_implb:sld_signaltap_body|sld_rom_sr:crc_rom_sr|WORD_SR[0]~9                                                                                                                                                                                                              ; LCCOMB_X44_Y37_N16 ; 4       ; Clock enable               ; no     ; --                   ; --               ; --                        ;
; sld_signaltap:auto_signaltap_0|sld_signaltap_impl:sld_signaltap_body|sld_signaltap_implb:sld_signaltap_body|sld_rom_sr:crc_rom_sr|word_counter[0]~5                                                                                                                                                                                                         ; LCCOMB_X44_Y37_N22 ; 4       ; Clock enable               ; no     ; --                   ; --               ; --                        ;
; sld_signaltap:auto_signaltap_0|sld_signaltap_impl:sld_signaltap_body|sld_signaltap_implb:sld_signaltap_body|status_shift_enable~1                                                                                                                                                                                                                           ; LCCOMB_X50_Y33_N26 ; 17      ; Clock enable               ; no     ; --                   ; --               ; --                        ;
; sld_signaltap:auto_signaltap_0|sld_signaltap_impl:sld_signaltap_body|sld_signaltap_implb:sld_signaltap_body|tdo_crc_len_reg[1]~34                                                                                                                                                                                                                           ; LCCOMB_X47_Y33_N10 ; 32      ; Clock enable               ; no     ; --                   ; --               ; --                        ;
; sld_signaltap:auto_signaltap_0|sld_signaltap_impl:sld_signaltap_body|sld_signaltap_implb:sld_signaltap_body|tdo_crc_val_shift_reg[0]~1                                                                                                                                                                                                                      ; LCCOMB_X47_Y33_N6  ; 16      ; Clock enable               ; no     ; --                   ; --               ; --                        ;
; sld_signaltap:auto_signaltap_0|sld_signaltap_impl:sld_signaltap_body|sld_signaltap_implb:sld_signaltap_body|trigger_setup_ena                                                                                                                                                                                                                               ; LCCOMB_X50_Y29_N18 ; 86      ; Clock enable               ; no     ; --                   ; --               ; --                        ;
; vga_calc_simulator:inst12|Add0~3                                                                                                                                                                                                                                                                                                                            ; LCCOMB_X46_Y28_N6  ; 9       ; Clock enable               ; no     ; --                   ; --               ; --                        ;
; vga_calc_simulator:inst12|mandel_start                                                                                                                                                                                                                                                                                                                      ; FF_X45_Y28_N17     ; 75      ; Sync. clear, Sync. load    ; no     ; --                   ; --               ; --                        ;
; vga_calc_simulator:inst12|ram_we                                                                                                                                                                                                                                                                                                                            ; FF_X45_Y28_N29     ; 21      ; Sync. clear, Sync. load    ; no     ; --                   ; --               ; --                        ;
+-------------------------------------------------------------------------------------------------------------------------------------------------------------------------------------------------------------------------------------------------------------------------------------------------------------------------------------------------------------+--------------------+---------+----------------------------+--------+----------------------+------------------+---------------------------+


+----------------------------------------------------------------------------------------------------------------------------------------------------------------------------------------------------------------------------------------------------------------+
; Global & Other Fast Signals                                                                                                                                                                                                                                    ;
+-----------------------------------------------------------------------------------------------------------------------+-----------------+---------+--------------------------------------+----------------------+------------------+---------------------------+
; Name                                                                                                                  ; Location        ; Fan-Out ; Fan-Out Using Intentional Clock Skew ; Global Resource Used ; Global Line Name ; Enable Signal Source Name ;
+-----------------------------------------------------------------------------------------------------------------------+-----------------+---------+--------------------------------------+----------------------+------------------+---------------------------+
; altera_internal_jtag~TCKUTAP                                                                                          ; JTAG_X43_Y40_N0 ; 439     ; 0                                    ; Global Clock         ; GCLK13           ; --                        ;
; pll_25MHz:inst1|altpll:altpll_component|pll_25MHz_altpll:auto_generated|wire_pll1_clk[0]                              ; PLL_1           ; 284     ; 0                                    ; Global Clock         ; GCLK18           ; --                        ;
; pll_25MHz:inst1|altpll:altpll_component|pll_25MHz_altpll:auto_generated|wire_pll1_clk[1]                              ; PLL_1           ; 486     ; 0                                    ; Global Clock         ; GCLK19           ; --                        ;
; sld_signaltap:auto_signaltap_0|sld_signaltap_impl:sld_signaltap_body|sld_signaltap_implb:sld_signaltap_body|reset_all ; FF_X45_Y34_N31  ; 245     ; 0                                    ; Global Clock         ; GCLK9            ; --                        ;
+-----------------------------------------------------------------------------------------------------------------------+-----------------+---------+--------------------------------------+----------------------+------------------+---------------------------+


+--------------------------------------------------------------------------------------------------------------------------------------------------------------------------------------------------------------------------------------------------------------------------------------------------------------------------------------------------------------------------------------------------------------------------------------------------------------------------------------------------------------------------------------------------------------------------------------------------------------------------------------------------------------------------------------------------------------------------------------------------------------------------------------------------------------------------------------------------------------------------------------------------------------------------------------------------------------------------------------------------------------------------------------------------------------------------------------------------------------------------------------------------------------------------------------------------------------------------------------------------------------------------------------------------------------------------------------------------------------------------------------------------------------------------------------------------------------------------------------------------------------------------------------------------------------------------------------------------------------------------------------------------------------------------------------------------------------------------------------------------------------------------------------------------------------------------------------------------------------------------------------------------------------------------------------------------------------------------------------------------------------------------------------------------------------------------------------------------------------------------------------------------------------------------------------------------------------------------------------------------------------------------------------------------------------------------------------------------------------------------------------------------------------------------------------------------------------------------------------------------------------------------------------------------------------------------------------------------------------------------------------------------------------------------------------------------------------------------------------------------------------------------------------------------+
; Fitter RAM Summary                                                                                                                                                                                                                                                                                                                                                                                                                                                                                                                                                                                                                                                                                                                                                                                                                                                                                                                                                                                                                                                                                                                                                                                                                                                                                                                                                                                                                                                                                                                                                                                                                                                                                                                                                                                                                                                                                                                                                                                                                                                                                                                                                                                                                                                                                                                                                                                                                                                                                                                                                                                                                                                                                                                                                                               ;
+-------------------------------------------------------------------------------------------------------------------------------------------------------------------------------------------------------+------+------------------+--------------+--------------+--------------+--------------+--------------+------------------------+-------------------------+------------------------+-------------------------+---------+-----------------------------+-----------------------------+-----------------------------+-----------------------------+---------------------+------+------+----------------------------------------------------------------------------------------------------------------------------------------------------------------------------------------------------------------------------------------------------------------------------------------------------------------------------------------------------------------------------------------------------------------------------------------------------------------------------------------------------------------------------------------------------------------------------------------------------------------------------------------------------------------------------------------------------------------------------------------------------------------------------------------------------------------------------------------------------------------------------------------------------------------------------------------------------------------------------------------------------------------------------------------------------------------------------------------------------------------------------------------------------------------------------------------------------------------------------------------------------------------------------------------------------------------------------------------------------------------------------------------------------------------------------------------------------------------------------------------------------------------------------------------------------------------------------------------------------------------------------------------------------------------------------------------------------------------------------------------------------------------------------------------------------------------------------------------------------------------------------------------------------------------------------------------------------------------------------------------------------------------------------------------------------------------------------+----------------------+------------------------+------------------------+----------+------------------------+---------------+
; Name                                                                                                                                                                                                  ; Type ; Mode             ; Clock Mode   ; Port A Depth ; Port A Width ; Port B Depth ; Port B Width ; Port A Input Registers ; Port A Output Registers ; Port B Input Registers ; Port B Output Registers ; Size    ; Implementation Port A Depth ; Implementation Port A Width ; Implementation Port B Depth ; Implementation Port B Width ; Implementation Bits ; M9Ks ; MIF  ; Location                                                                                                                                                                                                                                                                                                                                                                                                                                                                                                                                                                                                                                                                                                                                                                                                                                                                                                                                                                                                                                                                                                                                                                                                                                                                                                                                                                                                                                                                                                                                                                                                                                                                                                                                                                                                                                                                                                                                                                                                                                                                   ; Mixed Width RDW Mode ; Port A RDW Mode        ; Port B RDW Mode        ; ECC Mode ; ECC Pipeline Registers ; Fits in MLABs ;
+-------------------------------------------------------------------------------------------------------------------------------------------------------------------------------------------------------+------+------------------+--------------+--------------+--------------+--------------+--------------+------------------------+-------------------------+------------------------+-------------------------+---------+-----------------------------+-----------------------------+-----------------------------+-----------------------------+---------------------+------+------+----------------------------------------------------------------------------------------------------------------------------------------------------------------------------------------------------------------------------------------------------------------------------------------------------------------------------------------------------------------------------------------------------------------------------------------------------------------------------------------------------------------------------------------------------------------------------------------------------------------------------------------------------------------------------------------------------------------------------------------------------------------------------------------------------------------------------------------------------------------------------------------------------------------------------------------------------------------------------------------------------------------------------------------------------------------------------------------------------------------------------------------------------------------------------------------------------------------------------------------------------------------------------------------------------------------------------------------------------------------------------------------------------------------------------------------------------------------------------------------------------------------------------------------------------------------------------------------------------------------------------------------------------------------------------------------------------------------------------------------------------------------------------------------------------------------------------------------------------------------------------------------------------------------------------------------------------------------------------------------------------------------------------------------------------------------------------+----------------------+------------------------+------------------------+----------+------------------------+---------------+
; Enderecamento:inst10|altshift_taps:auxcoluna_rtl_0|shift_taps_ugl:auto_generated|altsyncram_hv21:altsyncram4|ALTSYNCRAM                                                                               ; AUTO ; Simple Dual Port ; Single Clock ; 3            ; 12           ; 3            ; 12           ; yes                    ; no                      ; yes                    ; yes                     ; 36      ; 3                           ; 12                          ; 3                           ; 12                          ; 36                  ; 1    ; None ; M9K_X53_Y31_N0                                                                                                                                                                                                                                                                                                                                                                                                                                                                                                                                                                                                                                                                                                                                                                                                                                                                                                                                                                                                                                                                                                                                                                                                                                                                                                                                                                                                                                                                                                                                                                                                                                                                                                                                                                                                                                                                                                                                                                                                                                                             ; Don't care           ; New data with NBE Read ; New data with NBE Read ; Off      ; No                     ; No - Unknown  ;
; memory2:inst11|altsyncram:ram_block_rtl_0|altsyncram_a4c1:auto_generated|ALTSYNCRAM                                                                                                                   ; AUTO ; Simple Dual Port ; Single Clock ; 131072       ; 8            ; 131072       ; 8            ; yes                    ; no                      ; yes                    ; no                      ; 1048576 ; 131072                      ; 8                           ; 131072                      ; 8                           ; 1048576             ; 128  ; None ; M9K_X73_Y5_N0, M9K_X73_Y14_N0, M9K_X5_Y14_N0, M9K_X73_Y26_N0, M9K_X53_Y22_N0, M9K_X73_Y3_N0, M9K_X73_Y16_N0, M9K_X73_Y13_N0, M9K_X33_Y12_N0, M9K_X73_Y22_N0, M9K_X5_Y33_N0, M9K_X5_Y30_N0, M9K_X73_Y28_N0, M9K_X73_Y20_N0, M9K_X53_Y35_N0, M9K_X73_Y12_N0, M9K_X5_Y15_N0, M9K_X33_Y8_N0, M9K_X5_Y1_N0, M9K_X73_Y24_N0, M9K_X33_Y33_N0, M9K_X73_Y7_N0, M9K_X33_Y7_N0, M9K_X73_Y10_N0, M9K_X5_Y4_N0, M9K_X73_Y33_N0, M9K_X33_Y11_N0, M9K_X33_Y2_N0, M9K_X53_Y42_N0, M9K_X33_Y34_N0, M9K_X53_Y26_N0, M9K_X53_Y18_N0, M9K_X53_Y5_N0, M9K_X73_Y15_N0, M9K_X5_Y13_N0, M9K_X73_Y34_N0, M9K_X33_Y36_N0, M9K_X73_Y4_N0, M9K_X53_Y15_N0, M9K_X53_Y4_N0, M9K_X5_Y12_N0, M9K_X73_Y41_N0, M9K_X53_Y33_N0, M9K_X5_Y3_N0, M9K_X53_Y41_N0, M9K_X33_Y35_N0, M9K_X53_Y39_N0, M9K_X33_Y15_N0, M9K_X33_Y17_N0, M9K_X53_Y14_N0, M9K_X5_Y2_N0, M9K_X53_Y47_N0, M9K_X33_Y31_N0, M9K_X53_Y2_N0, M9K_X73_Y11_N0, M9K_X53_Y38_N0, M9K_X33_Y14_N0, M9K_X73_Y46_N0, M9K_X53_Y11_N0, M9K_X5_Y23_N0, M9K_X73_Y45_N0, M9K_X33_Y32_N0, M9K_X53_Y37_N0, M9K_X33_Y9_N0, M9K_X33_Y38_N0, M9K_X73_Y25_N0, M9K_X33_Y5_N0, M9K_X53_Y48_N0, M9K_X53_Y17_N0, M9K_X73_Y9_N0, M9K_X33_Y13_N0, M9K_X53_Y1_N0, M9K_X53_Y3_N0, M9K_X53_Y46_N0, M9K_X5_Y10_N0, M9K_X5_Y29_N0, M9K_X73_Y43_N0, M9K_X73_Y30_N0, M9K_X73_Y38_N0, M9K_X73_Y19_N0, M9K_X73_Y36_N0, M9K_X33_Y16_N0, M9K_X33_Y1_N0, M9K_X73_Y44_N0, M9K_X5_Y35_N0, M9K_X73_Y8_N0, M9K_X53_Y19_N0, M9K_X53_Y43_N0, M9K_X33_Y6_N0, M9K_X53_Y40_N0, M9K_X53_Y23_N0, M9K_X33_Y3_N0, M9K_X73_Y40_N0, M9K_X73_Y31_N0, M9K_X73_Y29_N0, M9K_X73_Y17_N0, M9K_X5_Y38_N0, M9K_X73_Y27_N0, M9K_X5_Y21_N0, M9K_X73_Y23_N0, M9K_X53_Y21_N0, M9K_X73_Y18_N0, M9K_X33_Y10_N0, M9K_X53_Y25_N0, M9K_X5_Y18_N0, M9K_X53_Y34_N0, M9K_X53_Y8_N0, M9K_X33_Y4_N0, M9K_X73_Y39_N0, M9K_X33_Y37_N0, M9K_X73_Y37_N0, M9K_X53_Y12_N0, M9K_X5_Y11_N0, M9K_X53_Y16_N0, M9K_X5_Y5_N0, M9K_X73_Y42_N0, M9K_X5_Y19_N0, M9K_X53_Y10_N0, M9K_X53_Y13_N0, M9K_X73_Y6_N0, M9K_X53_Y7_N0, M9K_X73_Y35_N0, M9K_X5_Y7_N0, M9K_X53_Y9_N0, M9K_X53_Y45_N0, M9K_X73_Y21_N0, M9K_X53_Y36_N0, M9K_X53_Y6_N0 ; Don't care           ; New data with NBE Read ; New data with NBE Read ; Off      ; No                     ; No - Unknown  ;
; sld_signaltap:auto_signaltap_0|sld_signaltap_impl:sld_signaltap_body|sld_signaltap_implb:sld_signaltap_body|altsyncram:\stp_non_zero_ram_gen:stp_buffer_ram|altsyncram_em14:auto_generated|ALTSYNCRAM ; AUTO ; Simple Dual Port ; Dual Clocks  ; 4096         ; 49           ; 4096         ; 49           ; yes                    ; no                      ; yes                    ; no                      ; 200704  ; 4096                        ; 49                          ; 4096                        ; 49                          ; 200704              ; 25   ; None ; M9K_X53_Y30_N0, M9K_X5_Y24_N0, M9K_X53_Y24_N0, M9K_X5_Y20_N0, M9K_X5_Y27_N0, M9K_X53_Y29_N0, M9K_X53_Y27_N0, M9K_X53_Y28_N0, M9K_X5_Y22_N0, M9K_X33_Y20_N0, M9K_X5_Y25_N0, M9K_X5_Y26_N0, M9K_X33_Y22_N0, M9K_X33_Y26_N0, M9K_X33_Y28_N0, M9K_X33_Y23_N0, M9K_X33_Y27_N0, M9K_X33_Y29_N0, M9K_X33_Y19_N0, M9K_X33_Y21_N0, M9K_X33_Y18_N0, M9K_X33_Y25_N0, M9K_X33_Y24_N0, M9K_X53_Y20_N0, M9K_X33_Y30_N0                                                                                                                                                                                                                                                                                                                                                                                                                                                                                                                                                                                                                                                                                                                                                                                                                                                                                                                                                                                                                                                                                                                                                                                                                                                                                                                                                                                                                                                                                                                                                                                                                                                                   ; Don't care           ; New data with NBE Read ; New data with NBE Read ; Off      ; No                     ; No - Unknown  ;
+-------------------------------------------------------------------------------------------------------------------------------------------------------------------------------------------------------+------+------------------+--------------+--------------+--------------+--------------+--------------+------------------------+-------------------------+------------------------+-------------------------+---------+-----------------------------+-----------------------------+-----------------------------+-----------------------------+---------------------+------+------+----------------------------------------------------------------------------------------------------------------------------------------------------------------------------------------------------------------------------------------------------------------------------------------------------------------------------------------------------------------------------------------------------------------------------------------------------------------------------------------------------------------------------------------------------------------------------------------------------------------------------------------------------------------------------------------------------------------------------------------------------------------------------------------------------------------------------------------------------------------------------------------------------------------------------------------------------------------------------------------------------------------------------------------------------------------------------------------------------------------------------------------------------------------------------------------------------------------------------------------------------------------------------------------------------------------------------------------------------------------------------------------------------------------------------------------------------------------------------------------------------------------------------------------------------------------------------------------------------------------------------------------------------------------------------------------------------------------------------------------------------------------------------------------------------------------------------------------------------------------------------------------------------------------------------------------------------------------------------------------------------------------------------------------------------------------------------+----------------------+------------------------+------------------------+----------+------------------------+---------------+
Note: Fitter may spread logical memories into multiple blocks to improve timing. The actual required RAM blocks can be found in the Fitter Resource Usage section.


+-----------------------------------------------------------------------------------------------+
; Fitter DSP Block Usage Summary                                                                ;
+---------------------------------------+-------------+---------------------+-------------------+
; Statistic                             ; Number Used ; Available per Block ; Maximum Available ;
+---------------------------------------+-------------+---------------------+-------------------+
; Simple Multipliers (9-bit)            ; 0           ; 2                   ; 288               ;
; Simple Multipliers (18-bit)           ; 12          ; 1                   ; 144               ;
; Embedded Multiplier Blocks            ; 12          ; --                  ; 144               ;
; Embedded Multiplier 9-bit elements    ; 24          ; 2                   ; 288               ;
; Signed Embedded Multipliers           ; 3           ; --                  ; --                ;
; Unsigned Embedded Multipliers         ; 3           ; --                  ; --                ;
; Mixed Sign Embedded Multipliers       ; 6           ; --                  ; --                ;
; Variable Sign Embedded Multipliers    ; 0           ; --                  ; --                ;
; Dedicated Input Shift Register Chains ; 0           ; --                  ; --                ;
+---------------------------------------+-------------+---------------------+-------------------+


+--------------------------------------------------------------------------------------------------------------------------------------------------------------------------------------------------------------------------------------------------------------------------------+
; DSP Block Details                                                                                                                                                                                                                                                              ;
+---------------------------------------------------------------------------------+----------------------------+--------------------+---------------------+--------------------------------+-----------------------+-----------------------+-------------------+-----------------+
; Name                                                                            ; Mode                       ; Location           ; Sign Representation ; Has Input Shift Register Chain ; Data A Input Register ; Data B Input Register ; Pipeline Register ; Output Register ;
+---------------------------------------------------------------------------------+----------------------------+--------------------+---------------------+--------------------------------+-----------------------+-----------------------+-------------------+-----------------+
; mandelbrot_pixel_core:inst6|lpm_mult:Mult1|mult_qgs:auto_generated|mac_out8     ; Simple Multiplier (18-bit) ; DSPOUT_X28_Y29_N2  ;                     ; No                             ;                       ;                       ;                   ; no              ;
;    mandelbrot_pixel_core:inst6|lpm_mult:Mult1|mult_qgs:auto_generated|mac_mult7 ;                            ; DSPMULT_X28_Y29_N0 ; Signed              ;                                ; yes                   ; yes                   ; no                ;                 ;
; mandelbrot_pixel_core:inst6|lpm_mult:Mult1|mult_qgs:auto_generated|mac_out6     ; Simple Multiplier (18-bit) ; DSPOUT_X28_Y30_N2  ;                     ; No                             ;                       ;                       ;                   ; no              ;
;    mandelbrot_pixel_core:inst6|lpm_mult:Mult1|mult_qgs:auto_generated|mac_mult5 ;                            ; DSPMULT_X28_Y30_N0 ; Mixed               ;                                ; yes                   ; yes                   ; no                ;                 ;
; mandelbrot_pixel_core:inst6|lpm_mult:Mult1|mult_qgs:auto_generated|mac_out4     ; Simple Multiplier (18-bit) ; DSPOUT_X28_Y31_N2  ;                     ; No                             ;                       ;                       ;                   ; no              ;
;    mandelbrot_pixel_core:inst6|lpm_mult:Mult1|mult_qgs:auto_generated|mac_mult3 ;                            ; DSPMULT_X28_Y31_N0 ; Mixed               ;                                ; yes                   ; yes                   ; no                ;                 ;
; mandelbrot_pixel_core:inst6|lpm_mult:Mult1|mult_qgs:auto_generated|w569w[0]     ; Simple Multiplier (18-bit) ; DSPOUT_X28_Y28_N2  ;                     ; No                             ;                       ;                       ;                   ; no              ;
;    mandelbrot_pixel_core:inst6|lpm_mult:Mult1|mult_qgs:auto_generated|mac_mult1 ;                            ; DSPMULT_X28_Y28_N0 ; Unsigned            ;                                ; yes                   ; yes                   ; no                ;                 ;
; mandelbrot_pixel_core:inst6|lpm_mult:Mult0|mult_qgs:auto_generated|mac_out8     ; Simple Multiplier (18-bit) ; DSPOUT_X48_Y25_N2  ;                     ; No                             ;                       ;                       ;                   ; no              ;
;    mandelbrot_pixel_core:inst6|lpm_mult:Mult0|mult_qgs:auto_generated|mac_mult7 ;                            ; DSPMULT_X48_Y25_N0 ; Signed              ;                                ; yes                   ; yes                   ; no                ;                 ;
; mandelbrot_pixel_core:inst6|lpm_mult:Mult0|mult_qgs:auto_generated|mac_out6     ; Simple Multiplier (18-bit) ; DSPOUT_X48_Y27_N2  ;                     ; No                             ;                       ;                       ;                   ; no              ;
;    mandelbrot_pixel_core:inst6|lpm_mult:Mult0|mult_qgs:auto_generated|mac_mult5 ;                            ; DSPMULT_X48_Y27_N0 ; Mixed               ;                                ; yes                   ; yes                   ; no                ;                 ;
; mandelbrot_pixel_core:inst6|lpm_mult:Mult0|mult_qgs:auto_generated|mac_out4     ; Simple Multiplier (18-bit) ; DSPOUT_X48_Y26_N2  ;                     ; No                             ;                       ;                       ;                   ; no              ;
;    mandelbrot_pixel_core:inst6|lpm_mult:Mult0|mult_qgs:auto_generated|mac_mult3 ;                            ; DSPMULT_X48_Y26_N0 ; Mixed               ;                                ; yes                   ; yes                   ; no                ;                 ;
; mandelbrot_pixel_core:inst6|lpm_mult:Mult0|mult_qgs:auto_generated|w569w[0]     ; Simple Multiplier (18-bit) ; DSPOUT_X48_Y28_N2  ;                     ; No                             ;                       ;                       ;                   ; no              ;
;    mandelbrot_pixel_core:inst6|lpm_mult:Mult0|mult_qgs:auto_generated|mac_mult1 ;                            ; DSPMULT_X48_Y28_N0 ; Unsigned            ;                                ; yes                   ; yes                   ; no                ;                 ;
; mandelbrot_pixel_core:inst6|lpm_mult:Mult2|mult_qgs:auto_generated|w569w[0]     ; Simple Multiplier (18-bit) ; DSPOUT_X48_Y33_N2  ;                     ; No                             ;                       ;                       ;                   ; no              ;
;    mandelbrot_pixel_core:inst6|lpm_mult:Mult2|mult_qgs:auto_generated|mac_mult1 ;                            ; DSPMULT_X48_Y33_N0 ; Unsigned            ;                                ; yes                   ; yes                   ; no                ;                 ;
; mandelbrot_pixel_core:inst6|lpm_mult:Mult2|mult_qgs:auto_generated|mac_out4     ; Simple Multiplier (18-bit) ; DSPOUT_X48_Y32_N2  ;                     ; No                             ;                       ;                       ;                   ; no              ;
;    mandelbrot_pixel_core:inst6|lpm_mult:Mult2|mult_qgs:auto_generated|mac_mult3 ;                            ; DSPMULT_X48_Y32_N0 ; Mixed               ;                                ; yes                   ; yes                   ; no                ;                 ;
; mandelbrot_pixel_core:inst6|lpm_mult:Mult2|mult_qgs:auto_generated|mac_out6     ; Simple Multiplier (18-bit) ; DSPOUT_X48_Y31_N2  ;                     ; No                             ;                       ;                       ;                   ; no              ;
;    mandelbrot_pixel_core:inst6|lpm_mult:Mult2|mult_qgs:auto_generated|mac_mult5 ;                            ; DSPMULT_X48_Y31_N0 ; Mixed               ;                                ; yes                   ; yes                   ; no                ;                 ;
; mandelbrot_pixel_core:inst6|lpm_mult:Mult2|mult_qgs:auto_generated|mac_out8     ; Simple Multiplier (18-bit) ; DSPOUT_X48_Y30_N2  ;                     ; No                             ;                       ;                       ;                   ; no              ;
;    mandelbrot_pixel_core:inst6|lpm_mult:Mult2|mult_qgs:auto_generated|mac_mult7 ;                            ; DSPMULT_X48_Y30_N0 ; Signed              ;                                ; yes                   ; yes                   ; no                ;                 ;
+---------------------------------------------------------------------------------+----------------------------+--------------------+---------------------+--------------------------------+-----------------------+-----------------------+-------------------+-----------------+


+-------------------------------------------------+
; Routing Usage Summary                           ;
+-----------------------+-------------------------+
; Routing Resource Type ; Usage                   ;
+-----------------------+-------------------------+
; Block interconnects   ; 7,018 / 148,641 ( 5 % ) ;
; C16 interconnects     ; 302 / 5,382 ( 6 % )     ;
; C4 interconnects      ; 4,095 / 106,704 ( 4 % ) ;
; Direct links          ; 467 / 148,641 ( < 1 % ) ;
; Global clocks         ; 4 / 20 ( 20 % )         ;
; Local interconnects   ; 981 / 49,760 ( 2 % )    ;
; NSLEEPs               ; 0 / 500 ( 0 % )         ;
; R24 interconnects     ; 395 / 5,406 ( 7 % )     ;
; R4 interconnects      ; 4,777 / 147,764 ( 3 % ) ;
+-----------------------+-------------------------+


+-----------------------------------------------------------------------------+
; LAB Logic Elements                                                          ;
+---------------------------------------------+-------------------------------+
; Number of Logic Elements  (Average = 11.65) ; Number of LABs  (Total = 176) ;
+---------------------------------------------+-------------------------------+
; 1                                           ; 21                            ;
; 2                                           ; 2                             ;
; 3                                           ; 4                             ;
; 4                                           ; 2                             ;
; 5                                           ; 11                            ;
; 6                                           ; 1                             ;
; 7                                           ; 3                             ;
; 8                                           ; 2                             ;
; 9                                           ; 1                             ;
; 10                                          ; 12                            ;
; 11                                          ; 6                             ;
; 12                                          ; 3                             ;
; 13                                          ; 4                             ;
; 14                                          ; 7                             ;
; 15                                          ; 25                            ;
; 16                                          ; 72                            ;
+---------------------------------------------+-------------------------------+


+--------------------------------------------------------------------+
; LAB-wide Signals                                                   ;
+------------------------------------+-------------------------------+
; LAB-wide Signals  (Average = 1.29) ; Number of LABs  (Total = 176) ;
+------------------------------------+-------------------------------+
; 1 Async. clear                     ; 48                            ;
; 1 Clock                            ; 102                           ;
; 1 Clock enable                     ; 36                            ;
; 1 Sync. clear                      ; 6                             ;
; 1 Sync. load                       ; 8                             ;
; 2 Async. clears                    ; 1                             ;
; 2 Clock enables                    ; 7                             ;
; 2 Clocks                           ; 19                            ;
+------------------------------------+-------------------------------+


+------------------------------------------------------------------------------+
; LAB Signals Sourced                                                          ;
+----------------------------------------------+-------------------------------+
; Number of Signals Sourced  (Average = 16.22) ; Number of LABs  (Total = 176) ;
+----------------------------------------------+-------------------------------+
; 0                                            ; 2                             ;
; 1                                            ; 11                            ;
; 2                                            ; 11                            ;
; 3                                            ; 3                             ;
; 4                                            ; 0                             ;
; 5                                            ; 2                             ;
; 6                                            ; 5                             ;
; 7                                            ; 2                             ;
; 8                                            ; 1                             ;
; 9                                            ; 5                             ;
; 10                                           ; 5                             ;
; 11                                           ; 1                             ;
; 12                                           ; 3                             ;
; 13                                           ; 5                             ;
; 14                                           ; 1                             ;
; 15                                           ; 17                            ;
; 16                                           ; 23                            ;
; 17                                           ; 5                             ;
; 18                                           ; 10                            ;
; 19                                           ; 3                             ;
; 20                                           ; 8                             ;
; 21                                           ; 0                             ;
; 22                                           ; 4                             ;
; 23                                           ; 6                             ;
; 24                                           ; 5                             ;
; 25                                           ; 3                             ;
; 26                                           ; 9                             ;
; 27                                           ; 4                             ;
; 28                                           ; 7                             ;
; 29                                           ; 3                             ;
; 30                                           ; 2                             ;
; 31                                           ; 2                             ;
; 32                                           ; 8                             ;
+----------------------------------------------+-------------------------------+


+---------------------------------------------------------------------------------+
; LAB Signals Sourced Out                                                         ;
+-------------------------------------------------+-------------------------------+
; Number of Signals Sourced Out  (Average = 6.86) ; Number of LABs  (Total = 176) ;
+-------------------------------------------------+-------------------------------+
; 0                                               ; 2                             ;
; 1                                               ; 42                            ;
; 2                                               ; 23                            ;
; 3                                               ; 11                            ;
; 4                                               ; 11                            ;
; 5                                               ; 5                             ;
; 6                                               ; 5                             ;
; 7                                               ; 10                            ;
; 8                                               ; 4                             ;
; 9                                               ; 3                             ;
; 10                                              ; 3                             ;
; 11                                              ; 10                            ;
; 12                                              ; 7                             ;
; 13                                              ; 5                             ;
; 14                                              ; 1                             ;
; 15                                              ; 14                            ;
; 16                                              ; 16                            ;
; 17                                              ; 0                             ;
; 18                                              ; 0                             ;
; 19                                              ; 1                             ;
; 20                                              ; 1                             ;
; 21                                              ; 0                             ;
; 22                                              ; 0                             ;
; 23                                              ; 0                             ;
; 24                                              ; 1                             ;
; 25                                              ; 0                             ;
; 26                                              ; 1                             ;
+-------------------------------------------------+-------------------------------+


+------------------------------------------------------------------------------+
; LAB Distinct Inputs                                                          ;
+----------------------------------------------+-------------------------------+
; Number of Distinct Inputs  (Average = 12.40) ; Number of LABs  (Total = 176) ;
+----------------------------------------------+-------------------------------+
; 0                                            ; 0                             ;
; 1                                            ; 1                             ;
; 2                                            ; 21                            ;
; 3                                            ; 10                            ;
; 4                                            ; 15                            ;
; 5                                            ; 9                             ;
; 6                                            ; 9                             ;
; 7                                            ; 3                             ;
; 8                                            ; 7                             ;
; 9                                            ; 3                             ;
; 10                                           ; 7                             ;
; 11                                           ; 10                            ;
; 12                                           ; 4                             ;
; 13                                           ; 4                             ;
; 14                                           ; 3                             ;
; 15                                           ; 10                            ;
; 16                                           ; 7                             ;
; 17                                           ; 1                             ;
; 18                                           ; 5                             ;
; 19                                           ; 0                             ;
; 20                                           ; 3                             ;
; 21                                           ; 2                             ;
; 22                                           ; 8                             ;
; 23                                           ; 1                             ;
; 24                                           ; 0                             ;
; 25                                           ; 4                             ;
; 26                                           ; 0                             ;
; 27                                           ; 1                             ;
; 28                                           ; 0                             ;
; 29                                           ; 0                             ;
; 30                                           ; 8                             ;
; 31                                           ; 3                             ;
; 32                                           ; 1                             ;
; 33                                           ; 11                            ;
+----------------------------------------------+-------------------------------+


+------------------------------------------+
; I/O Rules Summary                        ;
+----------------------------------+-------+
; I/O Rules Statistic              ; Total ;
+----------------------------------+-------+
; Total I/O Rules                  ; 30    ;
; Number of I/O Rules Passed       ; 12    ;
; Number of I/O Rules Failed       ; 0     ;
; Number of I/O Rules Unchecked    ; 0     ;
; Number of I/O Rules Inapplicable ; 18    ;
+----------------------------------+-------+


+-----------------------------------------------------------------------------------------------------------------------------------------------------------------------------------------------------------------------------------------------------------------------------------------------------+
; I/O Rules Details                                                                                                                                                                                                                                                                                   ;
+--------------+-----------+-----------------------------------+------------------------------------------------------------------------------------------------------+----------+--------------------------------------------------------------------------+---------------------+-------------------+
; Status       ; ID        ; Category                          ; Rule Description                                                                                     ; Severity ; Information                                                              ; Area                ; Extra Information ;
+--------------+-----------+-----------------------------------+------------------------------------------------------------------------------------------------------+----------+--------------------------------------------------------------------------+---------------------+-------------------+
; Pass         ; IO_000001 ; Capacity Checks                   ; Number of pins in an I/O bank should not exceed the number of locations available.                   ; Critical ; 0 such failures found.                                                   ; I/O                 ;                   ;
; Inapplicable ; IO_000002 ; Capacity Checks                   ; Number of clocks in an I/O bank should not exceed the number of clocks available.                    ; Critical ; No Global Signal assignments found.                                      ; I/O                 ;                   ;
; Pass         ; IO_000003 ; Capacity Checks                   ; Number of pins in a Vrefgroup should not exceed the number of locations available.                   ; Critical ; 0 such failures found.                                                   ; I/O                 ;                   ;
; Inapplicable ; IO_000004 ; Voltage Compatibility Checks      ; The I/O bank should support the requested VCCIO.                                                     ; Critical ; No IOBANK_VCCIO assignments found.                                       ; I/O                 ;                   ;
; Inapplicable ; IO_000005 ; Voltage Compatibility Checks      ; The I/O bank should not have competing VREF values.                                                  ; Critical ; No VREF I/O Standard assignments found.                                  ; I/O                 ;                   ;
; Pass         ; IO_000006 ; Voltage Compatibility Checks      ; The I/O bank should not have competing VCCIO values.                                                 ; Critical ; 0 such failures found.                                                   ; I/O                 ;                   ;
; Pass         ; IO_000007 ; Valid Location Checks             ; Checks for unavailable locations.                                                                    ; Critical ; 0 such failures found.                                                   ; I/O                 ;                   ;
; Inapplicable ; IO_000008 ; Valid Location Checks             ; Checks for reserved locations.                                                                       ; Critical ; No reserved LogicLock region found.                                      ; I/O                 ;                   ;
; Pass         ; IO_000009 ; I/O Properties Checks for One I/O ; The location should support the requested I/O standard.                                              ; Critical ; 0 such failures found.                                                   ; I/O                 ;                   ;
; Pass         ; IO_000010 ; I/O Properties Checks for One I/O ; The location should support the requested I/O direction.                                             ; Critical ; 0 such failures found.                                                   ; I/O                 ;                   ;
; Inapplicable ; IO_000011 ; I/O Properties Checks for One I/O ; The location should support the requested Current Strength.                                          ; Critical ; No Current Strength assignments found.                                   ; I/O                 ;                   ;
; Pass         ; IO_000012 ; I/O Properties Checks for One I/O ; The location should support the requested On Chip Termination value.                                 ; Critical ; 0 such failures found.                                                   ; I/O                 ;                   ;
; Inapplicable ; IO_000013 ; I/O Properties Checks for One I/O ; The location should support the requested Bus Hold value.                                            ; Critical ; No Enable Bus-Hold Circuitry assignments found.                          ; I/O                 ;                   ;
; Inapplicable ; IO_000014 ; I/O Properties Checks for One I/O ; The location should support the requested Weak Pull Up value.                                        ; Critical ; No Weak Pull-Up Resistor assignments found.                              ; I/O                 ;                   ;
; Pass         ; IO_000015 ; I/O Properties Checks for One I/O ; The location should support the requested PCI Clamp Diode.                                           ; Critical ; 0 such failures found.                                                   ; I/O                 ;                   ;
; Inapplicable ; IO_000018 ; I/O Properties Checks for One I/O ; The I/O standard should support the requested Current Strength.                                      ; Critical ; No Current Strength assignments found.                                   ; I/O                 ;                   ;
; Pass         ; IO_000019 ; I/O Properties Checks for One I/O ; The I/O standard should support the requested On Chip Termination value.                             ; Critical ; 0 such failures found.                                                   ; I/O                 ;                   ;
; Pass         ; IO_000020 ; I/O Properties Checks for One I/O ; The I/O standard should support the requested PCI Clamp Diode.                                       ; Critical ; 0 such failures found.                                                   ; I/O                 ;                   ;
; Inapplicable ; IO_000021 ; I/O Properties Checks for One I/O ; The I/O standard should support the requested Weak Pull Up value.                                    ; Critical ; No Weak Pull-Up Resistor assignments found.                              ; I/O                 ;                   ;
; Inapplicable ; IO_000022 ; I/O Properties Checks for One I/O ; The I/O standard should support the requested Bus Hold value.                                        ; Critical ; No Enable Bus-Hold Circuitry assignments found.                          ; I/O                 ;                   ;
; Inapplicable ; IO_000023 ; I/O Properties Checks for One I/O ; The I/O standard should support the Open Drain value.                                                ; Critical ; No open drain assignments found.                                         ; I/O                 ;                   ;
; Pass         ; IO_000024 ; I/O Properties Checks for One I/O ; The I/O direction should support the On Chip Termination value.                                      ; Critical ; 0 such failures found.                                                   ; I/O                 ;                   ;
; Inapplicable ; IO_000026 ; I/O Properties Checks for One I/O ; On Chip Termination and Current Strength should not be used at the same time.                        ; Critical ; No Current Strength assignments found.                                   ; I/O                 ;                   ;
; Inapplicable ; IO_000027 ; I/O Properties Checks for One I/O ; Weak Pull Up and Bus Hold should not be used at the same time.                                       ; Critical ; No Enable Bus-Hold Circuitry or Weak Pull-Up Resistor assignments found. ; I/O                 ;                   ;
; Inapplicable ; IO_000045 ; I/O Properties Checks for One I/O ; The I/O standard should support the requested Slew Rate value.                                       ; Critical ; No Slew Rate assignments found.                                          ; I/O                 ;                   ;
; Inapplicable ; IO_000046 ; I/O Properties Checks for One I/O ; The location should support the requested Slew Rate value.                                           ; Critical ; No Slew Rate assignments found.                                          ; I/O                 ;                   ;
; Inapplicable ; IO_000047 ; I/O Properties Checks for One I/O ; On Chip Termination and Slew Rate should not be used at the same time.                               ; Critical ; No Slew Rate assignments found.                                          ; I/O                 ;                   ;
; Pass         ; IO_000033 ; Electromigration Checks           ; Current density for consecutive I/Os should not exceed 160mA for row I/Os and 160mA for column I/Os. ; Critical ; 0 such failures found.                                                   ; I/O                 ;                   ;
; Inapplicable ; IO_000034 ; SI Related Distance Checks        ; Single-ended outputs should be 5 LAB row(s) away from a differential I/O.                            ; High     ; No Differential I/O Standard assignments found.                          ; I/O                 ;                   ;
; Inapplicable ; IO_000042 ; SI Related SSO Limit Checks       ; No more than 20 outputs are allowed in a VREF group when VREF is being read from.                    ; High     ; No VREF I/O Standard assignments found.                                  ; I/O                 ;                   ;
; ----         ; ----      ; Disclaimer                        ; OCT rules are checked but not reported.                                                              ; None     ; ----                                                                     ; On Chip Termination ;                   ;
+--------------+-----------+-----------------------------------+------------------------------------------------------------------------------------------------------+----------+--------------------------------------------------------------------------+---------------------+-------------------+


+---------------------------------------------------------------------------------------------------------------------------------------------------------------------------------------------------------------------------------------------------------------------------------------------------------------------------------------------------------------------------------------------------------------------------------------------------------------------------+
; I/O Rules Matrix                                                                                                                                                                                                                                                                                                                                                                                                                                                          ;
+---------------------+--------------+--------------+--------------+--------------+--------------+-----------+--------------+--------------+-----------+-----------+--------------+--------------+--------------+--------------+--------------+--------------+--------------+--------------+--------------+--------------+--------------+--------------+--------------+--------------+--------------+--------------+--------------+-----------+--------------+--------------+
; Pin/Rules           ; IO_000001    ; IO_000002    ; IO_000003    ; IO_000004    ; IO_000005    ; IO_000006 ; IO_000007    ; IO_000008    ; IO_000009 ; IO_000010 ; IO_000011    ; IO_000012    ; IO_000013    ; IO_000014    ; IO_000015    ; IO_000018    ; IO_000019    ; IO_000020    ; IO_000021    ; IO_000022    ; IO_000023    ; IO_000024    ; IO_000026    ; IO_000027    ; IO_000045    ; IO_000046    ; IO_000047    ; IO_000033 ; IO_000034    ; IO_000042    ;
+---------------------+--------------+--------------+--------------+--------------+--------------+-----------+--------------+--------------+-----------+-----------+--------------+--------------+--------------+--------------+--------------+--------------+--------------+--------------+--------------+--------------+--------------+--------------+--------------+--------------+--------------+--------------+--------------+-----------+--------------+--------------+
; Total Pass          ; 49           ; 0            ; 49           ; 0            ; 0            ; 53        ; 49           ; 0            ; 53        ; 53        ; 0            ; 43           ; 0            ; 0            ; 6            ; 0            ; 43           ; 6            ; 0            ; 0            ; 0            ; 43           ; 0            ; 0            ; 0            ; 0            ; 0            ; 53        ; 0            ; 0            ;
; Total Unchecked     ; 0            ; 0            ; 0            ; 0            ; 0            ; 0         ; 0            ; 0            ; 0         ; 0         ; 0            ; 0            ; 0            ; 0            ; 0            ; 0            ; 0            ; 0            ; 0            ; 0            ; 0            ; 0            ; 0            ; 0            ; 0            ; 0            ; 0            ; 0         ; 0            ; 0            ;
; Total Inapplicable  ; 4            ; 53           ; 4            ; 53           ; 53           ; 0         ; 4            ; 53           ; 0         ; 0         ; 53           ; 10           ; 53           ; 53           ; 47           ; 53           ; 10           ; 47           ; 53           ; 53           ; 53           ; 10           ; 53           ; 53           ; 53           ; 53           ; 53           ; 0         ; 53           ; 53           ;
; Total Fail          ; 0            ; 0            ; 0            ; 0            ; 0            ; 0         ; 0            ; 0            ; 0         ; 0         ; 0            ; 0            ; 0            ; 0            ; 0            ; 0            ; 0            ; 0            ; 0            ; 0            ; 0            ; 0            ; 0            ; 0            ; 0            ; 0            ; 0            ; 0         ; 0            ; 0            ;
; VGA_HS              ; Pass         ; Inapplicable ; Pass         ; Inapplicable ; Inapplicable ; Pass      ; Pass         ; Inapplicable ; Pass      ; Pass      ; Inapplicable ; Pass         ; Inapplicable ; Inapplicable ; Inapplicable ; Inapplicable ; Pass         ; Inapplicable ; Inapplicable ; Inapplicable ; Inapplicable ; Pass         ; Inapplicable ; Inapplicable ; Inapplicable ; Inapplicable ; Inapplicable ; Pass      ; Inapplicable ; Inapplicable ;
; SW[2]               ; Pass         ; Inapplicable ; Pass         ; Inapplicable ; Inapplicable ; Pass      ; Pass         ; Inapplicable ; Pass      ; Pass      ; Inapplicable ; Inapplicable ; Inapplicable ; Inapplicable ; Pass         ; Inapplicable ; Inapplicable ; Pass         ; Inapplicable ; Inapplicable ; Inapplicable ; Inapplicable ; Inapplicable ; Inapplicable ; Inapplicable ; Inapplicable ; Inapplicable ; Pass      ; Inapplicable ; Inapplicable ;
; SW[1]               ; Pass         ; Inapplicable ; Pass         ; Inapplicable ; Inapplicable ; Pass      ; Pass         ; Inapplicable ; Pass      ; Pass      ; Inapplicable ; Inapplicable ; Inapplicable ; Inapplicable ; Pass         ; Inapplicable ; Inapplicable ; Pass         ; Inapplicable ; Inapplicable ; Inapplicable ; Inapplicable ; Inapplicable ; Inapplicable ; Inapplicable ; Inapplicable ; Inapplicable ; Pass      ; Inapplicable ; Inapplicable ;
; KEY[1]              ; Pass         ; Inapplicable ; Pass         ; Inapplicable ; Inapplicable ; Pass      ; Pass         ; Inapplicable ; Pass      ; Pass      ; Inapplicable ; Inapplicable ; Inapplicable ; Inapplicable ; Pass         ; Inapplicable ; Inapplicable ; Pass         ; Inapplicable ; Inapplicable ; Inapplicable ; Inapplicable ; Inapplicable ; Inapplicable ; Inapplicable ; Inapplicable ; Inapplicable ; Pass      ; Inapplicable ; Inapplicable ;
; KEY[0]              ; Pass         ; Inapplicable ; Pass         ; Inapplicable ; Inapplicable ; Pass      ; Pass         ; Inapplicable ; Pass      ; Pass      ; Inapplicable ; Inapplicable ; Inapplicable ; Inapplicable ; Pass         ; Inapplicable ; Inapplicable ; Pass         ; Inapplicable ; Inapplicable ; Inapplicable ; Inapplicable ; Inapplicable ; Inapplicable ; Inapplicable ; Inapplicable ; Inapplicable ; Pass      ; Inapplicable ; Inapplicable ;
; VGA_VS              ; Pass         ; Inapplicable ; Pass         ; Inapplicable ; Inapplicable ; Pass      ; Pass         ; Inapplicable ; Pass      ; Pass      ; Inapplicable ; Pass         ; Inapplicable ; Inapplicable ; Inapplicable ; Inapplicable ; Pass         ; Inapplicable ; Inapplicable ; Inapplicable ; Inapplicable ; Pass         ; Inapplicable ; Inapplicable ; Inapplicable ; Inapplicable ; Inapplicable ; Pass      ; Inapplicable ; Inapplicable ;
; ARDUINO_IO[7]       ; Pass         ; Inapplicable ; Pass         ; Inapplicable ; Inapplicable ; Pass      ; Pass         ; Inapplicable ; Pass      ; Pass      ; Inapplicable ; Pass         ; Inapplicable ; Inapplicable ; Inapplicable ; Inapplicable ; Pass         ; Inapplicable ; Inapplicable ; Inapplicable ; Inapplicable ; Pass         ; Inapplicable ; Inapplicable ; Inapplicable ; Inapplicable ; Inapplicable ; Pass      ; Inapplicable ; Inapplicable ;
; ARDUINO_IO[6]       ; Pass         ; Inapplicable ; Pass         ; Inapplicable ; Inapplicable ; Pass      ; Pass         ; Inapplicable ; Pass      ; Pass      ; Inapplicable ; Pass         ; Inapplicable ; Inapplicable ; Inapplicable ; Inapplicable ; Pass         ; Inapplicable ; Inapplicable ; Inapplicable ; Inapplicable ; Pass         ; Inapplicable ; Inapplicable ; Inapplicable ; Inapplicable ; Inapplicable ; Pass      ; Inapplicable ; Inapplicable ;
; ARDUINO_IO[5]       ; Pass         ; Inapplicable ; Pass         ; Inapplicable ; Inapplicable ; Pass      ; Pass         ; Inapplicable ; Pass      ; Pass      ; Inapplicable ; Pass         ; Inapplicable ; Inapplicable ; Inapplicable ; Inapplicable ; Pass         ; Inapplicable ; Inapplicable ; Inapplicable ; Inapplicable ; Pass         ; Inapplicable ; Inapplicable ; Inapplicable ; Inapplicable ; Inapplicable ; Pass      ; Inapplicable ; Inapplicable ;
; ARDUINO_IO[4]       ; Pass         ; Inapplicable ; Pass         ; Inapplicable ; Inapplicable ; Pass      ; Pass         ; Inapplicable ; Pass      ; Pass      ; Inapplicable ; Pass         ; Inapplicable ; Inapplicable ; Inapplicable ; Inapplicable ; Pass         ; Inapplicable ; Inapplicable ; Inapplicable ; Inapplicable ; Pass         ; Inapplicable ; Inapplicable ; Inapplicable ; Inapplicable ; Inapplicable ; Pass      ; Inapplicable ; Inapplicable ;
; ARDUINO_IO[3]       ; Pass         ; Inapplicable ; Pass         ; Inapplicable ; Inapplicable ; Pass      ; Pass         ; Inapplicable ; Pass      ; Pass      ; Inapplicable ; Pass         ; Inapplicable ; Inapplicable ; Inapplicable ; Inapplicable ; Pass         ; Inapplicable ; Inapplicable ; Inapplicable ; Inapplicable ; Pass         ; Inapplicable ; Inapplicable ; Inapplicable ; Inapplicable ; Inapplicable ; Pass      ; Inapplicable ; Inapplicable ;
; ARDUINO_IO[2]       ; Pass         ; Inapplicable ; Pass         ; Inapplicable ; Inapplicable ; Pass      ; Pass         ; Inapplicable ; Pass      ; Pass      ; Inapplicable ; Pass         ; Inapplicable ; Inapplicable ; Inapplicable ; Inapplicable ; Pass         ; Inapplicable ; Inapplicable ; Inapplicable ; Inapplicable ; Pass         ; Inapplicable ; Inapplicable ; Inapplicable ; Inapplicable ; Inapplicable ; Pass      ; Inapplicable ; Inapplicable ;
; ARDUINO_IO[1]       ; Pass         ; Inapplicable ; Pass         ; Inapplicable ; Inapplicable ; Pass      ; Pass         ; Inapplicable ; Pass      ; Pass      ; Inapplicable ; Pass         ; Inapplicable ; Inapplicable ; Inapplicable ; Inapplicable ; Pass         ; Inapplicable ; Inapplicable ; Inapplicable ; Inapplicable ; Pass         ; Inapplicable ; Inapplicable ; Inapplicable ; Inapplicable ; Inapplicable ; Pass      ; Inapplicable ; Inapplicable ;
; ARDUINO_IO[0]       ; Pass         ; Inapplicable ; Pass         ; Inapplicable ; Inapplicable ; Pass      ; Pass         ; Inapplicable ; Pass      ; Pass      ; Inapplicable ; Pass         ; Inapplicable ; Inapplicable ; Inapplicable ; Inapplicable ; Pass         ; Inapplicable ; Inapplicable ; Inapplicable ; Inapplicable ; Pass         ; Inapplicable ; Inapplicable ; Inapplicable ; Inapplicable ; Inapplicable ; Pass      ; Inapplicable ; Inapplicable ;
; GPIO[9]             ; Pass         ; Inapplicable ; Pass         ; Inapplicable ; Inapplicable ; Pass      ; Pass         ; Inapplicable ; Pass      ; Pass      ; Inapplicable ; Pass         ; Inapplicable ; Inapplicable ; Inapplicable ; Inapplicable ; Pass         ; Inapplicable ; Inapplicable ; Inapplicable ; Inapplicable ; Pass         ; Inapplicable ; Inapplicable ; Inapplicable ; Inapplicable ; Inapplicable ; Pass      ; Inapplicable ; Inapplicable ;
; GPIO[8]             ; Pass         ; Inapplicable ; Pass         ; Inapplicable ; Inapplicable ; Pass      ; Pass         ; Inapplicable ; Pass      ; Pass      ; Inapplicable ; Pass         ; Inapplicable ; Inapplicable ; Inapplicable ; Inapplicable ; Pass         ; Inapplicable ; Inapplicable ; Inapplicable ; Inapplicable ; Pass         ; Inapplicable ; Inapplicable ; Inapplicable ; Inapplicable ; Inapplicable ; Pass      ; Inapplicable ; Inapplicable ;
; GPIO[7]             ; Pass         ; Inapplicable ; Pass         ; Inapplicable ; Inapplicable ; Pass      ; Pass         ; Inapplicable ; Pass      ; Pass      ; Inapplicable ; Pass         ; Inapplicable ; Inapplicable ; Inapplicable ; Inapplicable ; Pass         ; Inapplicable ; Inapplicable ; Inapplicable ; Inapplicable ; Pass         ; Inapplicable ; Inapplicable ; Inapplicable ; Inapplicable ; Inapplicable ; Pass      ; Inapplicable ; Inapplicable ;
; GPIO[6]             ; Pass         ; Inapplicable ; Pass         ; Inapplicable ; Inapplicable ; Pass      ; Pass         ; Inapplicable ; Pass      ; Pass      ; Inapplicable ; Pass         ; Inapplicable ; Inapplicable ; Inapplicable ; Inapplicable ; Pass         ; Inapplicable ; Inapplicable ; Inapplicable ; Inapplicable ; Pass         ; Inapplicable ; Inapplicable ; Inapplicable ; Inapplicable ; Inapplicable ; Pass      ; Inapplicable ; Inapplicable ;
; GPIO[5]             ; Pass         ; Inapplicable ; Pass         ; Inapplicable ; Inapplicable ; Pass      ; Pass         ; Inapplicable ; Pass      ; Pass      ; Inapplicable ; Pass         ; Inapplicable ; Inapplicable ; Inapplicable ; Inapplicable ; Pass         ; Inapplicable ; Inapplicable ; Inapplicable ; Inapplicable ; Pass         ; Inapplicable ; Inapplicable ; Inapplicable ; Inapplicable ; Inapplicable ; Pass      ; Inapplicable ; Inapplicable ;
; GPIO[4]             ; Pass         ; Inapplicable ; Pass         ; Inapplicable ; Inapplicable ; Pass      ; Pass         ; Inapplicable ; Pass      ; Pass      ; Inapplicable ; Pass         ; Inapplicable ; Inapplicable ; Inapplicable ; Inapplicable ; Pass         ; Inapplicable ; Inapplicable ; Inapplicable ; Inapplicable ; Pass         ; Inapplicable ; Inapplicable ; Inapplicable ; Inapplicable ; Inapplicable ; Pass      ; Inapplicable ; Inapplicable ;
; GPIO[3]             ; Pass         ; Inapplicable ; Pass         ; Inapplicable ; Inapplicable ; Pass      ; Pass         ; Inapplicable ; Pass      ; Pass      ; Inapplicable ; Pass         ; Inapplicable ; Inapplicable ; Inapplicable ; Inapplicable ; Pass         ; Inapplicable ; Inapplicable ; Inapplicable ; Inapplicable ; Pass         ; Inapplicable ; Inapplicable ; Inapplicable ; Inapplicable ; Inapplicable ; Pass      ; Inapplicable ; Inapplicable ;
; GPIO[2]             ; Pass         ; Inapplicable ; Pass         ; Inapplicable ; Inapplicable ; Pass      ; Pass         ; Inapplicable ; Pass      ; Pass      ; Inapplicable ; Pass         ; Inapplicable ; Inapplicable ; Inapplicable ; Inapplicable ; Pass         ; Inapplicable ; Inapplicable ; Inapplicable ; Inapplicable ; Pass         ; Inapplicable ; Inapplicable ; Inapplicable ; Inapplicable ; Inapplicable ; Pass      ; Inapplicable ; Inapplicable ;
; GPIO[1]             ; Pass         ; Inapplicable ; Pass         ; Inapplicable ; Inapplicable ; Pass      ; Pass         ; Inapplicable ; Pass      ; Pass      ; Inapplicable ; Pass         ; Inapplicable ; Inapplicable ; Inapplicable ; Inapplicable ; Pass         ; Inapplicable ; Inapplicable ; Inapplicable ; Inapplicable ; Pass         ; Inapplicable ; Inapplicable ; Inapplicable ; Inapplicable ; Inapplicable ; Pass      ; Inapplicable ; Inapplicable ;
; GPIO[0]             ; Pass         ; Inapplicable ; Pass         ; Inapplicable ; Inapplicable ; Pass      ; Pass         ; Inapplicable ; Pass      ; Pass      ; Inapplicable ; Pass         ; Inapplicable ; Inapplicable ; Inapplicable ; Inapplicable ; Pass         ; Inapplicable ; Inapplicable ; Inapplicable ; Inapplicable ; Pass         ; Inapplicable ; Inapplicable ; Inapplicable ; Inapplicable ; Inapplicable ; Pass      ; Inapplicable ; Inapplicable ;
; HEX0[0]             ; Pass         ; Inapplicable ; Pass         ; Inapplicable ; Inapplicable ; Pass      ; Pass         ; Inapplicable ; Pass      ; Pass      ; Inapplicable ; Pass         ; Inapplicable ; Inapplicable ; Inapplicable ; Inapplicable ; Pass         ; Inapplicable ; Inapplicable ; Inapplicable ; Inapplicable ; Pass         ; Inapplicable ; Inapplicable ; Inapplicable ; Inapplicable ; Inapplicable ; Pass      ; Inapplicable ; Inapplicable ;
; LEDR[9]             ; Pass         ; Inapplicable ; Pass         ; Inapplicable ; Inapplicable ; Pass      ; Pass         ; Inapplicable ; Pass      ; Pass      ; Inapplicable ; Pass         ; Inapplicable ; Inapplicable ; Inapplicable ; Inapplicable ; Pass         ; Inapplicable ; Inapplicable ; Inapplicable ; Inapplicable ; Pass         ; Inapplicable ; Inapplicable ; Inapplicable ; Inapplicable ; Inapplicable ; Pass      ; Inapplicable ; Inapplicable ;
; LEDR[8]             ; Pass         ; Inapplicable ; Pass         ; Inapplicable ; Inapplicable ; Pass      ; Pass         ; Inapplicable ; Pass      ; Pass      ; Inapplicable ; Pass         ; Inapplicable ; Inapplicable ; Inapplicable ; Inapplicable ; Pass         ; Inapplicable ; Inapplicable ; Inapplicable ; Inapplicable ; Pass         ; Inapplicable ; Inapplicable ; Inapplicable ; Inapplicable ; Inapplicable ; Pass      ; Inapplicable ; Inapplicable ;
; LEDR[7]             ; Pass         ; Inapplicable ; Pass         ; Inapplicable ; Inapplicable ; Pass      ; Pass         ; Inapplicable ; Pass      ; Pass      ; Inapplicable ; Pass         ; Inapplicable ; Inapplicable ; Inapplicable ; Inapplicable ; Pass         ; Inapplicable ; Inapplicable ; Inapplicable ; Inapplicable ; Pass         ; Inapplicable ; Inapplicable ; Inapplicable ; Inapplicable ; Inapplicable ; Pass      ; Inapplicable ; Inapplicable ;
; LEDR[6]             ; Pass         ; Inapplicable ; Pass         ; Inapplicable ; Inapplicable ; Pass      ; Pass         ; Inapplicable ; Pass      ; Pass      ; Inapplicable ; Pass         ; Inapplicable ; Inapplicable ; Inapplicable ; Inapplicable ; Pass         ; Inapplicable ; Inapplicable ; Inapplicable ; Inapplicable ; Pass         ; Inapplicable ; Inapplicable ; Inapplicable ; Inapplicable ; Inapplicable ; Pass      ; Inapplicable ; Inapplicable ;
; LEDR[5]             ; Pass         ; Inapplicable ; Pass         ; Inapplicable ; Inapplicable ; Pass      ; Pass         ; Inapplicable ; Pass      ; Pass      ; Inapplicable ; Pass         ; Inapplicable ; Inapplicable ; Inapplicable ; Inapplicable ; Pass         ; Inapplicable ; Inapplicable ; Inapplicable ; Inapplicable ; Pass         ; Inapplicable ; Inapplicable ; Inapplicable ; Inapplicable ; Inapplicable ; Pass      ; Inapplicable ; Inapplicable ;
; LEDR[4]             ; Pass         ; Inapplicable ; Pass         ; Inapplicable ; Inapplicable ; Pass      ; Pass         ; Inapplicable ; Pass      ; Pass      ; Inapplicable ; Pass         ; Inapplicable ; Inapplicable ; Inapplicable ; Inapplicable ; Pass         ; Inapplicable ; Inapplicable ; Inapplicable ; Inapplicable ; Pass         ; Inapplicable ; Inapplicable ; Inapplicable ; Inapplicable ; Inapplicable ; Pass      ; Inapplicable ; Inapplicable ;
; LEDR[3]             ; Pass         ; Inapplicable ; Pass         ; Inapplicable ; Inapplicable ; Pass      ; Pass         ; Inapplicable ; Pass      ; Pass      ; Inapplicable ; Pass         ; Inapplicable ; Inapplicable ; Inapplicable ; Inapplicable ; Pass         ; Inapplicable ; Inapplicable ; Inapplicable ; Inapplicable ; Pass         ; Inapplicable ; Inapplicable ; Inapplicable ; Inapplicable ; Inapplicable ; Pass      ; Inapplicable ; Inapplicable ;
; LEDR[2]             ; Pass         ; Inapplicable ; Pass         ; Inapplicable ; Inapplicable ; Pass      ; Pass         ; Inapplicable ; Pass      ; Pass      ; Inapplicable ; Pass         ; Inapplicable ; Inapplicable ; Inapplicable ; Inapplicable ; Pass         ; Inapplicable ; Inapplicable ; Inapplicable ; Inapplicable ; Pass         ; Inapplicable ; Inapplicable ; Inapplicable ; Inapplicable ; Inapplicable ; Pass      ; Inapplicable ; Inapplicable ;
; LEDR[1]             ; Pass         ; Inapplicable ; Pass         ; Inapplicable ; Inapplicable ; Pass      ; Pass         ; Inapplicable ; Pass      ; Pass      ; Inapplicable ; Pass         ; Inapplicable ; Inapplicable ; Inapplicable ; Inapplicable ; Pass         ; Inapplicable ; Inapplicable ; Inapplicable ; Inapplicable ; Pass         ; Inapplicable ; Inapplicable ; Inapplicable ; Inapplicable ; Inapplicable ; Pass      ; Inapplicable ; Inapplicable ;
; LEDR[0]             ; Pass         ; Inapplicable ; Pass         ; Inapplicable ; Inapplicable ; Pass      ; Pass         ; Inapplicable ; Pass      ; Pass      ; Inapplicable ; Pass         ; Inapplicable ; Inapplicable ; Inapplicable ; Inapplicable ; Pass         ; Inapplicable ; Inapplicable ; Inapplicable ; Inapplicable ; Pass         ; Inapplicable ; Inapplicable ; Inapplicable ; Inapplicable ; Inapplicable ; Pass      ; Inapplicable ; Inapplicable ;
; VGA_B[3]            ; Pass         ; Inapplicable ; Pass         ; Inapplicable ; Inapplicable ; Pass      ; Pass         ; Inapplicable ; Pass      ; Pass      ; Inapplicable ; Pass         ; Inapplicable ; Inapplicable ; Inapplicable ; Inapplicable ; Pass         ; Inapplicable ; Inapplicable ; Inapplicable ; Inapplicable ; Pass         ; Inapplicable ; Inapplicable ; Inapplicable ; Inapplicable ; Inapplicable ; Pass      ; Inapplicable ; Inapplicable ;
; VGA_B[2]            ; Pass         ; Inapplicable ; Pass         ; Inapplicable ; Inapplicable ; Pass      ; Pass         ; Inapplicable ; Pass      ; Pass      ; Inapplicable ; Pass         ; Inapplicable ; Inapplicable ; Inapplicable ; Inapplicable ; Pass         ; Inapplicable ; Inapplicable ; Inapplicable ; Inapplicable ; Pass         ; Inapplicable ; Inapplicable ; Inapplicable ; Inapplicable ; Inapplicable ; Pass      ; Inapplicable ; Inapplicable ;
; VGA_B[1]            ; Pass         ; Inapplicable ; Pass         ; Inapplicable ; Inapplicable ; Pass      ; Pass         ; Inapplicable ; Pass      ; Pass      ; Inapplicable ; Pass         ; Inapplicable ; Inapplicable ; Inapplicable ; Inapplicable ; Pass         ; Inapplicable ; Inapplicable ; Inapplicable ; Inapplicable ; Pass         ; Inapplicable ; Inapplicable ; Inapplicable ; Inapplicable ; Inapplicable ; Pass      ; Inapplicable ; Inapplicable ;
; VGA_B[0]            ; Pass         ; Inapplicable ; Pass         ; Inapplicable ; Inapplicable ; Pass      ; Pass         ; Inapplicable ; Pass      ; Pass      ; Inapplicable ; Pass         ; Inapplicable ; Inapplicable ; Inapplicable ; Inapplicable ; Pass         ; Inapplicable ; Inapplicable ; Inapplicable ; Inapplicable ; Pass         ; Inapplicable ; Inapplicable ; Inapplicable ; Inapplicable ; Inapplicable ; Pass      ; Inapplicable ; Inapplicable ;
; VGA_G[3]            ; Pass         ; Inapplicable ; Pass         ; Inapplicable ; Inapplicable ; Pass      ; Pass         ; Inapplicable ; Pass      ; Pass      ; Inapplicable ; Pass         ; Inapplicable ; Inapplicable ; Inapplicable ; Inapplicable ; Pass         ; Inapplicable ; Inapplicable ; Inapplicable ; Inapplicable ; Pass         ; Inapplicable ; Inapplicable ; Inapplicable ; Inapplicable ; Inapplicable ; Pass      ; Inapplicable ; Inapplicable ;
; VGA_G[2]            ; Pass         ; Inapplicable ; Pass         ; Inapplicable ; Inapplicable ; Pass      ; Pass         ; Inapplicable ; Pass      ; Pass      ; Inapplicable ; Pass         ; Inapplicable ; Inapplicable ; Inapplicable ; Inapplicable ; Pass         ; Inapplicable ; Inapplicable ; Inapplicable ; Inapplicable ; Pass         ; Inapplicable ; Inapplicable ; Inapplicable ; Inapplicable ; Inapplicable ; Pass      ; Inapplicable ; Inapplicable ;
; VGA_G[1]            ; Pass         ; Inapplicable ; Pass         ; Inapplicable ; Inapplicable ; Pass      ; Pass         ; Inapplicable ; Pass      ; Pass      ; Inapplicable ; Pass         ; Inapplicable ; Inapplicable ; Inapplicable ; Inapplicable ; Pass         ; Inapplicable ; Inapplicable ; Inapplicable ; Inapplicable ; Pass         ; Inapplicable ; Inapplicable ; Inapplicable ; Inapplicable ; Inapplicable ; Pass      ; Inapplicable ; Inapplicable ;
; VGA_G[0]            ; Pass         ; Inapplicable ; Pass         ; Inapplicable ; Inapplicable ; Pass      ; Pass         ; Inapplicable ; Pass      ; Pass      ; Inapplicable ; Pass         ; Inapplicable ; Inapplicable ; Inapplicable ; Inapplicable ; Pass         ; Inapplicable ; Inapplicable ; Inapplicable ; Inapplicable ; Pass         ; Inapplicable ; Inapplicable ; Inapplicable ; Inapplicable ; Inapplicable ; Pass      ; Inapplicable ; Inapplicable ;
; VGA_R[3]            ; Pass         ; Inapplicable ; Pass         ; Inapplicable ; Inapplicable ; Pass      ; Pass         ; Inapplicable ; Pass      ; Pass      ; Inapplicable ; Pass         ; Inapplicable ; Inapplicable ; Inapplicable ; Inapplicable ; Pass         ; Inapplicable ; Inapplicable ; Inapplicable ; Inapplicable ; Pass         ; Inapplicable ; Inapplicable ; Inapplicable ; Inapplicable ; Inapplicable ; Pass      ; Inapplicable ; Inapplicable ;
; VGA_R[2]            ; Pass         ; Inapplicable ; Pass         ; Inapplicable ; Inapplicable ; Pass      ; Pass         ; Inapplicable ; Pass      ; Pass      ; Inapplicable ; Pass         ; Inapplicable ; Inapplicable ; Inapplicable ; Inapplicable ; Pass         ; Inapplicable ; Inapplicable ; Inapplicable ; Inapplicable ; Pass         ; Inapplicable ; Inapplicable ; Inapplicable ; Inapplicable ; Inapplicable ; Pass      ; Inapplicable ; Inapplicable ;
; VGA_R[1]            ; Pass         ; Inapplicable ; Pass         ; Inapplicable ; Inapplicable ; Pass      ; Pass         ; Inapplicable ; Pass      ; Pass      ; Inapplicable ; Pass         ; Inapplicable ; Inapplicable ; Inapplicable ; Inapplicable ; Pass         ; Inapplicable ; Inapplicable ; Inapplicable ; Inapplicable ; Pass         ; Inapplicable ; Inapplicable ; Inapplicable ; Inapplicable ; Inapplicable ; Pass      ; Inapplicable ; Inapplicable ;
; VGA_R[0]            ; Pass         ; Inapplicable ; Pass         ; Inapplicable ; Inapplicable ; Pass      ; Pass         ; Inapplicable ; Pass      ; Pass      ; Inapplicable ; Pass         ; Inapplicable ; Inapplicable ; Inapplicable ; Inapplicable ; Pass         ; Inapplicable ; Inapplicable ; Inapplicable ; Inapplicable ; Pass         ; Inapplicable ; Inapplicable ; Inapplicable ; Inapplicable ; Inapplicable ; Pass      ; Inapplicable ; Inapplicable ;
; SW[0]               ; Pass         ; Inapplicable ; Pass         ; Inapplicable ; Inapplicable ; Pass      ; Pass         ; Inapplicable ; Pass      ; Pass      ; Inapplicable ; Inapplicable ; Inapplicable ; Inapplicable ; Pass         ; Inapplicable ; Inapplicable ; Pass         ; Inapplicable ; Inapplicable ; Inapplicable ; Inapplicable ; Inapplicable ; Inapplicable ; Inapplicable ; Inapplicable ; Inapplicable ; Pass      ; Inapplicable ; Inapplicable ;
; MAX10_CLK1_50       ; Pass         ; Inapplicable ; Pass         ; Inapplicable ; Inapplicable ; Pass      ; Pass         ; Inapplicable ; Pass      ; Pass      ; Inapplicable ; Inapplicable ; Inapplicable ; Inapplicable ; Pass         ; Inapplicable ; Inapplicable ; Pass         ; Inapplicable ; Inapplicable ; Inapplicable ; Inapplicable ; Inapplicable ; Inapplicable ; Inapplicable ; Inapplicable ; Inapplicable ; Pass      ; Inapplicable ; Inapplicable ;
; altera_reserved_tms ; Inapplicable ; Inapplicable ; Inapplicable ; Inapplicable ; Inapplicable ; Pass      ; Inapplicable ; Inapplicable ; Pass      ; Pass      ; Inapplicable ; Inapplicable ; Inapplicable ; Inapplicable ; Inapplicable ; Inapplicable ; Inapplicable ; Inapplicable ; Inapplicable ; Inapplicable ; Inapplicable ; Inapplicable ; Inapplicable ; Inapplicable ; Inapplicable ; Inapplicable ; Inapplicable ; Pass      ; Inapplicable ; Inapplicable ;
; altera_reserved_tck ; Inapplicable ; Inapplicable ; Inapplicable ; Inapplicable ; Inapplicable ; Pass      ; Inapplicable ; Inapplicable ; Pass      ; Pass      ; Inapplicable ; Inapplicable ; Inapplicable ; Inapplicable ; Inapplicable ; Inapplicable ; Inapplicable ; Inapplicable ; Inapplicable ; Inapplicable ; Inapplicable ; Inapplicable ; Inapplicable ; Inapplicable ; Inapplicable ; Inapplicable ; Inapplicable ; Pass      ; Inapplicable ; Inapplicable ;
; altera_reserved_tdi ; Inapplicable ; Inapplicable ; Inapplicable ; Inapplicable ; Inapplicable ; Pass      ; Inapplicable ; Inapplicable ; Pass      ; Pass      ; Inapplicable ; Inapplicable ; Inapplicable ; Inapplicable ; Inapplicable ; Inapplicable ; Inapplicable ; Inapplicable ; Inapplicable ; Inapplicable ; Inapplicable ; Inapplicable ; Inapplicable ; Inapplicable ; Inapplicable ; Inapplicable ; Inapplicable ; Pass      ; Inapplicable ; Inapplicable ;
; altera_reserved_tdo ; Inapplicable ; Inapplicable ; Inapplicable ; Inapplicable ; Inapplicable ; Pass      ; Inapplicable ; Inapplicable ; Pass      ; Pass      ; Inapplicable ; Inapplicable ; Inapplicable ; Inapplicable ; Inapplicable ; Inapplicable ; Inapplicable ; Inapplicable ; Inapplicable ; Inapplicable ; Inapplicable ; Inapplicable ; Inapplicable ; Inapplicable ; Inapplicable ; Inapplicable ; Inapplicable ; Pass      ; Inapplicable ; Inapplicable ;
+---------------------+--------------+--------------+--------------+--------------+--------------+-----------+--------------+--------------+-----------+-----------+--------------+--------------+--------------+--------------+--------------+--------------+--------------+--------------+--------------+--------------+--------------+--------------+--------------+--------------+--------------+--------------+--------------+-----------+--------------+--------------+


+-------------------------------------------------------------------------------------------+
; Fitter Device Options                                                                     ;
+------------------------------------------------------------------+------------------------+
; Option                                                           ; Setting                ;
+------------------------------------------------------------------+------------------------+
; Enable user-supplied start-up clock (CLKUSR)                     ; Off                    ;
; Enable device-wide reset (DEV_CLRn)                              ; Off                    ;
; Enable device-wide output enable (DEV_OE)                        ; Off                    ;
; Enable INIT_DONE output                                          ; Off                    ;
; Configuration scheme                                             ; Internal Configuration ;
; Enable Error Detection CRC_ERROR pin                             ; Off                    ;
; Enable open drain on CRC_ERROR pin                               ; Off                    ;
; Enable nCONFIG, nSTATUS, and CONF_DONE pins                      ; On                     ;
; Enable JTAG pin sharing                                          ; Off                    ;
; Enable nCE pin                                                   ; Off                    ;
; Enable CONFIG_SEL pin                                            ; On                     ;
; Enable input tri-state on active configuration pins in user mode ; Off                    ;
; Configuration Voltage Level                                      ; Auto                   ;
; Force Configuration Voltage Level                                ; Off                    ;
; Data[0]                                                          ; Unreserved             ;
; Data[1]/ASDO                                                     ; Unreserved             ;
; FLASH_nCE/nCSO                                                   ; Unreserved             ;
; DCLK                                                             ; Unreserved             ;
+------------------------------------------------------------------+------------------------+


+------------------------------------+
; Operating Settings and Conditions  ;
+---------------------------+--------+
; Setting                   ; Value  ;
+---------------------------+--------+
; Nominal Core Voltage      ; 1.20 V ;
; Low Junction Temperature  ; 0 °C   ;
; High Junction Temperature ; 85 °C  ;
+---------------------------+--------+


+-----------------+
; Fitter Messages ;
+-----------------+
Warning (18236): Number of processors has not been specified which may cause overloading on shared machines.  Set the global assignment NUM_PARALLEL_PROCESSORS in your QSF to an appropriate value for best performance.
Info (20030): Parallel compilation is enabled and will use 2 of the 2 processors detected
Info (119006): Selected device 10M50DAF484C7G for design "vga1"
Info (21077): Low junction temperature is 0 degrees C
Info (21077): High junction temperature is 85 degrees C
Info (15535): Implemented PLL "pllstp:inst2|altpll:altpll_component|pllstp_altpll:auto_generated|pll1" as MAX 10 PLL type File: C:/Users/otavi/OneDrive/Documentos/Reconfiguravel/FPGA_mandelbrot_explorer/src/db/pllstp_altpll.v Line: 50
    Info (15099): Implementing clock multiplication of 2, clock division of 1, and phase shift of 0 degrees (0 ps) for pllstp:inst2|altpll:altpll_component|pllstp_altpll:auto_generated|wire_pll1_clk[0] port File: C:/Users/otavi/OneDrive/Documentos/Reconfiguravel/FPGA_mandelbrot_explorer/src/db/pllstp_altpll.v Line: 50
Info (15535): Implemented PLL "pll_25MHz:inst1|altpll:altpll_component|pll_25MHz_altpll:auto_generated|pll1" as MAX 10 PLL type File: C:/Users/otavi/OneDrive/Documentos/Reconfiguravel/FPGA_mandelbrot_explorer/src/db/pll_25mhz_altpll.v Line: 50
    Info (15099): Implementing clock multiplication of 1, clock division of 2, and phase shift of 0 degrees (0 ps) for pll_25MHz:inst1|altpll:altpll_component|pll_25MHz_altpll:auto_generated|wire_pll1_clk[0] port File: C:/Users/otavi/OneDrive/Documentos/Reconfiguravel/FPGA_mandelbrot_explorer/src/db/pll_25mhz_altpll.v Line: 50
Info (171003): Fitter is performing an Auto Fit compilation, which may decrease Fitter effort to reduce compilation time
Warning (292013): Feature LogicLock is only available with a valid subscription license. You can purchase a software subscription to gain full access to this feature.
Info (176444): Device migration not selected. If you intend to use device migration later, you may need to change the pin assignments as they may be incompatible with other devices
    Info (176445): Device 10M08DAF484I7G is compatible
    Info (176445): Device 10M08DAF484I7P is compatible
    Info (176445): Device 10M16DAF484C7G is compatible
    Info (176445): Device 10M16DAF484I7G is compatible
    Info (176445): Device 10M16DAF484I7P is compatible
    Info (176445): Device 10M25DAF484C7G is compatible
    Info (176445): Device 10M25DAF484I7G is compatible
    Info (176445): Device 10M50DAF484I7G is compatible
    Info (176445): Device 10M50DAF484I7P is compatible
    Info (176445): Device 10M40DAF484C7G is compatible
    Info (176445): Device 10M40DAF484I7G is compatible
Info (169124): Fitter converted 4 user pins into dedicated programming pins
    Info (169125): Pin ~ALTERA_CONFIG_SEL~ is reserved at location H10
    Info (169125): Pin ~ALTERA_nCONFIG~ is reserved at location H9
    Info (169125): Pin ~ALTERA_nSTATUS~ is reserved at location G9
    Info (169125): Pin ~ALTERA_CONF_DONE~ is reserved at location F8
Info (169141): DATA[0] dual-purpose pin not reserved
Info (12825): Data[1]/ASDO dual-purpose pin not reserved
Info (12825): nCSO dual-purpose pin not reserved
Info (12825): DCLK dual-purpose pin not reserved
Warning (15714): Some pins have incomplete I/O assignments. Refer to the I/O Assignment Warnings report for details
Info (176045): Design uses memory blocks. Violating setup or hold times of memory block address registers for either read or write operations could cause memory contents to be corrupted. Make sure that all memory block address registers meet the setup and hold time requirements.
Info (176132): Successfully merged PLL pll_25MHz:inst1|altpll:altpll_component|pll_25MHz_altpll:auto_generated|pll1 and PLL pllstp:inst2|altpll:altpll_component|pllstp_altpll:auto_generated|pll1 File: C:/Users/otavi/OneDrive/Documentos/Reconfiguravel/FPGA_mandelbrot_explorer/src/db/pll_25mhz_altpll.v Line: 92
Info (332164): Evaluating HDL-embedded SDC commands
    Info (332165): Entity sld_hub
        Info (332166): create_clock -name altera_reserved_tck [get_ports {altera_reserved_tck}] -period 10MHz   
        Info (332166): set_clock_groups -asynchronous -group {altera_reserved_tck}
Critical Warning (332012): Synopsys Design Constraints File file not found: 'vga1.sdc'. A Synopsys Design Constraints File is required by the Timing Analyzer to get proper timing constraints. Without it, the Compiler will not properly optimize the design.
Warning (332060): Node: MAX10_CLK1_50 was determined to be a clock but was found without an associated clock assignment.
    Info (13166): Register VGA_drvr:inst|h_count[8] is being clocked by MAX10_CLK1_50
Info (332097): The following timing edges are non-unate.  The Timing Analyzer will assume pos-unate behavior for these edges in the clock network.
    Info (332098): Cell: altera_internal_jtag  from: tck  to: tckutap
Warning (332056): PLL cross checking found inconsistent PLL clock settings:
    Warning (332056): Node: inst1|altpll_component|auto_generated|pll1|clk[0] was found missing 1 generated clock that corresponds to a base clock with a period of: 20.000
    Warning (332056): Node: inst1|altpll_component|auto_generated|pll1|clk[1] was found missing 1 generated clock that corresponds to a base clock with a period of: 20.000
Critical Warning (332168): The following clock transfers have no clock uncertainty assignment. For more accurate results, apply clock uncertainty assignments or use the derive_clock_uncertainty command.
    Critical Warning (332169): From altera_reserved_tck (Rise) to altera_reserved_tck (Rise) (setup and hold)
    Critical Warning (332169): From altera_reserved_tck (Rise) to altera_reserved_tck (Fall) (setup and hold)
Info (332129): Detected timing requirements -- optimizing circuit to achieve only the specified requirements
Info (332111): Found 1 clocks
    Info (332111):   Period   Clock Name
    Info (332111): ======== ============
    Info (332111):  100.000 altera_reserved_tck
Info (176353): Automatically promoted node pll_25MHz:inst1|altpll:altpll_component|pll_25MHz_altpll:auto_generated|wire_pll1_clk[0] (placed in counter C0 of PLL_1) File: C:/Users/otavi/OneDrive/Documentos/Reconfiguravel/FPGA_mandelbrot_explorer/src/db/pll_25mhz_altpll.v Line: 92
    Info (176355): Automatically promoted destinations to use location or clock signal Global Clock CLKCTRL_G18
Info (176353): Automatically promoted node pll_25MHz:inst1|altpll:altpll_component|pll_25MHz_altpll:auto_generated|wire_pll1_clk[1] (placed in counter C1 of PLL_1) File: C:/Users/otavi/OneDrive/Documentos/Reconfiguravel/FPGA_mandelbrot_explorer/src/db/pll_25mhz_altpll.v Line: 92
    Info (176355): Automatically promoted destinations to use location or clock signal Global Clock CLKCTRL_G19
Info (176353): Automatically promoted node altera_internal_jtag~TCKUTAP 
    Info (176355): Automatically promoted destinations to use location or clock signal Global Clock
Info (176353): Automatically promoted node sld_signaltap:auto_signaltap_0|sld_signaltap_impl:sld_signaltap_body|sld_signaltap_implb:sld_signaltap_body|reset_all  File: c:/intelfpga_lite/18.1/quartus/libraries/megafunctions/sld_signaltap_impl.vhd Line: 882
    Info (176355): Automatically promoted destinations to use location or clock signal Global Clock
    Info (176356): Following destination nodes may be non-global or may not use global or regional clocks
        Info (176357): Destination node sld_signaltap:auto_signaltap_0|sld_signaltap_impl:sld_signaltap_body|sld_signaltap_implb:sld_signaltap_body|sld_buffer_manager:sld_buffer_manager_inst|last_buffer_write_address_sig[0]~0 File: c:/intelfpga_lite/18.1/quartus/libraries/megafunctions/sld_buffer_manager.vhd Line: 356
        Info (176357): Destination node sld_signaltap:auto_signaltap_0|sld_signaltap_impl:sld_signaltap_body|sld_signaltap_implb:sld_signaltap_body|sld_offload_buffer_mgr:\stp_non_zero_depth_offload_gen:stp_offload_buff_mgr_inst|acq_buf_read_reset~0 File: c:/intelfpga_lite/18.1/quartus/libraries/megafunctions/sld_buffer_manager.vhd Line: 638
        Info (176357): Destination node sld_signaltap:auto_signaltap_0|sld_signaltap_impl:sld_signaltap_body|sld_signaltap_implb:sld_signaltap_body|sld_offload_buffer_mgr:\stp_non_zero_depth_offload_gen:stp_offload_buff_mgr_inst|acq_buf_read_reset File: c:/intelfpga_lite/18.1/quartus/libraries/megafunctions/sld_buffer_manager.vhd Line: 638
Info (176233): Starting register packing
Info (176235): Finished register packing
    Extra Info (176218): Packed 384 registers into blocks of type Embedded multiplier block
    Extra Info (176220): Created 322 register duplicates
Warning (15064): PLL "pll_25MHz:inst1|altpll:altpll_component|pll_25MHz_altpll:auto_generated|pll1" output port clk[1] feeds output pin "HEX0[0]~output" via non-dedicated routing -- jitter performance depends on switching rate of other design elements. Use PLL dedicated clock outputs to ensure jitter performance File: C:/Users/otavi/OneDrive/Documentos/Reconfiguravel/FPGA_mandelbrot_explorer/src/db/pll_25mhz_altpll.v Line: 50
Warning (15705): Ignored locations or region assignments to the following nodes
    Warning (15706): Node "ADC_CLK_10" is assigned to location or region, but does not exist in design
    Warning (15706): Node "ARDUINO_IO[10]" is assigned to location or region, but does not exist in design
    Warning (15706): Node "ARDUINO_IO[11]" is assigned to location or region, but does not exist in design
    Warning (15706): Node "ARDUINO_IO[12]" is assigned to location or region, but does not exist in design
    Warning (15706): Node "ARDUINO_IO[13]" is assigned to location or region, but does not exist in design
    Warning (15706): Node "ARDUINO_IO[14]" is assigned to location or region, but does not exist in design
    Warning (15706): Node "ARDUINO_IO[15]" is assigned to location or region, but does not exist in design
    Warning (15706): Node "ARDUINO_IO[8]" is assigned to location or region, but does not exist in design
    Warning (15706): Node "ARDUINO_IO[9]" is assigned to location or region, but does not exist in design
    Warning (15706): Node "ARDUINO_RESET_N" is assigned to location or region, but does not exist in design
    Warning (15706): Node "DRAM_ADDR[0]" is assigned to location or region, but does not exist in design
    Warning (15706): Node "DRAM_ADDR[10]" is assigned to location or region, but does not exist in design
    Warning (15706): Node "DRAM_ADDR[11]" is assigned to location or region, but does not exist in design
    Warning (15706): Node "DRAM_ADDR[12]" is assigned to location or region, but does not exist in design
    Warning (15706): Node "DRAM_ADDR[1]" is assigned to location or region, but does not exist in design
    Warning (15706): Node "DRAM_ADDR[2]" is assigned to location or region, but does not exist in design
    Warning (15706): Node "DRAM_ADDR[3]" is assigned to location or region, but does not exist in design
    Warning (15706): Node "DRAM_ADDR[4]" is assigned to location or region, but does not exist in design
    Warning (15706): Node "DRAM_ADDR[5]" is assigned to location or region, but does not exist in design
    Warning (15706): Node "DRAM_ADDR[6]" is assigned to location or region, but does not exist in design
    Warning (15706): Node "DRAM_ADDR[7]" is assigned to location or region, but does not exist in design
    Warning (15706): Node "DRAM_ADDR[8]" is assigned to location or region, but does not exist in design
    Warning (15706): Node "DRAM_ADDR[9]" is assigned to location or region, but does not exist in design
    Warning (15706): Node "DRAM_BA[0]" is assigned to location or region, but does not exist in design
    Warning (15706): Node "DRAM_BA[1]" is assigned to location or region, but does not exist in design
    Warning (15706): Node "DRAM_CAS_N" is assigned to location or region, but does not exist in design
    Warning (15706): Node "DRAM_CKE" is assigned to location or region, but does not exist in design
    Warning (15706): Node "DRAM_CLK" is assigned to location or region, but does not exist in design
    Warning (15706): Node "DRAM_CS_N" is assigned to location or region, but does not exist in design
    Warning (15706): Node "DRAM_DQ[0]" is assigned to location or region, but does not exist in design
    Warning (15706): Node "DRAM_DQ[10]" is assigned to location or region, but does not exist in design
    Warning (15706): Node "DRAM_DQ[11]" is assigned to location or region, but does not exist in design
    Warning (15706): Node "DRAM_DQ[12]" is assigned to location or region, but does not exist in design
    Warning (15706): Node "DRAM_DQ[13]" is assigned to location or region, but does not exist in design
    Warning (15706): Node "DRAM_DQ[14]" is assigned to location or region, but does not exist in design
    Warning (15706): Node "DRAM_DQ[15]" is assigned to location or region, but does not exist in design
    Warning (15706): Node "DRAM_DQ[1]" is assigned to location or region, but does not exist in design
    Warning (15706): Node "DRAM_DQ[2]" is assigned to location or region, but does not exist in design
    Warning (15706): Node "DRAM_DQ[3]" is assigned to location or region, but does not exist in design
    Warning (15706): Node "DRAM_DQ[4]" is assigned to location or region, but does not exist in design
    Warning (15706): Node "DRAM_DQ[5]" is assigned to location or region, but does not exist in design
    Warning (15706): Node "DRAM_DQ[6]" is assigned to location or region, but does not exist in design
    Warning (15706): Node "DRAM_DQ[7]" is assigned to location or region, but does not exist in design
    Warning (15706): Node "DRAM_DQ[8]" is assigned to location or region, but does not exist in design
    Warning (15706): Node "DRAM_DQ[9]" is assigned to location or region, but does not exist in design
    Warning (15706): Node "DRAM_LDQM" is assigned to location or region, but does not exist in design
    Warning (15706): Node "DRAM_RAS_N" is assigned to location or region, but does not exist in design
    Warning (15706): Node "DRAM_UDQM" is assigned to location or region, but does not exist in design
    Warning (15706): Node "DRAM_WE_N" is assigned to location or region, but does not exist in design
    Warning (15706): Node "GPIO[10]" is assigned to location or region, but does not exist in design
    Warning (15706): Node "GPIO[11]" is assigned to location or region, but does not exist in design
    Warning (15706): Node "GPIO[12]" is assigned to location or region, but does not exist in design
    Warning (15706): Node "GPIO[13]" is assigned to location or region, but does not exist in design
    Warning (15706): Node "GPIO[14]" is assigned to location or region, but does not exist in design
    Warning (15706): Node "GPIO[15]" is assigned to location or region, but does not exist in design
    Warning (15706): Node "GPIO[16]" is assigned to location or region, but does not exist in design
    Warning (15706): Node "GPIO[17]" is assigned to location or region, but does not exist in design
    Warning (15706): Node "GPIO[18]" is assigned to location or region, but does not exist in design
    Warning (15706): Node "GPIO[19]" is assigned to location or region, but does not exist in design
    Warning (15706): Node "GPIO[20]" is assigned to location or region, but does not exist in design
    Warning (15706): Node "GPIO[21]" is assigned to location or region, but does not exist in design
    Warning (15706): Node "GPIO[22]" is assigned to location or region, but does not exist in design
    Warning (15706): Node "GPIO[23]" is assigned to location or region, but does not exist in design
    Warning (15706): Node "GPIO[24]" is assigned to location or region, but does not exist in design
    Warning (15706): Node "GPIO[25]" is assigned to location or region, but does not exist in design
    Warning (15706): Node "GPIO[26]" is assigned to location or region, but does not exist in design
    Warning (15706): Node "GPIO[27]" is assigned to location or region, but does not exist in design
    Warning (15706): Node "GPIO[28]" is assigned to location or region, but does not exist in design
    Warning (15706): Node "GPIO[29]" is assigned to location or region, but does not exist in design
    Warning (15706): Node "GPIO[30]" is assigned to location or region, but does not exist in design
    Warning (15706): Node "GPIO[31]" is assigned to location or region, but does not exist in design
    Warning (15706): Node "GPIO[32]" is assigned to location or region, but does not exist in design
    Warning (15706): Node "GPIO[33]" is assigned to location or region, but does not exist in design
    Warning (15706): Node "GPIO[34]" is assigned to location or region, but does not exist in design
    Warning (15706): Node "GPIO[35]" is assigned to location or region, but does not exist in design
    Warning (15706): Node "GSENSOR_CS_N" is assigned to location or region, but does not exist in design
    Warning (15706): Node "GSENSOR_INT[1]" is assigned to location or region, but does not exist in design
    Warning (15706): Node "GSENSOR_INT[2]" is assigned to location or region, but does not exist in design
    Warning (15706): Node "GSENSOR_SCLK" is assigned to location or region, but does not exist in design
    Warning (15706): Node "GSENSOR_SDI" is assigned to location or region, but does not exist in design
    Warning (15706): Node "GSENSOR_SDO" is assigned to location or region, but does not exist in design
    Warning (15706): Node "HEX0[1]" is assigned to location or region, but does not exist in design
    Warning (15706): Node "HEX0[2]" is assigned to location or region, but does not exist in design
    Warning (15706): Node "HEX0[3]" is assigned to location or region, but does not exist in design
    Warning (15706): Node "HEX0[4]" is assigned to location or region, but does not exist in design
    Warning (15706): Node "HEX0[5]" is assigned to location or region, but does not exist in design
    Warning (15706): Node "HEX0[6]" is assigned to location or region, but does not exist in design
    Warning (15706): Node "HEX0[7]" is assigned to location or region, but does not exist in design
    Warning (15706): Node "HEX1[0]" is assigned to location or region, but does not exist in design
    Warning (15706): Node "HEX1[1]" is assigned to location or region, but does not exist in design
    Warning (15706): Node "HEX1[2]" is assigned to location or region, but does not exist in design
    Warning (15706): Node "HEX1[3]" is assigned to location or region, but does not exist in design
    Warning (15706): Node "HEX1[4]" is assigned to location or region, but does not exist in design
    Warning (15706): Node "HEX1[5]" is assigned to location or region, but does not exist in design
    Warning (15706): Node "HEX1[6]" is assigned to location or region, but does not exist in design
    Warning (15706): Node "HEX1[7]" is assigned to location or region, but does not exist in design
    Warning (15706): Node "HEX2[0]" is assigned to location or region, but does not exist in design
    Warning (15706): Node "HEX2[1]" is assigned to location or region, but does not exist in design
    Warning (15706): Node "HEX2[2]" is assigned to location or region, but does not exist in design
    Warning (15706): Node "HEX2[3]" is assigned to location or region, but does not exist in design
    Warning (15706): Node "HEX2[4]" is assigned to location or region, but does not exist in design
    Warning (15706): Node "HEX2[5]" is assigned to location or region, but does not exist in design
    Warning (15706): Node "HEX2[6]" is assigned to location or region, but does not exist in design
    Warning (15706): Node "HEX2[7]" is assigned to location or region, but does not exist in design
    Warning (15706): Node "HEX3[0]" is assigned to location or region, but does not exist in design
    Warning (15706): Node "HEX3[1]" is assigned to location or region, but does not exist in design
    Warning (15706): Node "HEX3[2]" is assigned to location or region, but does not exist in design
    Warning (15706): Node "HEX3[3]" is assigned to location or region, but does not exist in design
    Warning (15706): Node "HEX3[4]" is assigned to location or region, but does not exist in design
    Warning (15706): Node "HEX3[5]" is assigned to location or region, but does not exist in design
    Warning (15706): Node "HEX3[6]" is assigned to location or region, but does not exist in design
    Warning (15706): Node "HEX3[7]" is assigned to location or region, but does not exist in design
    Warning (15706): Node "HEX4[0]" is assigned to location or region, but does not exist in design
    Warning (15706): Node "HEX4[1]" is assigned to location or region, but does not exist in design
    Warning (15706): Node "HEX4[2]" is assigned to location or region, but does not exist in design
    Warning (15706): Node "HEX4[3]" is assigned to location or region, but does not exist in design
    Warning (15706): Node "HEX4[4]" is assigned to location or region, but does not exist in design
    Warning (15706): Node "HEX4[5]" is assigned to location or region, but does not exist in design
    Warning (15706): Node "HEX4[6]" is assigned to location or region, but does not exist in design
    Warning (15706): Node "HEX4[7]" is assigned to location or region, but does not exist in design
    Warning (15706): Node "HEX5[0]" is assigned to location or region, but does not exist in design
    Warning (15706): Node "HEX5[1]" is assigned to location or region, but does not exist in design
    Warning (15706): Node "HEX5[2]" is assigned to location or region, but does not exist in design
    Warning (15706): Node "HEX5[3]" is assigned to location or region, but does not exist in design
    Warning (15706): Node "HEX5[4]" is assigned to location or region, but does not exist in design
    Warning (15706): Node "HEX5[5]" is assigned to location or region, but does not exist in design
    Warning (15706): Node "HEX5[6]" is assigned to location or region, but does not exist in design
    Warning (15706): Node "HEX5[7]" is assigned to location or region, but does not exist in design
    Warning (15706): Node "MAX10_CLK2_50" is assigned to location or region, but does not exist in design
    Warning (15706): Node "SW[3]" is assigned to location or region, but does not exist in design
    Warning (15706): Node "SW[4]" is assigned to location or region, but does not exist in design
    Warning (15706): Node "SW[5]" is assigned to location or region, but does not exist in design
    Warning (15706): Node "SW[6]" is assigned to location or region, but does not exist in design
    Warning (15706): Node "SW[7]" is assigned to location or region, but does not exist in design
    Warning (15706): Node "SW[8]" is assigned to location or region, but does not exist in design
    Warning (15706): Node "SW[9]" is assigned to location or region, but does not exist in design
Info (171121): Fitter preparation operations ending: elapsed time is 00:00:06
Info (14896): Fitter has disabled Advanced Physical Optimization because it is not supported for the current family.
Info (170189): Fitter placement preparation operations beginning
Info (170190): Fitter placement preparation operations ending: elapsed time is 00:00:01
Info (170191): Fitter placement operations beginning
Info (170137): Fitter placement was successful
Info (170192): Fitter placement operations ending: elapsed time is 00:00:04
Info (170193): Fitter routing operations beginning
Info (170195): Router estimated average interconnect usage is 4% of the available device resources
    Info (170196): Router estimated peak interconnect usage is 20% of the available device resources in the region that extends from location X45_Y22 to location X55_Y32
Info (170199): The Fitter performed an Auto Fit compilation.  Optimizations were skipped to reduce compilation time.
    Info (170201): Optimizations that may affect the design's routability were skipped
    Info (170200): Optimizations that may affect the design's timing were skipped
Info (170194): Fitter routing operations ending: elapsed time is 00:00:04
Info (11888): Total time spent on timing analysis during the Fitter is 1.44 seconds.
Info (334003): Started post-fitting delay annotation
Info (334004): Delay annotation completed successfully
Info (334003): Started post-fitting delay annotation
Info (334004): Delay annotation completed successfully
Info (11218): Fitter post-fit operations ending: elapsed time is 00:00:17
Warning (171167): Found invalid Fitter assignments. See the Ignored Assignments panel in the Fitter Compilation Report for more information.
Info (144001): Generated suppressed messages file C:/Users/otavi/OneDrive/Documentos/Reconfiguravel/FPGA_mandelbrot_explorer/src/output_files/vga1.fit.smsg
Info: Quartus Prime Fitter was successful. 0 errors, 151 warnings
    Info: Peak virtual memory: 5381 megabytes
    Info: Processing ended: Thu Jul 09 09:32:48 2026
    Info: Elapsed time: 00:00:53
    Info: Total CPU time (on all processors): 00:00:55


+----------------------------+
; Fitter Suppressed Messages ;
+----------------------------+
The suppressed messages can be found in C:/Users/otavi/OneDrive/Documentos/Reconfiguravel/FPGA_mandelbrot_explorer/src/output_files/vga1.fit.smsg.


