Analysis & Synthesis report for vga1
Thu Jul 09 09:31:53 2026
Quartus Prime Version 18.1.0 Build 625 09/12/2018 SJ Lite Edition


---------------------
; Table of Contents ;
---------------------
  1. Legal Notice
  2. Analysis & Synthesis Summary
  3. Analysis & Synthesis Settings
  4. Parallel Compilation
  5. Analysis & Synthesis Source Files Read
  6. Analysis & Synthesis Resource Usage Summary
  7. Analysis & Synthesis Resource Utilization by Entity
  8. Analysis & Synthesis RAM Summary
  9. Analysis & Synthesis DSP Block Usage Summary
 10. Analysis & Synthesis IP Cores Summary
 11. State Machine - |vga1|vga_calc_simulator:inst12|state
 12. Registers Removed During Synthesis
 13. Removed Registers Triggering Further Register Optimizations
 14. General Register Statistics
 15. Inverted Register Statistics
 16. Registers Packed Into Inferred Megafunctions
 17. Multiplexer Restructuring Statistics (Restructuring Performed)
 18. Source assignments for rom2:inst4|altsyncram:altsyncram_component|altsyncram_ioq3:auto_generated
 19. Source assignments for sld_signaltap:auto_signaltap_0
 20. Source assignments for memory2:inst11|altsyncram:ram_block_rtl_0|altsyncram_a4c1:auto_generated
 21. Source assignments for Enderecamento:inst10|altshift_taps:auxcoluna_rtl_0|shift_taps_ugl:auto_generated|altsyncram_hv21:altsyncram4
 22. Parameter Settings for User Entity Instance: VGA_drvr:inst
 23. Parameter Settings for User Entity Instance: pll_25MHz:inst1|altpll:altpll_component
 24. Parameter Settings for User Entity Instance: color_mapper:inst3
 25. Parameter Settings for User Entity Instance: mandelbrot_pixel_core:inst6
 26. Parameter Settings for User Entity Instance: coordinate_generator:inst7
 27. Parameter Settings for User Entity Instance: pllstp:inst2|altpll:altpll_component
 28. Parameter Settings for User Entity Instance: rom2:inst4|altsyncram:altsyncram_component
 29. Parameter Settings for Inferred Entity Instance: sld_signaltap:auto_signaltap_0
 30. Parameter Settings for Inferred Entity Instance: memory2:inst11|altsyncram:ram_block_rtl_0
 31. Parameter Settings for Inferred Entity Instance: Enderecamento:inst10|altshift_taps:auxcoluna_rtl_0
 32. Parameter Settings for Inferred Entity Instance: mandelbrot_pixel_core:inst6|lpm_mult:Mult1
 33. Parameter Settings for Inferred Entity Instance: mandelbrot_pixel_core:inst6|lpm_mult:Mult0
 34. Parameter Settings for Inferred Entity Instance: mandelbrot_pixel_core:inst6|lpm_mult:Mult2
 35. altpll Parameter Settings by Entity Instance
 36. altsyncram Parameter Settings by Entity Instance
 37. altshift_taps Parameter Settings by Entity Instance
 38. lpm_mult Parameter Settings by Entity Instance
 39. Signal Tap Logic Analyzer Settings
 40. Post-Synthesis Netlist Statistics for Top Partition
 41. Elapsed Time Per Partition
 42. Connections to In-System Debugging Instance "auto_signaltap_0"
 43. Analysis & Synthesis Messages



----------------
; Legal Notice ;
----------------
Copyright (C) 2018  Intel Corporation. All rights reserved.
Your use of Intel Corporation's design tools, logic functions 
and other software and tools, and its AMPP partner logic 
functions, and any output files from any of the foregoing 
(including device programming or simulation files), and any 
associated documentation or information are expressly subject 
to the terms and conditions of the Intel Program License 
Subscription Agreement, the Intel Quartus Prime License Agreement,
the Intel FPGA IP License Agreement, or other applicable license
agreement, including, without limitation, that your use is for
the sole purpose of programming logic devices manufactured by
Intel and sold by Intel or its authorized distributors.  Please
refer to the applicable agreement for further details.



+----------------------------------------------------------------------------------+
; Analysis & Synthesis Summary                                                     ;
+------------------------------------+---------------------------------------------+
; Analysis & Synthesis Status        ; Successful - Thu Jul 09 09:31:53 2026       ;
; Quartus Prime Version              ; 18.1.0 Build 625 09/12/2018 SJ Lite Edition ;
; Revision Name                      ; vga1                                        ;
; Top-level Entity Name              ; vga1                                        ;
; Family                             ; MAX 10                                      ;
; Total logic elements               ; 2,032                                       ;
;     Total combinational functions  ; 1,502                                       ;
;     Dedicated logic registers      ; 1,079                                       ;
; Total registers                    ; 1079                                        ;
; Total pins                         ; 49                                          ;
; Total virtual pins                 ; 0                                           ;
; Total memory bits                  ; 1,249,316                                   ;
; Embedded Multiplier 9-bit elements ; 24                                          ;
; Total PLLs                         ; 2                                           ;
; UFM blocks                         ; 0                                           ;
; ADC blocks                         ; 0                                           ;
+------------------------------------+---------------------------------------------+


+------------------------------------------------------------------------------------------------------------+
; Analysis & Synthesis Settings                                                                              ;
+------------------------------------------------------------------+--------------------+--------------------+
; Option                                                           ; Setting            ; Default Value      ;
+------------------------------------------------------------------+--------------------+--------------------+
; Device                                                           ; 10M50DAF484C7G     ;                    ;
; Top-level entity name                                            ; vga1               ; vga1               ;
; Family name                                                      ; MAX 10             ; Cyclone V          ;
; VHDL Show LMF Mapping Messages                                   ; Off                ;                    ;
; VHDL Version                                                     ; VHDL_2008          ; VHDL_1993          ;
; Use smart compilation                                            ; Off                ; Off                ;
; Enable parallel Assembler and Timing Analyzer during compilation ; On                 ; On                 ;
; Enable compact report table                                      ; Off                ; Off                ;
; Restructure Multiplexers                                         ; Auto               ; Auto               ;
; Create Debugging Nodes for IP Cores                              ; Off                ; Off                ;
; Preserve fewer node names                                        ; On                 ; On                 ;
; Intel FPGA IP Evaluation Mode                                    ; Enable             ; Enable             ;
; Verilog Version                                                  ; Verilog_2001       ; Verilog_2001       ;
; State Machine Processing                                         ; Auto               ; Auto               ;
; Safe State Machine                                               ; Off                ; Off                ;
; Extract Verilog State Machines                                   ; On                 ; On                 ;
; Extract VHDL State Machines                                      ; On                 ; On                 ;
; Ignore Verilog initial constructs                                ; Off                ; Off                ;
; Iteration limit for constant Verilog loops                       ; 5000               ; 5000               ;
; Iteration limit for non-constant Verilog loops                   ; 250                ; 250                ;
; Add Pass-Through Logic to Inferred RAMs                          ; On                 ; On                 ;
; Infer RAMs from Raw Logic                                        ; On                 ; On                 ;
; Parallel Synthesis                                               ; On                 ; On                 ;
; DSP Block Balancing                                              ; Auto               ; Auto               ;
; NOT Gate Push-Back                                               ; On                 ; On                 ;
; Power-Up Don't Care                                              ; On                 ; On                 ;
; Remove Redundant Logic Cells                                     ; Off                ; Off                ;
; Remove Duplicate Registers                                       ; On                 ; On                 ;
; Ignore CARRY Buffers                                             ; Off                ; Off                ;
; Ignore CASCADE Buffers                                           ; Off                ; Off                ;
; Ignore GLOBAL Buffers                                            ; Off                ; Off                ;
; Ignore ROW GLOBAL Buffers                                        ; Off                ; Off                ;
; Ignore LCELL Buffers                                             ; Off                ; Off                ;
; Ignore SOFT Buffers                                              ; On                 ; On                 ;
; Limit AHDL Integers to 32 Bits                                   ; Off                ; Off                ;
; Optimization Technique                                           ; Balanced           ; Balanced           ;
; Carry Chain Length                                               ; 70                 ; 70                 ;
; Auto Carry Chains                                                ; On                 ; On                 ;
; Auto Open-Drain Pins                                             ; On                 ; On                 ;
; Perform WYSIWYG Primitive Resynthesis                            ; Off                ; Off                ;
; Auto ROM Replacement                                             ; On                 ; On                 ;
; Auto RAM Replacement                                             ; On                 ; On                 ;
; Auto DSP Block Replacement                                       ; On                 ; On                 ;
; Auto Shift Register Replacement                                  ; Auto               ; Auto               ;
; Allow Shift Register Merging across Hierarchies                  ; Auto               ; Auto               ;
; Auto Clock Enable Replacement                                    ; On                 ; On                 ;
; Strict RAM Replacement                                           ; Off                ; Off                ;
; Allow Synchronous Control Signals                                ; On                 ; On                 ;
; Force Use of Synchronous Clear Signals                           ; Off                ; Off                ;
; Auto RAM Block Balancing                                         ; On                 ; On                 ;
; Auto RAM to Logic Cell Conversion                                ; Off                ; Off                ;
; Auto Resource Sharing                                            ; Off                ; Off                ;
; Allow Any RAM Size For Recognition                               ; Off                ; Off                ;
; Allow Any ROM Size For Recognition                               ; Off                ; Off                ;
; Allow Any Shift Register Size For Recognition                    ; Off                ; Off                ;
; Use LogicLock Constraints during Resource Balancing              ; On                 ; On                 ;
; Ignore translate_off and synthesis_off directives                ; Off                ; Off                ;
; Timing-Driven Synthesis                                          ; On                 ; On                 ;
; Report Parameter Settings                                        ; On                 ; On                 ;
; Report Source Assignments                                        ; On                 ; On                 ;
; Report Connectivity Checks                                       ; On                 ; On                 ;
; Ignore Maximum Fan-Out Assignments                               ; Off                ; Off                ;
; Synchronization Register Chain Length                            ; 2                  ; 2                  ;
; Power Optimization During Synthesis                              ; Normal compilation ; Normal compilation ;
; HDL message level                                                ; Level2             ; Level2             ;
; Suppress Register Optimization Related Messages                  ; Off                ; Off                ;
; Number of Removed Registers Reported in Synthesis Report         ; 5000               ; 5000               ;
; Number of Swept Nodes Reported in Synthesis Report               ; 5000               ; 5000               ;
; Number of Inverted Registers Reported in Synthesis Report        ; 100                ; 100                ;
; Clock MUX Protection                                             ; On                 ; On                 ;
; Auto Gated Clock Conversion                                      ; Off                ; Off                ;
; Block Design Naming                                              ; Auto               ; Auto               ;
; SDC constraint protection                                        ; Off                ; Off                ;
; Synthesis Effort                                                 ; Auto               ; Auto               ;
; Shift Register Replacement - Allow Asynchronous Clear Signal     ; On                 ; On                 ;
; Pre-Mapping Resynthesis Optimization                             ; Off                ; Off                ;
; Analysis & Synthesis Message Level                               ; Medium             ; Medium             ;
; Disable Register Merging Across Hierarchies                      ; Auto               ; Auto               ;
; Resource Aware Inference For Block RAM                           ; On                 ; On                 ;
+------------------------------------------------------------------+--------------------+--------------------+


+------------------------------------------+
; Parallel Compilation                     ;
+----------------------------+-------------+
; Processors                 ; Number      ;
+----------------------------+-------------+
; Number detected on machine ; 2           ;
; Maximum allowed            ; 2           ;
;                            ;             ;
; Average used               ; 1.00        ;
; Maximum used               ; 2           ;
;                            ;             ;
; Usage by Processor         ; % Time Used ;
;     Processor 1            ; 100.0%      ;
;     Processor 2            ;   0.1%      ;
+----------------------------+-------------+


+-------------------------------------------------------------------------------------------------------------------------------------------------------------------------------------------------------------------------------------------------------------------------------------------------------+
; Analysis & Synthesis Source Files Read                                                                                                                                                                                                                                                                ;
+--------------------------------------------------------------------+-----------------+----------------------------------------------+---------------------------------------------------------------------------------------------------------------------------------------------------+-------------+
; File Name with User-Entered Path                                   ; Used in Netlist ; File Type                                    ; File Name with Absolute Path                                                                                                                      ; Library     ;
+--------------------------------------------------------------------+-----------------+----------------------------------------------+---------------------------------------------------------------------------------------------------------------------------------------------------+-------------+
; VGA_drvr.vhd                                                       ; yes             ; User VHDL File                               ; C:/Users/otavi/OneDrive/Documentos/Reconfiguravel/FPGA_mandelbrot_explorer/src/VGA_drvr.vhd                                                       ;             ;
; pll_25MHz.vhd                                                      ; yes             ; User Wizard-Generated File                   ; C:/Users/otavi/OneDrive/Documentos/Reconfiguravel/FPGA_mandelbrot_explorer/src/pll_25MHz.vhd                                                      ;             ;
; rom2.vhd                                                           ; yes             ; User Wizard-Generated File                   ; C:/Users/otavi/OneDrive/Documentos/Reconfiguravel/FPGA_mandelbrot_explorer/src/rom2.vhd                                                           ;             ;
; Enderecamento.vhd                                                  ; yes             ; User VHDL File                               ; C:/Users/otavi/OneDrive/Documentos/Reconfiguravel/FPGA_mandelbrot_explorer/src/Enderecamento.vhd                                                  ;             ;
; peixe.mif                                                          ; yes             ; User Memory Initialization File              ; C:/Users/otavi/OneDrive/Documentos/Reconfiguravel/FPGA_mandelbrot_explorer/src/peixe.mif                                                          ;             ;
; pllstp.vhd                                                         ; yes             ; User Wizard-Generated File                   ; C:/Users/otavi/OneDrive/Documentos/Reconfiguravel/FPGA_mandelbrot_explorer/src/pllstp.vhd                                                         ;             ;
; vga1.bdf                                                           ; yes             ; User Block Diagram/Schematic File            ; C:/Users/otavi/OneDrive/Documentos/Reconfiguravel/FPGA_mandelbrot_explorer/src/vga1.bdf                                                           ;             ;
; vga_calc_simulator.vhd                                             ; yes             ; User VHDL File                               ; C:/Users/otavi/OneDrive/Documentos/Reconfiguravel/FPGA_mandelbrot_explorer/src/vga_calc_simulator.vhd                                             ;             ;
; altpll.tdf                                                         ; yes             ; Megafunction                                 ; c:/intelfpga_lite/18.1/quartus/libraries/megafunctions/altpll.tdf                                                                                 ;             ;
; aglobal181.inc                                                     ; yes             ; Megafunction                                 ; c:/intelfpga_lite/18.1/quartus/libraries/megafunctions/aglobal181.inc                                                                             ;             ;
; stratix_pll.inc                                                    ; yes             ; Megafunction                                 ; c:/intelfpga_lite/18.1/quartus/libraries/megafunctions/stratix_pll.inc                                                                            ;             ;
; stratixii_pll.inc                                                  ; yes             ; Megafunction                                 ; c:/intelfpga_lite/18.1/quartus/libraries/megafunctions/stratixii_pll.inc                                                                          ;             ;
; cycloneii_pll.inc                                                  ; yes             ; Megafunction                                 ; c:/intelfpga_lite/18.1/quartus/libraries/megafunctions/cycloneii_pll.inc                                                                          ;             ;
; db/pll_25mhz_altpll.v                                              ; yes             ; Auto-Generated Megafunction                  ; C:/Users/otavi/OneDrive/Documentos/Reconfiguravel/FPGA_mandelbrot_explorer/src/db/pll_25mhz_altpll.v                                              ;             ;
; color_mapper.vhd                                                   ; yes             ; Auto-Found VHDL File                         ; C:/Users/otavi/OneDrive/Documentos/Reconfiguravel/FPGA_mandelbrot_explorer/src/color_mapper.vhd                                                   ;             ;
; memory2.vhd                                                        ; yes             ; Auto-Found VHDL File                         ; C:/Users/otavi/OneDrive/Documentos/Reconfiguravel/FPGA_mandelbrot_explorer/src/memory2.vhd                                                        ;             ;
; mandelbrot_pixel_core.vhd                                          ; yes             ; Auto-Found VHDL File                         ; C:/Users/otavi/OneDrive/Documentos/Reconfiguravel/FPGA_mandelbrot_explorer/src/mandelbrot_pixel_core.vhd                                          ;             ;
; coordinate_generator.vhd                                           ; yes             ; Auto-Found VHDL File                         ; C:/Users/otavi/OneDrive/Documentos/Reconfiguravel/FPGA_mandelbrot_explorer/src/coordinate_generator.vhd                                           ;             ;
; control_unit.vhd                                                   ; yes             ; Auto-Found VHDL File                         ; C:/Users/otavi/OneDrive/Documentos/Reconfiguravel/FPGA_mandelbrot_explorer/src/control_unit.vhd                                                   ;             ;
; db/pllstp_altpll.v                                                 ; yes             ; Auto-Generated Megafunction                  ; C:/Users/otavi/OneDrive/Documentos/Reconfiguravel/FPGA_mandelbrot_explorer/src/db/pllstp_altpll.v                                                 ;             ;
; altsyncram.tdf                                                     ; yes             ; Megafunction                                 ; c:/intelfpga_lite/18.1/quartus/libraries/megafunctions/altsyncram.tdf                                                                             ;             ;
; stratix_ram_block.inc                                              ; yes             ; Megafunction                                 ; c:/intelfpga_lite/18.1/quartus/libraries/megafunctions/stratix_ram_block.inc                                                                      ;             ;
; lpm_mux.inc                                                        ; yes             ; Megafunction                                 ; c:/intelfpga_lite/18.1/quartus/libraries/megafunctions/lpm_mux.inc                                                                                ;             ;
; lpm_decode.inc                                                     ; yes             ; Megafunction                                 ; c:/intelfpga_lite/18.1/quartus/libraries/megafunctions/lpm_decode.inc                                                                             ;             ;
; a_rdenreg.inc                                                      ; yes             ; Megafunction                                 ; c:/intelfpga_lite/18.1/quartus/libraries/megafunctions/a_rdenreg.inc                                                                              ;             ;
; altrom.inc                                                         ; yes             ; Megafunction                                 ; c:/intelfpga_lite/18.1/quartus/libraries/megafunctions/altrom.inc                                                                                 ;             ;
; altram.inc                                                         ; yes             ; Megafunction                                 ; c:/intelfpga_lite/18.1/quartus/libraries/megafunctions/altram.inc                                                                                 ;             ;
; altdpram.inc                                                       ; yes             ; Megafunction                                 ; c:/intelfpga_lite/18.1/quartus/libraries/megafunctions/altdpram.inc                                                                               ;             ;
; db/altsyncram_ioq3.tdf                                             ; yes             ; Auto-Generated Megafunction                  ; C:/Users/otavi/OneDrive/Documentos/Reconfiguravel/FPGA_mandelbrot_explorer/src/db/altsyncram_ioq3.tdf                                             ;             ;
; db/decode_kk9.tdf                                                  ; yes             ; Auto-Generated Megafunction                  ; C:/Users/otavi/OneDrive/Documentos/Reconfiguravel/FPGA_mandelbrot_explorer/src/db/decode_kk9.tdf                                                  ;             ;
; db/mux_m4b.tdf                                                     ; yes             ; Auto-Generated Megafunction                  ; C:/Users/otavi/OneDrive/Documentos/Reconfiguravel/FPGA_mandelbrot_explorer/src/db/mux_m4b.tdf                                                     ;             ;
; sld_signaltap.vhd                                                  ; yes             ; Megafunction                                 ; c:/intelfpga_lite/18.1/quartus/libraries/megafunctions/sld_signaltap.vhd                                                                          ;             ;
; sld_signaltap_impl.vhd                                             ; yes             ; Encrypted Megafunction                       ; c:/intelfpga_lite/18.1/quartus/libraries/megafunctions/sld_signaltap_impl.vhd                                                                     ;             ;
; sld_ela_control.vhd                                                ; yes             ; Encrypted Megafunction                       ; c:/intelfpga_lite/18.1/quartus/libraries/megafunctions/sld_ela_control.vhd                                                                        ;             ;
; lpm_shiftreg.tdf                                                   ; yes             ; Megafunction                                 ; c:/intelfpga_lite/18.1/quartus/libraries/megafunctions/lpm_shiftreg.tdf                                                                           ;             ;
; lpm_constant.inc                                                   ; yes             ; Megafunction                                 ; c:/intelfpga_lite/18.1/quartus/libraries/megafunctions/lpm_constant.inc                                                                           ;             ;
; dffeea.inc                                                         ; yes             ; Megafunction                                 ; c:/intelfpga_lite/18.1/quartus/libraries/megafunctions/dffeea.inc                                                                                 ;             ;
; sld_mbpmg.vhd                                                      ; yes             ; Encrypted Megafunction                       ; c:/intelfpga_lite/18.1/quartus/libraries/megafunctions/sld_mbpmg.vhd                                                                              ;             ;
; sld_ela_trigger_flow_mgr.vhd                                       ; yes             ; Encrypted Megafunction                       ; c:/intelfpga_lite/18.1/quartus/libraries/megafunctions/sld_ela_trigger_flow_mgr.vhd                                                               ;             ;
; sld_buffer_manager.vhd                                             ; yes             ; Encrypted Megafunction                       ; c:/intelfpga_lite/18.1/quartus/libraries/megafunctions/sld_buffer_manager.vhd                                                                     ;             ;
; db/altsyncram_em14.tdf                                             ; yes             ; Auto-Generated Megafunction                  ; C:/Users/otavi/OneDrive/Documentos/Reconfiguravel/FPGA_mandelbrot_explorer/src/db/altsyncram_em14.tdf                                             ;             ;
; altdpram.tdf                                                       ; yes             ; Megafunction                                 ; c:/intelfpga_lite/18.1/quartus/libraries/megafunctions/altdpram.tdf                                                                               ;             ;
; memmodes.inc                                                       ; yes             ; Megafunction                                 ; c:/intelfpga_lite/18.1/quartus/libraries/others/maxplus2/memmodes.inc                                                                             ;             ;
; a_hdffe.inc                                                        ; yes             ; Megafunction                                 ; c:/intelfpga_lite/18.1/quartus/libraries/megafunctions/a_hdffe.inc                                                                                ;             ;
; alt_le_rden_reg.inc                                                ; yes             ; Megafunction                                 ; c:/intelfpga_lite/18.1/quartus/libraries/megafunctions/alt_le_rden_reg.inc                                                                        ;             ;
; altsyncram.inc                                                     ; yes             ; Megafunction                                 ; c:/intelfpga_lite/18.1/quartus/libraries/megafunctions/altsyncram.inc                                                                             ;             ;
; lpm_mux.tdf                                                        ; yes             ; Megafunction                                 ; c:/intelfpga_lite/18.1/quartus/libraries/megafunctions/lpm_mux.tdf                                                                                ;             ;
; muxlut.inc                                                         ; yes             ; Megafunction                                 ; c:/intelfpga_lite/18.1/quartus/libraries/megafunctions/muxlut.inc                                                                                 ;             ;
; bypassff.inc                                                       ; yes             ; Megafunction                                 ; c:/intelfpga_lite/18.1/quartus/libraries/megafunctions/bypassff.inc                                                                               ;             ;
; altshift.inc                                                       ; yes             ; Megafunction                                 ; c:/intelfpga_lite/18.1/quartus/libraries/megafunctions/altshift.inc                                                                               ;             ;
; db/mux_j7c.tdf                                                     ; yes             ; Auto-Generated Megafunction                  ; C:/Users/otavi/OneDrive/Documentos/Reconfiguravel/FPGA_mandelbrot_explorer/src/db/mux_j7c.tdf                                                     ;             ;
; lpm_decode.tdf                                                     ; yes             ; Megafunction                                 ; c:/intelfpga_lite/18.1/quartus/libraries/megafunctions/lpm_decode.tdf                                                                             ;             ;
; declut.inc                                                         ; yes             ; Megafunction                                 ; c:/intelfpga_lite/18.1/quartus/libraries/megafunctions/declut.inc                                                                                 ;             ;
; lpm_compare.inc                                                    ; yes             ; Megafunction                                 ; c:/intelfpga_lite/18.1/quartus/libraries/megafunctions/lpm_compare.inc                                                                            ;             ;
; db/decode_3af.tdf                                                  ; yes             ; Auto-Generated Megafunction                  ; C:/Users/otavi/OneDrive/Documentos/Reconfiguravel/FPGA_mandelbrot_explorer/src/db/decode_3af.tdf                                                  ;             ;
; lpm_counter.tdf                                                    ; yes             ; Megafunction                                 ; c:/intelfpga_lite/18.1/quartus/libraries/megafunctions/lpm_counter.tdf                                                                            ;             ;
; lpm_add_sub.inc                                                    ; yes             ; Megafunction                                 ; c:/intelfpga_lite/18.1/quartus/libraries/megafunctions/lpm_add_sub.inc                                                                            ;             ;
; cmpconst.inc                                                       ; yes             ; Megafunction                                 ; c:/intelfpga_lite/18.1/quartus/libraries/megafunctions/cmpconst.inc                                                                               ;             ;
; lpm_counter.inc                                                    ; yes             ; Megafunction                                 ; c:/intelfpga_lite/18.1/quartus/libraries/megafunctions/lpm_counter.inc                                                                            ;             ;
; alt_counter_stratix.inc                                            ; yes             ; Megafunction                                 ; c:/intelfpga_lite/18.1/quartus/libraries/megafunctions/alt_counter_stratix.inc                                                                    ;             ;
; db/cntr_drh.tdf                                                    ; yes             ; Auto-Generated Megafunction                  ; C:/Users/otavi/OneDrive/Documentos/Reconfiguravel/FPGA_mandelbrot_explorer/src/db/cntr_drh.tdf                                                    ;             ;
; db/cmpr_irb.tdf                                                    ; yes             ; Auto-Generated Megafunction                  ; C:/Users/otavi/OneDrive/Documentos/Reconfiguravel/FPGA_mandelbrot_explorer/src/db/cmpr_irb.tdf                                                    ;             ;
; db/cntr_cki.tdf                                                    ; yes             ; Auto-Generated Megafunction                  ; C:/Users/otavi/OneDrive/Documentos/Reconfiguravel/FPGA_mandelbrot_explorer/src/db/cntr_cki.tdf                                                    ;             ;
; db/cntr_6rh.tdf                                                    ; yes             ; Auto-Generated Megafunction                  ; C:/Users/otavi/OneDrive/Documentos/Reconfiguravel/FPGA_mandelbrot_explorer/src/db/cntr_6rh.tdf                                                    ;             ;
; db/cmpr_hrb.tdf                                                    ; yes             ; Auto-Generated Megafunction                  ; C:/Users/otavi/OneDrive/Documentos/Reconfiguravel/FPGA_mandelbrot_explorer/src/db/cmpr_hrb.tdf                                                    ;             ;
; db/cntr_odi.tdf                                                    ; yes             ; Auto-Generated Megafunction                  ; C:/Users/otavi/OneDrive/Documentos/Reconfiguravel/FPGA_mandelbrot_explorer/src/db/cntr_odi.tdf                                                    ;             ;
; db/cmpr_drb.tdf                                                    ; yes             ; Auto-Generated Megafunction                  ; C:/Users/otavi/OneDrive/Documentos/Reconfiguravel/FPGA_mandelbrot_explorer/src/db/cmpr_drb.tdf                                                    ;             ;
; sld_rom_sr.vhd                                                     ; yes             ; Encrypted Megafunction                       ; c:/intelfpga_lite/18.1/quartus/libraries/megafunctions/sld_rom_sr.vhd                                                                             ;             ;
; sld_jtag_endpoint_adapter.vhd                                      ; yes             ; Encrypted Megafunction                       ; c:/intelfpga_lite/18.1/quartus/libraries/megafunctions/sld_jtag_endpoint_adapter.vhd                                                              ;             ;
; sld_jtag_endpoint_adapter_impl.sv                                  ; yes             ; Encrypted Megafunction                       ; c:/intelfpga_lite/18.1/quartus/libraries/megafunctions/sld_jtag_endpoint_adapter_impl.sv                                                          ;             ;
; sld_hub.vhd                                                        ; yes             ; Encrypted Megafunction                       ; c:/intelfpga_lite/18.1/quartus/libraries/megafunctions/sld_hub.vhd                                                                                ; altera_sld  ;
; db/ip/sld725af3b4/alt_sld_fab.v                                    ; yes             ; Encrypted Auto-Found Verilog HDL File        ; C:/Users/otavi/OneDrive/Documentos/Reconfiguravel/FPGA_mandelbrot_explorer/src/db/ip/sld725af3b4/alt_sld_fab.v                                    ; alt_sld_fab ;
; db/ip/sld725af3b4/submodules/alt_sld_fab_alt_sld_fab.v             ; yes             ; Encrypted Auto-Found Verilog HDL File        ; C:/Users/otavi/OneDrive/Documentos/Reconfiguravel/FPGA_mandelbrot_explorer/src/db/ip/sld725af3b4/submodules/alt_sld_fab_alt_sld_fab.v             ; alt_sld_fab ;
; db/ip/sld725af3b4/submodules/alt_sld_fab_alt_sld_fab_ident.sv      ; yes             ; Auto-Found SystemVerilog HDL File            ; C:/Users/otavi/OneDrive/Documentos/Reconfiguravel/FPGA_mandelbrot_explorer/src/db/ip/sld725af3b4/submodules/alt_sld_fab_alt_sld_fab_ident.sv      ; alt_sld_fab ;
; db/ip/sld725af3b4/submodules/alt_sld_fab_alt_sld_fab_presplit.sv   ; yes             ; Encrypted Auto-Found SystemVerilog HDL File  ; C:/Users/otavi/OneDrive/Documentos/Reconfiguravel/FPGA_mandelbrot_explorer/src/db/ip/sld725af3b4/submodules/alt_sld_fab_alt_sld_fab_presplit.sv   ; alt_sld_fab ;
; db/ip/sld725af3b4/submodules/alt_sld_fab_alt_sld_fab_sldfabric.vhd ; yes             ; Encrypted Auto-Found VHDL File               ; C:/Users/otavi/OneDrive/Documentos/Reconfiguravel/FPGA_mandelbrot_explorer/src/db/ip/sld725af3b4/submodules/alt_sld_fab_alt_sld_fab_sldfabric.vhd ; alt_sld_fab ;
; db/ip/sld725af3b4/submodules/alt_sld_fab_alt_sld_fab_splitter.sv   ; yes             ; Encrypted Auto-Found SystemVerilog HDL File  ; C:/Users/otavi/OneDrive/Documentos/Reconfiguravel/FPGA_mandelbrot_explorer/src/db/ip/sld725af3b4/submodules/alt_sld_fab_alt_sld_fab_splitter.sv   ; alt_sld_fab ;
; sld_jtag_hub.vhd                                                   ; yes             ; Encrypted Megafunction                       ; c:/intelfpga_lite/18.1/quartus/libraries/megafunctions/sld_jtag_hub.vhd                                                                           ;             ;
; db/altsyncram_a4c1.tdf                                             ; yes             ; Auto-Generated Megafunction                  ; C:/Users/otavi/OneDrive/Documentos/Reconfiguravel/FPGA_mandelbrot_explorer/src/db/altsyncram_a4c1.tdf                                             ;             ;
; db/decode_19a.tdf                                                  ; yes             ; Auto-Generated Megafunction                  ; C:/Users/otavi/OneDrive/Documentos/Reconfiguravel/FPGA_mandelbrot_explorer/src/db/decode_19a.tdf                                                  ;             ;
; db/decode_qk9.tdf                                                  ; yes             ; Auto-Generated Megafunction                  ; C:/Users/otavi/OneDrive/Documentos/Reconfiguravel/FPGA_mandelbrot_explorer/src/db/decode_qk9.tdf                                                  ;             ;
; db/mux_h3b.tdf                                                     ; yes             ; Auto-Generated Megafunction                  ; C:/Users/otavi/OneDrive/Documentos/Reconfiguravel/FPGA_mandelbrot_explorer/src/db/mux_h3b.tdf                                                     ;             ;
; altshift_taps.tdf                                                  ; yes             ; Megafunction                                 ; c:/intelfpga_lite/18.1/quartus/libraries/megafunctions/altshift_taps.tdf                                                                          ;             ;
; db/shift_taps_ugl.tdf                                              ; yes             ; Auto-Generated Megafunction                  ; C:/Users/otavi/OneDrive/Documentos/Reconfiguravel/FPGA_mandelbrot_explorer/src/db/shift_taps_ugl.tdf                                              ;             ;
; db/altsyncram_hv21.tdf                                             ; yes             ; Auto-Generated Megafunction                  ; C:/Users/otavi/OneDrive/Documentos/Reconfiguravel/FPGA_mandelbrot_explorer/src/db/altsyncram_hv21.tdf                                             ;             ;
; db/add_sub_oed.tdf                                                 ; yes             ; Auto-Generated Megafunction                  ; C:/Users/otavi/OneDrive/Documentos/Reconfiguravel/FPGA_mandelbrot_explorer/src/db/add_sub_oed.tdf                                                 ;             ;
; db/cntr_s3f.tdf                                                    ; yes             ; Auto-Generated Megafunction                  ; C:/Users/otavi/OneDrive/Documentos/Reconfiguravel/FPGA_mandelbrot_explorer/src/db/cntr_s3f.tdf                                                    ;             ;
; db/cmpr_erb.tdf                                                    ; yes             ; Auto-Generated Megafunction                  ; C:/Users/otavi/OneDrive/Documentos/Reconfiguravel/FPGA_mandelbrot_explorer/src/db/cmpr_erb.tdf                                                    ;             ;
; lpm_mult.tdf                                                       ; yes             ; Megafunction                                 ; c:/intelfpga_lite/18.1/quartus/libraries/megafunctions/lpm_mult.tdf                                                                               ;             ;
; multcore.inc                                                       ; yes             ; Megafunction                                 ; c:/intelfpga_lite/18.1/quartus/libraries/megafunctions/multcore.inc                                                                               ;             ;
; db/mult_qgs.tdf                                                    ; yes             ; Auto-Generated Megafunction                  ; C:/Users/otavi/OneDrive/Documentos/Reconfiguravel/FPGA_mandelbrot_explorer/src/db/mult_qgs.tdf                                                    ;             ;
+--------------------------------------------------------------------+-----------------+----------------------------------------------+---------------------------------------------------------------------------------------------------------------------------------------------------+-------------+


+----------------------------------------------------------------------------------------------------------------------------------+
; Analysis & Synthesis Resource Usage Summary                                                                                      ;
+---------------------------------------------+------------------------------------------------------------------------------------+
; Resource                                    ; Usage                                                                              ;
+---------------------------------------------+------------------------------------------------------------------------------------+
; Estimated Total logic elements              ; 2,032                                                                              ;
;                                             ;                                                                                    ;
; Total combinational functions               ; 1502                                                                               ;
; Logic element usage by number of LUT inputs ;                                                                                    ;
;     -- 4 input functions                    ; 426                                                                                ;
;     -- 3 input functions                    ; 621                                                                                ;
;     -- <=2 input functions                  ; 455                                                                                ;
;                                             ;                                                                                    ;
; Logic elements by mode                      ;                                                                                    ;
;     -- normal mode                          ; 832                                                                                ;
;     -- arithmetic mode                      ; 670                                                                                ;
;                                             ;                                                                                    ;
; Total registers                             ; 1079                                                                               ;
;     -- Dedicated logic registers            ; 1079                                                                               ;
;     -- I/O registers                        ; 0                                                                                  ;
;                                             ;                                                                                    ;
; I/O pins                                    ; 49                                                                                 ;
; Total memory bits                           ; 1249316                                                                            ;
;                                             ;                                                                                    ;
; Embedded Multiplier 9-bit elements          ; 24                                                                                 ;
;                                             ;                                                                                    ;
; Total PLLs                                  ; 2                                                                                  ;
;     -- PLLs                                 ; 2                                                                                  ;
;                                             ;                                                                                    ;
; Maximum fan-out node                        ; pllstp:inst2|altpll:altpll_component|pllstp_altpll:auto_generated|wire_pll1_clk[0] ;
; Maximum fan-out                             ; 511                                                                                ;
; Total fan-out                               ; 13515                                                                              ;
; Average fan-out                             ; 4.66                                                                               ;
+---------------------------------------------+------------------------------------------------------------------------------------+


+----------------------------------------------------------------------------------------------------------------------------------------------------------------------------------------------------------------------------------------------------------------------------------------------------------------------------------------------------------------------------------------------------------------------------------------------------------------------------------------------------------------------------------------------------------------------------------------------------------------------------------------------------------------------------------------------------+
; Analysis & Synthesis Resource Utilization by Entity                                                                                                                                                                                                                                                                                                                                                                                                                                                                                                                                                                                                                                                ;
+-----------------------------------------------------------------------------------------------------------------------------------------+---------------------+---------------------------+-------------+------------+--------------+---------+-----------+------+--------------+------------+--------------------------------------------------------------------------------------------------------------------------------------------------------------------------------------------------------------------------------------------------------------------------------------------------------------------------------------------------+-----------------------------------+--------------+
; Compilation Hierarchy Node                                                                                                              ; Combinational ALUTs ; Dedicated Logic Registers ; Memory Bits ; UFM Blocks ; DSP Elements ; DSP 9x9 ; DSP 18x18 ; Pins ; Virtual Pins ; ADC blocks ; Full Hierarchy Name                                                                                                                                                                                                                                                                                                                              ; Entity Name                       ; Library Name ;
+-----------------------------------------------------------------------------------------------------------------------------------------+---------------------+---------------------------+-------------+------------+--------------+---------+-----------+------+--------------+------------+--------------------------------------------------------------------------------------------------------------------------------------------------------------------------------------------------------------------------------------------------------------------------------------------------------------------------------------------------+-----------------------------------+--------------+
; |vga1                                                                                                                                   ; 1502 (1)            ; 1079 (0)                  ; 1249316     ; 0          ; 24           ; 0       ; 12        ; 49   ; 0            ; 0          ; |vga1                                                                                                                                                                                                                                                                                                                                            ; vga1                              ; work         ;
;    |Enderecamento:inst10|                                                                                                               ; 37 (30)             ; 37 (33)                   ; 36          ; 0          ; 0            ; 0       ; 0         ; 0    ; 0            ; 0          ; |vga1|Enderecamento:inst10                                                                                                                                                                                                                                                                                                                       ; Enderecamento                     ; work         ;
;       |altshift_taps:auxcoluna_rtl_0|                                                                                                   ; 7 (0)               ; 4 (0)                     ; 36          ; 0          ; 0            ; 0       ; 0         ; 0    ; 0            ; 0          ; |vga1|Enderecamento:inst10|altshift_taps:auxcoluna_rtl_0                                                                                                                                                                                                                                                                                         ; altshift_taps                     ; work         ;
;          |shift_taps_ugl:auto_generated|                                                                                                ; 7 (2)               ; 4 (2)                     ; 36          ; 0          ; 0            ; 0       ; 0         ; 0    ; 0            ; 0          ; |vga1|Enderecamento:inst10|altshift_taps:auxcoluna_rtl_0|shift_taps_ugl:auto_generated                                                                                                                                                                                                                                                           ; shift_taps_ugl                    ; work         ;
;             |altsyncram_hv21:altsyncram4|                                                                                               ; 0 (0)               ; 0 (0)                     ; 36          ; 0          ; 0            ; 0       ; 0         ; 0    ; 0            ; 0          ; |vga1|Enderecamento:inst10|altshift_taps:auxcoluna_rtl_0|shift_taps_ugl:auto_generated|altsyncram_hv21:altsyncram4                                                                                                                                                                                                                               ; altsyncram_hv21                   ; work         ;
;             |cntr_s3f:cntr1|                                                                                                            ; 5 (5)               ; 2 (2)                     ; 0           ; 0          ; 0            ; 0       ; 0         ; 0    ; 0            ; 0          ; |vga1|Enderecamento:inst10|altshift_taps:auxcoluna_rtl_0|shift_taps_ugl:auto_generated|cntr_s3f:cntr1                                                                                                                                                                                                                                            ; cntr_s3f                          ; work         ;
;    |Enderecamento:inst9|                                                                                                                ; 43 (43)             ; 35 (35)                   ; 0           ; 0          ; 0            ; 0       ; 0         ; 0    ; 0            ; 0          ; |vga1|Enderecamento:inst9                                                                                                                                                                                                                                                                                                                        ; Enderecamento                     ; work         ;
;    |VGA_drvr:inst|                                                                                                                      ; 105 (105)           ; 32 (32)                   ; 0           ; 0          ; 0            ; 0       ; 0         ; 0    ; 0            ; 0          ; |vga1|VGA_drvr:inst                                                                                                                                                                                                                                                                                                                              ; VGA_drvr                          ; work         ;
;    |color_mapper:inst3|                                                                                                                 ; 40 (40)             ; 0 (0)                     ; 0           ; 0          ; 0            ; 0       ; 0         ; 0    ; 0            ; 0          ; |vga1|color_mapper:inst3                                                                                                                                                                                                                                                                                                                         ; color_mapper                      ; work         ;
;    |coordinate_generator:inst7|                                                                                                         ; 11 (11)             ; 0 (0)                     ; 0           ; 0          ; 0            ; 0       ; 0         ; 0    ; 0            ; 0          ; |vga1|coordinate_generator:inst7                                                                                                                                                                                                                                                                                                                 ; coordinate_generator              ; work         ;
;    |mandelbrot_pixel_core:inst6|                                                                                                        ; 497 (221)           ; 74 (74)                   ; 0           ; 0          ; 24           ; 0       ; 12        ; 0    ; 0            ; 0          ; |vga1|mandelbrot_pixel_core:inst6                                                                                                                                                                                                                                                                                                                ; mandelbrot_pixel_core             ; work         ;
;       |lpm_mult:Mult0|                                                                                                                  ; 92 (0)              ; 0 (0)                     ; 0           ; 0          ; 8            ; 0       ; 4         ; 0    ; 0            ; 0          ; |vga1|mandelbrot_pixel_core:inst6|lpm_mult:Mult0                                                                                                                                                                                                                                                                                                 ; lpm_mult                          ; work         ;
;          |mult_qgs:auto_generated|                                                                                                      ; 92 (92)             ; 0 (0)                     ; 0           ; 0          ; 8            ; 0       ; 4         ; 0    ; 0            ; 0          ; |vga1|mandelbrot_pixel_core:inst6|lpm_mult:Mult0|mult_qgs:auto_generated                                                                                                                                                                                                                                                                         ; mult_qgs                          ; work         ;
;       |lpm_mult:Mult1|                                                                                                                  ; 92 (0)              ; 0 (0)                     ; 0           ; 0          ; 8            ; 0       ; 4         ; 0    ; 0            ; 0          ; |vga1|mandelbrot_pixel_core:inst6|lpm_mult:Mult1                                                                                                                                                                                                                                                                                                 ; lpm_mult                          ; work         ;
;          |mult_qgs:auto_generated|                                                                                                      ; 92 (92)             ; 0 (0)                     ; 0           ; 0          ; 8            ; 0       ; 4         ; 0    ; 0            ; 0          ; |vga1|mandelbrot_pixel_core:inst6|lpm_mult:Mult1|mult_qgs:auto_generated                                                                                                                                                                                                                                                                         ; mult_qgs                          ; work         ;
;       |lpm_mult:Mult2|                                                                                                                  ; 92 (0)              ; 0 (0)                     ; 0           ; 0          ; 8            ; 0       ; 4         ; 0    ; 0            ; 0          ; |vga1|mandelbrot_pixel_core:inst6|lpm_mult:Mult2                                                                                                                                                                                                                                                                                                 ; lpm_mult                          ; work         ;
;          |mult_qgs:auto_generated|                                                                                                      ; 92 (92)             ; 0 (0)                     ; 0           ; 0          ; 8            ; 0       ; 4         ; 0    ; 0            ; 0          ; |vga1|mandelbrot_pixel_core:inst6|lpm_mult:Mult2|mult_qgs:auto_generated                                                                                                                                                                                                                                                                         ; mult_qgs                          ; work         ;
;    |memory2:inst11|                                                                                                                     ; 133 (0)             ; 4 (0)                     ; 1048576     ; 0          ; 0            ; 0       ; 0         ; 0    ; 0            ; 0          ; |vga1|memory2:inst11                                                                                                                                                                                                                                                                                                                             ; memory2                           ; work         ;
;       |altsyncram:ram_block_rtl_0|                                                                                                      ; 133 (0)             ; 4 (0)                     ; 1048576     ; 0          ; 0            ; 0       ; 0         ; 0    ; 0            ; 0          ; |vga1|memory2:inst11|altsyncram:ram_block_rtl_0                                                                                                                                                                                                                                                                                                  ; altsyncram                        ; work         ;
;          |altsyncram_a4c1:auto_generated|                                                                                               ; 133 (0)             ; 4 (4)                     ; 1048576     ; 0          ; 0            ; 0       ; 0         ; 0    ; 0            ; 0          ; |vga1|memory2:inst11|altsyncram:ram_block_rtl_0|altsyncram_a4c1:auto_generated                                                                                                                                                                                                                                                                   ; altsyncram_a4c1                   ; work         ;
;             |decode_19a:decode2|                                                                                                        ; 18 (18)             ; 0 (0)                     ; 0           ; 0          ; 0            ; 0       ; 0         ; 0    ; 0            ; 0          ; |vga1|memory2:inst11|altsyncram:ram_block_rtl_0|altsyncram_a4c1:auto_generated|decode_19a:decode2                                                                                                                                                                                                                                                ; decode_19a                        ; work         ;
;             |decode_qk9:rden_decode_b|                                                                                                  ; 16 (16)             ; 0 (0)                     ; 0           ; 0          ; 0            ; 0       ; 0         ; 0    ; 0            ; 0          ; |vga1|memory2:inst11|altsyncram:ram_block_rtl_0|altsyncram_a4c1:auto_generated|decode_qk9:rden_decode_b                                                                                                                                                                                                                                          ; decode_qk9                        ; work         ;
;             |mux_h3b:mux3|                                                                                                              ; 99 (99)             ; 0 (0)                     ; 0           ; 0          ; 0            ; 0       ; 0         ; 0    ; 0            ; 0          ; |vga1|memory2:inst11|altsyncram:ram_block_rtl_0|altsyncram_a4c1:auto_generated|mux_h3b:mux3                                                                                                                                                                                                                                                      ; mux_h3b                           ; work         ;
;    |pll_25MHz:inst1|                                                                                                                    ; 0 (0)               ; 0 (0)                     ; 0           ; 0          ; 0            ; 0       ; 0         ; 0    ; 0            ; 0          ; |vga1|pll_25MHz:inst1                                                                                                                                                                                                                                                                                                                            ; pll_25MHz                         ; work         ;
;       |altpll:altpll_component|                                                                                                         ; 0 (0)               ; 0 (0)                     ; 0           ; 0          ; 0            ; 0       ; 0         ; 0    ; 0            ; 0          ; |vga1|pll_25MHz:inst1|altpll:altpll_component                                                                                                                                                                                                                                                                                                    ; altpll                            ; work         ;
;          |pll_25MHz_altpll:auto_generated|                                                                                              ; 0 (0)               ; 0 (0)                     ; 0           ; 0          ; 0            ; 0       ; 0         ; 0    ; 0            ; 0          ; |vga1|pll_25MHz:inst1|altpll:altpll_component|pll_25MHz_altpll:auto_generated                                                                                                                                                                                                                                                                    ; pll_25MHz_altpll                  ; work         ;
;    |pllstp:inst2|                                                                                                                       ; 0 (0)               ; 0 (0)                     ; 0           ; 0          ; 0            ; 0       ; 0         ; 0    ; 0            ; 0          ; |vga1|pllstp:inst2                                                                                                                                                                                                                                                                                                                               ; pllstp                            ; work         ;
;       |altpll:altpll_component|                                                                                                         ; 0 (0)               ; 0 (0)                     ; 0           ; 0          ; 0            ; 0       ; 0         ; 0    ; 0            ; 0          ; |vga1|pllstp:inst2|altpll:altpll_component                                                                                                                                                                                                                                                                                                       ; altpll                            ; work         ;
;          |pllstp_altpll:auto_generated|                                                                                                 ; 0 (0)               ; 0 (0)                     ; 0           ; 0          ; 0            ; 0       ; 0         ; 0    ; 0            ; 0          ; |vga1|pllstp:inst2|altpll:altpll_component|pllstp_altpll:auto_generated                                                                                                                                                                                                                                                                          ; pllstp_altpll                     ; work         ;
;    |sld_hub:auto_hub|                                                                                                                   ; 131 (1)             ; 91 (0)                    ; 0           ; 0          ; 0            ; 0       ; 0         ; 0    ; 0            ; 0          ; |vga1|sld_hub:auto_hub                                                                                                                                                                                                                                                                                                                           ; sld_hub                           ; altera_sld   ;
;       |alt_sld_fab_with_jtag_input:\instrumentation_fabric_with_node_gen:fabric_gen_new_way:with_jtag_input_gen:instrumentation_fabric| ; 130 (0)             ; 91 (0)                    ; 0           ; 0          ; 0            ; 0       ; 0         ; 0    ; 0            ; 0          ; |vga1|sld_hub:auto_hub|alt_sld_fab_with_jtag_input:\instrumentation_fabric_with_node_gen:fabric_gen_new_way:with_jtag_input_gen:instrumentation_fabric                                                                                                                                                                                           ; alt_sld_fab_with_jtag_input       ; altera_sld   ;
;          |alt_sld_fab:instrumentation_fabric|                                                                                           ; 130 (0)             ; 91 (0)                    ; 0           ; 0          ; 0            ; 0       ; 0         ; 0    ; 0            ; 0          ; |vga1|sld_hub:auto_hub|alt_sld_fab_with_jtag_input:\instrumentation_fabric_with_node_gen:fabric_gen_new_way:with_jtag_input_gen:instrumentation_fabric|alt_sld_fab:instrumentation_fabric                                                                                                                                                        ; alt_sld_fab                       ; alt_sld_fab  ;
;             |alt_sld_fab_alt_sld_fab:alt_sld_fab|                                                                                       ; 130 (1)             ; 91 (5)                    ; 0           ; 0          ; 0            ; 0       ; 0         ; 0    ; 0            ; 0          ; |vga1|sld_hub:auto_hub|alt_sld_fab_with_jtag_input:\instrumentation_fabric_with_node_gen:fabric_gen_new_way:with_jtag_input_gen:instrumentation_fabric|alt_sld_fab:instrumentation_fabric|alt_sld_fab_alt_sld_fab:alt_sld_fab                                                                                                                    ; alt_sld_fab_alt_sld_fab           ; alt_sld_fab  ;
;                |alt_sld_fab_alt_sld_fab_sldfabric:sldfabric|                                                                            ; 129 (0)             ; 86 (0)                    ; 0           ; 0          ; 0            ; 0       ; 0         ; 0    ; 0            ; 0          ; |vga1|sld_hub:auto_hub|alt_sld_fab_with_jtag_input:\instrumentation_fabric_with_node_gen:fabric_gen_new_way:with_jtag_input_gen:instrumentation_fabric|alt_sld_fab:instrumentation_fabric|alt_sld_fab_alt_sld_fab:alt_sld_fab|alt_sld_fab_alt_sld_fab_sldfabric:sldfabric                                                                        ; alt_sld_fab_alt_sld_fab_sldfabric ; alt_sld_fab  ;
;                   |sld_jtag_hub:\jtag_hub_gen:real_sld_jtag_hub|                                                                        ; 129 (90)            ; 86 (58)                   ; 0           ; 0          ; 0            ; 0       ; 0         ; 0    ; 0            ; 0          ; |vga1|sld_hub:auto_hub|alt_sld_fab_with_jtag_input:\instrumentation_fabric_with_node_gen:fabric_gen_new_way:with_jtag_input_gen:instrumentation_fabric|alt_sld_fab:instrumentation_fabric|alt_sld_fab_alt_sld_fab:alt_sld_fab|alt_sld_fab_alt_sld_fab_sldfabric:sldfabric|sld_jtag_hub:\jtag_hub_gen:real_sld_jtag_hub                           ; sld_jtag_hub                      ; work         ;
;                      |sld_rom_sr:hub_info_reg|                                                                                          ; 21 (21)             ; 9 (9)                     ; 0           ; 0          ; 0            ; 0       ; 0         ; 0    ; 0            ; 0          ; |vga1|sld_hub:auto_hub|alt_sld_fab_with_jtag_input:\instrumentation_fabric_with_node_gen:fabric_gen_new_way:with_jtag_input_gen:instrumentation_fabric|alt_sld_fab:instrumentation_fabric|alt_sld_fab_alt_sld_fab:alt_sld_fab|alt_sld_fab_alt_sld_fab_sldfabric:sldfabric|sld_jtag_hub:\jtag_hub_gen:real_sld_jtag_hub|sld_rom_sr:hub_info_reg   ; sld_rom_sr                        ; work         ;
;                      |sld_shadow_jsm:shadow_jsm|                                                                                        ; 18 (18)             ; 19 (19)                   ; 0           ; 0          ; 0            ; 0       ; 0         ; 0    ; 0            ; 0          ; |vga1|sld_hub:auto_hub|alt_sld_fab_with_jtag_input:\instrumentation_fabric_with_node_gen:fabric_gen_new_way:with_jtag_input_gen:instrumentation_fabric|alt_sld_fab:instrumentation_fabric|alt_sld_fab_alt_sld_fab:alt_sld_fab|alt_sld_fab_alt_sld_fab_sldfabric:sldfabric|sld_jtag_hub:\jtag_hub_gen:real_sld_jtag_hub|sld_shadow_jsm:shadow_jsm ; sld_shadow_jsm                    ; altera_sld   ;
;    |sld_signaltap:auto_signaltap_0|                                                                                                     ; 459 (2)             ; 783 (69)                  ; 200704      ; 0          ; 0            ; 0       ; 0         ; 0    ; 0            ; 0          ; |vga1|sld_signaltap:auto_signaltap_0                                                                                                                                                                                                                                                                                                             ; sld_signaltap                     ; work         ;
;       |sld_signaltap_impl:sld_signaltap_body|                                                                                           ; 457 (0)             ; 714 (0)                   ; 200704      ; 0          ; 0            ; 0       ; 0         ; 0    ; 0            ; 0          ; |vga1|sld_signaltap:auto_signaltap_0|sld_signaltap_impl:sld_signaltap_body                                                                                                                                                                                                                                                                       ; sld_signaltap_impl                ; work         ;
;          |sld_signaltap_implb:sld_signaltap_body|                                                                                       ; 457 (88)            ; 714 (280)                 ; 200704      ; 0          ; 0            ; 0       ; 0         ; 0    ; 0            ; 0          ; |vga1|sld_signaltap:auto_signaltap_0|sld_signaltap_impl:sld_signaltap_body|sld_signaltap_implb:sld_signaltap_body                                                                                                                                                                                                                                ; sld_signaltap_implb               ; work         ;
;             |altdpram:\stp_non_zero_ram_gen:attribute_mem_gen:attribute_mem|                                                            ; 27 (0)              ; 76 (76)                   ; 0           ; 0          ; 0            ; 0       ; 0         ; 0    ; 0            ; 0          ; |vga1|sld_signaltap:auto_signaltap_0|sld_signaltap_impl:sld_signaltap_body|sld_signaltap_implb:sld_signaltap_body|altdpram:\stp_non_zero_ram_gen:attribute_mem_gen:attribute_mem                                                                                                                                                                 ; altdpram                          ; work         ;
;                |lpm_decode:wdecoder|                                                                                                    ; 2 (0)               ; 0 (0)                     ; 0           ; 0          ; 0            ; 0       ; 0         ; 0    ; 0            ; 0          ; |vga1|sld_signaltap:auto_signaltap_0|sld_signaltap_impl:sld_signaltap_body|sld_signaltap_implb:sld_signaltap_body|altdpram:\stp_non_zero_ram_gen:attribute_mem_gen:attribute_mem|lpm_decode:wdecoder                                                                                                                                             ; lpm_decode                        ; work         ;
;                   |decode_3af:auto_generated|                                                                                           ; 2 (2)               ; 0 (0)                     ; 0           ; 0          ; 0            ; 0       ; 0         ; 0    ; 0            ; 0          ; |vga1|sld_signaltap:auto_signaltap_0|sld_signaltap_impl:sld_signaltap_body|sld_signaltap_implb:sld_signaltap_body|altdpram:\stp_non_zero_ram_gen:attribute_mem_gen:attribute_mem|lpm_decode:wdecoder|decode_3af:auto_generated                                                                                                                   ; decode_3af                        ; work         ;
;                |lpm_mux:mux|                                                                                                            ; 25 (0)              ; 0 (0)                     ; 0           ; 0          ; 0            ; 0       ; 0         ; 0    ; 0            ; 0          ; |vga1|sld_signaltap:auto_signaltap_0|sld_signaltap_impl:sld_signaltap_body|sld_signaltap_implb:sld_signaltap_body|altdpram:\stp_non_zero_ram_gen:attribute_mem_gen:attribute_mem|lpm_mux:mux                                                                                                                                                     ; lpm_mux                           ; work         ;
;                   |mux_j7c:auto_generated|                                                                                              ; 25 (25)             ; 0 (0)                     ; 0           ; 0          ; 0            ; 0       ; 0         ; 0    ; 0            ; 0          ; |vga1|sld_signaltap:auto_signaltap_0|sld_signaltap_impl:sld_signaltap_body|sld_signaltap_implb:sld_signaltap_body|altdpram:\stp_non_zero_ram_gen:attribute_mem_gen:attribute_mem|lpm_mux:mux|mux_j7c:auto_generated                                                                                                                              ; mux_j7c                           ; work         ;
;             |altsyncram:\stp_non_zero_ram_gen:stp_buffer_ram|                                                                           ; 0 (0)               ; 0 (0)                     ; 200704      ; 0          ; 0            ; 0       ; 0         ; 0    ; 0            ; 0          ; |vga1|sld_signaltap:auto_signaltap_0|sld_signaltap_impl:sld_signaltap_body|sld_signaltap_implb:sld_signaltap_body|altsyncram:\stp_non_zero_ram_gen:stp_buffer_ram                                                                                                                                                                                ; altsyncram                        ; work         ;
;                |altsyncram_em14:auto_generated|                                                                                         ; 0 (0)               ; 0 (0)                     ; 200704      ; 0          ; 0            ; 0       ; 0         ; 0    ; 0            ; 0          ; |vga1|sld_signaltap:auto_signaltap_0|sld_signaltap_impl:sld_signaltap_body|sld_signaltap_implb:sld_signaltap_body|altsyncram:\stp_non_zero_ram_gen:stp_buffer_ram|altsyncram_em14:auto_generated                                                                                                                                                 ; altsyncram_em14                   ; work         ;
;             |lpm_shiftreg:segment_offset_config_deserialize|                                                                            ; 0 (0)               ; 12 (12)                   ; 0           ; 0          ; 0            ; 0       ; 0         ; 0    ; 0            ; 0          ; |vga1|sld_signaltap:auto_signaltap_0|sld_signaltap_impl:sld_signaltap_body|sld_signaltap_implb:sld_signaltap_body|lpm_shiftreg:segment_offset_config_deserialize                                                                                                                                                                                 ; lpm_shiftreg                      ; work         ;
;             |lpm_shiftreg:status_register|                                                                                              ; 17 (17)             ; 17 (17)                   ; 0           ; 0          ; 0            ; 0       ; 0         ; 0    ; 0            ; 0          ; |vga1|sld_signaltap:auto_signaltap_0|sld_signaltap_impl:sld_signaltap_body|sld_signaltap_implb:sld_signaltap_body|lpm_shiftreg:status_register                                                                                                                                                                                                   ; lpm_shiftreg                      ; work         ;
;             |serial_crc_16:\tdo_crc_gen:tdo_crc_calc|                                                                                   ; 14 (14)             ; 13 (13)                   ; 0           ; 0          ; 0            ; 0       ; 0         ; 0    ; 0            ; 0          ; |vga1|sld_signaltap:auto_signaltap_0|sld_signaltap_impl:sld_signaltap_body|sld_signaltap_implb:sld_signaltap_body|serial_crc_16:\tdo_crc_gen:tdo_crc_calc                                                                                                                                                                                        ; serial_crc_16                     ; work         ;
;             |sld_buffer_manager:sld_buffer_manager_inst|                                                                                ; 93 (93)             ; 69 (69)                   ; 0           ; 0          ; 0            ; 0       ; 0         ; 0    ; 0            ; 0          ; |vga1|sld_signaltap:auto_signaltap_0|sld_signaltap_impl:sld_signaltap_body|sld_signaltap_implb:sld_signaltap_body|sld_buffer_manager:sld_buffer_manager_inst                                                                                                                                                                                     ; sld_buffer_manager                ; work         ;
;             |sld_ela_control:ela_control|                                                                                               ; 48 (1)              ; 116 (1)                   ; 0           ; 0          ; 0            ; 0       ; 0         ; 0    ; 0            ; 0          ; |vga1|sld_signaltap:auto_signaltap_0|sld_signaltap_impl:sld_signaltap_body|sld_signaltap_implb:sld_signaltap_body|sld_ela_control:ela_control                                                                                                                                                                                                    ; sld_ela_control                   ; work         ;
;                |lpm_shiftreg:trigger_config_deserialize|                                                                                ; 0 (0)               ; 4 (4)                     ; 0           ; 0          ; 0            ; 0       ; 0         ; 0    ; 0            ; 0          ; |vga1|sld_signaltap:auto_signaltap_0|sld_signaltap_impl:sld_signaltap_body|sld_signaltap_implb:sld_signaltap_body|sld_ela_control:ela_control|lpm_shiftreg:trigger_config_deserialize                                                                                                                                                            ; lpm_shiftreg                      ; work         ;
;                |sld_ela_basic_multi_level_trigger:\basic_multi_level_mbpm_trigger_gen:multi_level_mbpm|                                 ; 40 (0)              ; 100 (0)                   ; 0           ; 0          ; 0            ; 0       ; 0         ; 0    ; 0            ; 0          ; |vga1|sld_signaltap:auto_signaltap_0|sld_signaltap_impl:sld_signaltap_body|sld_signaltap_implb:sld_signaltap_body|sld_ela_control:ela_control|sld_ela_basic_multi_level_trigger:\basic_multi_level_mbpm_trigger_gen:multi_level_mbpm                                                                                                             ; sld_ela_basic_multi_level_trigger ; work         ;
;                   |lpm_shiftreg:trigger_condition_deserialize|                                                                          ; 0 (0)               ; 60 (60)                   ; 0           ; 0          ; 0            ; 0       ; 0         ; 0    ; 0            ; 0          ; |vga1|sld_signaltap:auto_signaltap_0|sld_signaltap_impl:sld_signaltap_body|sld_signaltap_implb:sld_signaltap_body|sld_ela_control:ela_control|sld_ela_basic_multi_level_trigger:\basic_multi_level_mbpm_trigger_gen:multi_level_mbpm|lpm_shiftreg:trigger_condition_deserialize                                                                  ; lpm_shiftreg                      ; work         ;
;                   |sld_mbpmg:\trigger_modules_gen:0:trigger_match|                                                                      ; 40 (0)              ; 40 (0)                    ; 0           ; 0          ; 0            ; 0       ; 0         ; 0    ; 0            ; 0          ; |vga1|sld_signaltap:auto_signaltap_0|sld_signaltap_impl:sld_signaltap_body|sld_signaltap_implb:sld_signaltap_body|sld_ela_control:ela_control|sld_ela_basic_multi_level_trigger:\basic_multi_level_mbpm_trigger_gen:multi_level_mbpm|sld_mbpmg:\trigger_modules_gen:0:trigger_match                                                              ; sld_mbpmg                         ; work         ;
;                      |sld_sbpmg:\gen_sbpmg_pipeline_less_than_two:sm0:0:sm1|                                                            ; 2 (2)               ; 2 (2)                     ; 0           ; 0          ; 0            ; 0       ; 0         ; 0    ; 0            ; 0          ; |vga1|sld_signaltap:auto_signaltap_0|sld_signaltap_impl:sld_signaltap_body|sld_signaltap_implb:sld_signaltap_body|sld_ela_control:ela_control|sld_ela_basic_multi_level_trigger:\basic_multi_level_mbpm_trigger_gen:multi_level_mbpm|sld_mbpmg:\trigger_modules_gen:0:trigger_match|sld_sbpmg:\gen_sbpmg_pipeline_less_than_two:sm0:0:sm1        ; sld_sbpmg                         ; work         ;
;                      |sld_sbpmg:\gen_sbpmg_pipeline_less_than_two:sm0:10:sm1|                                                           ; 2 (2)               ; 2 (2)                     ; 0           ; 0          ; 0            ; 0       ; 0         ; 0    ; 0            ; 0          ; |vga1|sld_signaltap:auto_signaltap_0|sld_signaltap_impl:sld_signaltap_body|sld_signaltap_implb:sld_signaltap_body|sld_ela_control:ela_control|sld_ela_basic_multi_level_trigger:\basic_multi_level_mbpm_trigger_gen:multi_level_mbpm|sld_mbpmg:\trigger_modules_gen:0:trigger_match|sld_sbpmg:\gen_sbpmg_pipeline_less_than_two:sm0:10:sm1       ; sld_sbpmg                         ; work         ;
;                      |sld_sbpmg:\gen_sbpmg_pipeline_less_than_two:sm0:11:sm1|                                                           ; 2 (2)               ; 2 (2)                     ; 0           ; 0          ; 0            ; 0       ; 0         ; 0    ; 0            ; 0          ; |vga1|sld_signaltap:auto_signaltap_0|sld_signaltap_impl:sld_signaltap_body|sld_signaltap_implb:sld_signaltap_body|sld_ela_control:ela_control|sld_ela_basic_multi_level_trigger:\basic_multi_level_mbpm_trigger_gen:multi_level_mbpm|sld_mbpmg:\trigger_modules_gen:0:trigger_match|sld_sbpmg:\gen_sbpmg_pipeline_less_than_two:sm0:11:sm1       ; sld_sbpmg                         ; work         ;
;                      |sld_sbpmg:\gen_sbpmg_pipeline_less_than_two:sm0:12:sm1|                                                           ; 2 (2)               ; 2 (2)                     ; 0           ; 0          ; 0            ; 0       ; 0         ; 0    ; 0            ; 0          ; |vga1|sld_signaltap:auto_signaltap_0|sld_signaltap_impl:sld_signaltap_body|sld_signaltap_implb:sld_signaltap_body|sld_ela_control:ela_control|sld_ela_basic_multi_level_trigger:\basic_multi_level_mbpm_trigger_gen:multi_level_mbpm|sld_mbpmg:\trigger_modules_gen:0:trigger_match|sld_sbpmg:\gen_sbpmg_pipeline_less_than_two:sm0:12:sm1       ; sld_sbpmg                         ; work         ;
;                      |sld_sbpmg:\gen_sbpmg_pipeline_less_than_two:sm0:13:sm1|                                                           ; 2 (2)               ; 2 (2)                     ; 0           ; 0          ; 0            ; 0       ; 0         ; 0    ; 0            ; 0          ; |vga1|sld_signaltap:auto_signaltap_0|sld_signaltap_impl:sld_signaltap_body|sld_signaltap_implb:sld_signaltap_body|sld_ela_control:ela_control|sld_ela_basic_multi_level_trigger:\basic_multi_level_mbpm_trigger_gen:multi_level_mbpm|sld_mbpmg:\trigger_modules_gen:0:trigger_match|sld_sbpmg:\gen_sbpmg_pipeline_less_than_two:sm0:13:sm1       ; sld_sbpmg                         ; work         ;
;                      |sld_sbpmg:\gen_sbpmg_pipeline_less_than_two:sm0:14:sm1|                                                           ; 2 (2)               ; 2 (2)                     ; 0           ; 0          ; 0            ; 0       ; 0         ; 0    ; 0            ; 0          ; |vga1|sld_signaltap:auto_signaltap_0|sld_signaltap_impl:sld_signaltap_body|sld_signaltap_implb:sld_signaltap_body|sld_ela_control:ela_control|sld_ela_basic_multi_level_trigger:\basic_multi_level_mbpm_trigger_gen:multi_level_mbpm|sld_mbpmg:\trigger_modules_gen:0:trigger_match|sld_sbpmg:\gen_sbpmg_pipeline_less_than_two:sm0:14:sm1       ; sld_sbpmg                         ; work         ;
;                      |sld_sbpmg:\gen_sbpmg_pipeline_less_than_two:sm0:15:sm1|                                                           ; 2 (2)               ; 2 (2)                     ; 0           ; 0          ; 0            ; 0       ; 0         ; 0    ; 0            ; 0          ; |vga1|sld_signaltap:auto_signaltap_0|sld_signaltap_impl:sld_signaltap_body|sld_signaltap_implb:sld_signaltap_body|sld_ela_control:ela_control|sld_ela_basic_multi_level_trigger:\basic_multi_level_mbpm_trigger_gen:multi_level_mbpm|sld_mbpmg:\trigger_modules_gen:0:trigger_match|sld_sbpmg:\gen_sbpmg_pipeline_less_than_two:sm0:15:sm1       ; sld_sbpmg                         ; work         ;
;                      |sld_sbpmg:\gen_sbpmg_pipeline_less_than_two:sm0:16:sm1|                                                           ; 2 (2)               ; 2 (2)                     ; 0           ; 0          ; 0            ; 0       ; 0         ; 0    ; 0            ; 0          ; |vga1|sld_signaltap:auto_signaltap_0|sld_signaltap_impl:sld_signaltap_body|sld_signaltap_implb:sld_signaltap_body|sld_ela_control:ela_control|sld_ela_basic_multi_level_trigger:\basic_multi_level_mbpm_trigger_gen:multi_level_mbpm|sld_mbpmg:\trigger_modules_gen:0:trigger_match|sld_sbpmg:\gen_sbpmg_pipeline_less_than_two:sm0:16:sm1       ; sld_sbpmg                         ; work         ;
;                      |sld_sbpmg:\gen_sbpmg_pipeline_less_than_two:sm0:17:sm1|                                                           ; 2 (2)               ; 2 (2)                     ; 0           ; 0          ; 0            ; 0       ; 0         ; 0    ; 0            ; 0          ; |vga1|sld_signaltap:auto_signaltap_0|sld_signaltap_impl:sld_signaltap_body|sld_signaltap_implb:sld_signaltap_body|sld_ela_control:ela_control|sld_ela_basic_multi_level_trigger:\basic_multi_level_mbpm_trigger_gen:multi_level_mbpm|sld_mbpmg:\trigger_modules_gen:0:trigger_match|sld_sbpmg:\gen_sbpmg_pipeline_less_than_two:sm0:17:sm1       ; sld_sbpmg                         ; work         ;
;                      |sld_sbpmg:\gen_sbpmg_pipeline_less_than_two:sm0:18:sm1|                                                           ; 2 (2)               ; 2 (2)                     ; 0           ; 0          ; 0            ; 0       ; 0         ; 0    ; 0            ; 0          ; |vga1|sld_signaltap:auto_signaltap_0|sld_signaltap_impl:sld_signaltap_body|sld_signaltap_implb:sld_signaltap_body|sld_ela_control:ela_control|sld_ela_basic_multi_level_trigger:\basic_multi_level_mbpm_trigger_gen:multi_level_mbpm|sld_mbpmg:\trigger_modules_gen:0:trigger_match|sld_sbpmg:\gen_sbpmg_pipeline_less_than_two:sm0:18:sm1       ; sld_sbpmg                         ; work         ;
;                      |sld_sbpmg:\gen_sbpmg_pipeline_less_than_two:sm0:19:sm1|                                                           ; 2 (2)               ; 2 (2)                     ; 0           ; 0          ; 0            ; 0       ; 0         ; 0    ; 0            ; 0          ; |vga1|sld_signaltap:auto_signaltap_0|sld_signaltap_impl:sld_signaltap_body|sld_signaltap_implb:sld_signaltap_body|sld_ela_control:ela_control|sld_ela_basic_multi_level_trigger:\basic_multi_level_mbpm_trigger_gen:multi_level_mbpm|sld_mbpmg:\trigger_modules_gen:0:trigger_match|sld_sbpmg:\gen_sbpmg_pipeline_less_than_two:sm0:19:sm1       ; sld_sbpmg                         ; work         ;
;                      |sld_sbpmg:\gen_sbpmg_pipeline_less_than_two:sm0:1:sm1|                                                            ; 2 (2)               ; 2 (2)                     ; 0           ; 0          ; 0            ; 0       ; 0         ; 0    ; 0            ; 0          ; |vga1|sld_signaltap:auto_signaltap_0|sld_signaltap_impl:sld_signaltap_body|sld_signaltap_implb:sld_signaltap_body|sld_ela_control:ela_control|sld_ela_basic_multi_level_trigger:\basic_multi_level_mbpm_trigger_gen:multi_level_mbpm|sld_mbpmg:\trigger_modules_gen:0:trigger_match|sld_sbpmg:\gen_sbpmg_pipeline_less_than_two:sm0:1:sm1        ; sld_sbpmg                         ; work         ;
;                      |sld_sbpmg:\gen_sbpmg_pipeline_less_than_two:sm0:2:sm1|                                                            ; 2 (2)               ; 2 (2)                     ; 0           ; 0          ; 0            ; 0       ; 0         ; 0    ; 0            ; 0          ; |vga1|sld_signaltap:auto_signaltap_0|sld_signaltap_impl:sld_signaltap_body|sld_signaltap_implb:sld_signaltap_body|sld_ela_control:ela_control|sld_ela_basic_multi_level_trigger:\basic_multi_level_mbpm_trigger_gen:multi_level_mbpm|sld_mbpmg:\trigger_modules_gen:0:trigger_match|sld_sbpmg:\gen_sbpmg_pipeline_less_than_two:sm0:2:sm1        ; sld_sbpmg                         ; work         ;
;                      |sld_sbpmg:\gen_sbpmg_pipeline_less_than_two:sm0:3:sm1|                                                            ; 2 (2)               ; 2 (2)                     ; 0           ; 0          ; 0            ; 0       ; 0         ; 0    ; 0            ; 0          ; |vga1|sld_signaltap:auto_signaltap_0|sld_signaltap_impl:sld_signaltap_body|sld_signaltap_implb:sld_signaltap_body|sld_ela_control:ela_control|sld_ela_basic_multi_level_trigger:\basic_multi_level_mbpm_trigger_gen:multi_level_mbpm|sld_mbpmg:\trigger_modules_gen:0:trigger_match|sld_sbpmg:\gen_sbpmg_pipeline_less_than_two:sm0:3:sm1        ; sld_sbpmg                         ; work         ;
;                      |sld_sbpmg:\gen_sbpmg_pipeline_less_than_two:sm0:4:sm1|                                                            ; 2 (2)               ; 2 (2)                     ; 0           ; 0          ; 0            ; 0       ; 0         ; 0    ; 0            ; 0          ; |vga1|sld_signaltap:auto_signaltap_0|sld_signaltap_impl:sld_signaltap_body|sld_signaltap_implb:sld_signaltap_body|sld_ela_control:ela_control|sld_ela_basic_multi_level_trigger:\basic_multi_level_mbpm_trigger_gen:multi_level_mbpm|sld_mbpmg:\trigger_modules_gen:0:trigger_match|sld_sbpmg:\gen_sbpmg_pipeline_less_than_two:sm0:4:sm1        ; sld_sbpmg                         ; work         ;
;                      |sld_sbpmg:\gen_sbpmg_pipeline_less_than_two:sm0:5:sm1|                                                            ; 2 (2)               ; 2 (2)                     ; 0           ; 0          ; 0            ; 0       ; 0         ; 0    ; 0            ; 0          ; |vga1|sld_signaltap:auto_signaltap_0|sld_signaltap_impl:sld_signaltap_body|sld_signaltap_implb:sld_signaltap_body|sld_ela_control:ela_control|sld_ela_basic_multi_level_trigger:\basic_multi_level_mbpm_trigger_gen:multi_level_mbpm|sld_mbpmg:\trigger_modules_gen:0:trigger_match|sld_sbpmg:\gen_sbpmg_pipeline_less_than_two:sm0:5:sm1        ; sld_sbpmg                         ; work         ;
;                      |sld_sbpmg:\gen_sbpmg_pipeline_less_than_two:sm0:6:sm1|                                                            ; 2 (2)               ; 2 (2)                     ; 0           ; 0          ; 0            ; 0       ; 0         ; 0    ; 0            ; 0          ; |vga1|sld_signaltap:auto_signaltap_0|sld_signaltap_impl:sld_signaltap_body|sld_signaltap_implb:sld_signaltap_body|sld_ela_control:ela_control|sld_ela_basic_multi_level_trigger:\basic_multi_level_mbpm_trigger_gen:multi_level_mbpm|sld_mbpmg:\trigger_modules_gen:0:trigger_match|sld_sbpmg:\gen_sbpmg_pipeline_less_than_two:sm0:6:sm1        ; sld_sbpmg                         ; work         ;
;                      |sld_sbpmg:\gen_sbpmg_pipeline_less_than_two:sm0:7:sm1|                                                            ; 2 (2)               ; 2 (2)                     ; 0           ; 0          ; 0            ; 0       ; 0         ; 0    ; 0            ; 0          ; |vga1|sld_signaltap:auto_signaltap_0|sld_signaltap_impl:sld_signaltap_body|sld_signaltap_implb:sld_signaltap_body|sld_ela_control:ela_control|sld_ela_basic_multi_level_trigger:\basic_multi_level_mbpm_trigger_gen:multi_level_mbpm|sld_mbpmg:\trigger_modules_gen:0:trigger_match|sld_sbpmg:\gen_sbpmg_pipeline_less_than_two:sm0:7:sm1        ; sld_sbpmg                         ; work         ;
;                      |sld_sbpmg:\gen_sbpmg_pipeline_less_than_two:sm0:8:sm1|                                                            ; 2 (2)               ; 2 (2)                     ; 0           ; 0          ; 0            ; 0       ; 0         ; 0    ; 0            ; 0          ; |vga1|sld_signaltap:auto_signaltap_0|sld_signaltap_impl:sld_signaltap_body|sld_signaltap_implb:sld_signaltap_body|sld_ela_control:ela_control|sld_ela_basic_multi_level_trigger:\basic_multi_level_mbpm_trigger_gen:multi_level_mbpm|sld_mbpmg:\trigger_modules_gen:0:trigger_match|sld_sbpmg:\gen_sbpmg_pipeline_less_than_two:sm0:8:sm1        ; sld_sbpmg                         ; work         ;
;                      |sld_sbpmg:\gen_sbpmg_pipeline_less_than_two:sm0:9:sm1|                                                            ; 2 (2)               ; 2 (2)                     ; 0           ; 0          ; 0            ; 0       ; 0         ; 0    ; 0            ; 0          ; |vga1|sld_signaltap:auto_signaltap_0|sld_signaltap_impl:sld_signaltap_body|sld_signaltap_implb:sld_signaltap_body|sld_ela_control:ela_control|sld_ela_basic_multi_level_trigger:\basic_multi_level_mbpm_trigger_gen:multi_level_mbpm|sld_mbpmg:\trigger_modules_gen:0:trigger_match|sld_sbpmg:\gen_sbpmg_pipeline_less_than_two:sm0:9:sm1        ; sld_sbpmg                         ; work         ;
;                |sld_ela_trigger_flow_mgr:\builtin:ela_trigger_flow_mgr_entity|                                                          ; 7 (7)               ; 11 (1)                    ; 0           ; 0          ; 0            ; 0       ; 0         ; 0    ; 0            ; 0          ; |vga1|sld_signaltap:auto_signaltap_0|sld_signaltap_impl:sld_signaltap_body|sld_signaltap_implb:sld_signaltap_body|sld_ela_control:ela_control|sld_ela_trigger_flow_mgr:\builtin:ela_trigger_flow_mgr_entity                                                                                                                                      ; sld_ela_trigger_flow_mgr          ; work         ;
;                   |lpm_shiftreg:trigger_config_deserialize|                                                                             ; 0 (0)               ; 10 (10)                   ; 0           ; 0          ; 0            ; 0       ; 0         ; 0    ; 0            ; 0          ; |vga1|sld_signaltap:auto_signaltap_0|sld_signaltap_impl:sld_signaltap_body|sld_signaltap_implb:sld_signaltap_body|sld_ela_control:ela_control|sld_ela_trigger_flow_mgr:\builtin:ela_trigger_flow_mgr_entity|lpm_shiftreg:trigger_config_deserialize                                                                                              ; lpm_shiftreg                      ; work         ;
;             |sld_offload_buffer_mgr:\stp_non_zero_depth_offload_gen:stp_offload_buff_mgr_inst|                                          ; 140 (11)            ; 123 (0)                   ; 0           ; 0          ; 0            ; 0       ; 0         ; 0    ; 0            ; 0          ; |vga1|sld_signaltap:auto_signaltap_0|sld_signaltap_impl:sld_signaltap_body|sld_signaltap_implb:sld_signaltap_body|sld_offload_buffer_mgr:\stp_non_zero_depth_offload_gen:stp_offload_buff_mgr_inst                                                                                                                                               ; sld_offload_buffer_mgr            ; work         ;
;                |lpm_counter:\adv_point_3_and_more:advance_pointer_counter|                                                              ; 8 (0)               ; 6 (0)                     ; 0           ; 0          ; 0            ; 0       ; 0         ; 0    ; 0            ; 0          ; |vga1|sld_signaltap:auto_signaltap_0|sld_signaltap_impl:sld_signaltap_body|sld_signaltap_implb:sld_signaltap_body|sld_offload_buffer_mgr:\stp_non_zero_depth_offload_gen:stp_offload_buff_mgr_inst|lpm_counter:\adv_point_3_and_more:advance_pointer_counter                                                                                     ; lpm_counter                       ; work         ;
;                   |cntr_drh:auto_generated|                                                                                             ; 8 (8)               ; 6 (6)                     ; 0           ; 0          ; 0            ; 0       ; 0         ; 0    ; 0            ; 0          ; |vga1|sld_signaltap:auto_signaltap_0|sld_signaltap_impl:sld_signaltap_body|sld_signaltap_implb:sld_signaltap_body|sld_offload_buffer_mgr:\stp_non_zero_depth_offload_gen:stp_offload_buff_mgr_inst|lpm_counter:\adv_point_3_and_more:advance_pointer_counter|cntr_drh:auto_generated                                                             ; cntr_drh                          ; work         ;
;                |lpm_counter:read_pointer_counter|                                                                                       ; 12 (0)              ; 12 (0)                    ; 0           ; 0          ; 0            ; 0       ; 0         ; 0    ; 0            ; 0          ; |vga1|sld_signaltap:auto_signaltap_0|sld_signaltap_impl:sld_signaltap_body|sld_signaltap_implb:sld_signaltap_body|sld_offload_buffer_mgr:\stp_non_zero_depth_offload_gen:stp_offload_buff_mgr_inst|lpm_counter:read_pointer_counter                                                                                                              ; lpm_counter                       ; work         ;
;                   |cntr_cki:auto_generated|                                                                                             ; 12 (12)             ; 12 (12)                   ; 0           ; 0          ; 0            ; 0       ; 0         ; 0    ; 0            ; 0          ; |vga1|sld_signaltap:auto_signaltap_0|sld_signaltap_impl:sld_signaltap_body|sld_signaltap_implb:sld_signaltap_body|sld_offload_buffer_mgr:\stp_non_zero_depth_offload_gen:stp_offload_buff_mgr_inst|lpm_counter:read_pointer_counter|cntr_cki:auto_generated                                                                                      ; cntr_cki                          ; work         ;
;                |lpm_counter:status_advance_pointer_counter|                                                                             ; 7 (0)               ; 5 (0)                     ; 0           ; 0          ; 0            ; 0       ; 0         ; 0    ; 0            ; 0          ; |vga1|sld_signaltap:auto_signaltap_0|sld_signaltap_impl:sld_signaltap_body|sld_signaltap_implb:sld_signaltap_body|sld_offload_buffer_mgr:\stp_non_zero_depth_offload_gen:stp_offload_buff_mgr_inst|lpm_counter:status_advance_pointer_counter                                                                                                    ; lpm_counter                       ; work         ;
;                   |cntr_6rh:auto_generated|                                                                                             ; 7 (7)               ; 5 (5)                     ; 0           ; 0          ; 0            ; 0       ; 0         ; 0    ; 0            ; 0          ; |vga1|sld_signaltap:auto_signaltap_0|sld_signaltap_impl:sld_signaltap_body|sld_signaltap_implb:sld_signaltap_body|sld_offload_buffer_mgr:\stp_non_zero_depth_offload_gen:stp_offload_buff_mgr_inst|lpm_counter:status_advance_pointer_counter|cntr_6rh:auto_generated                                                                            ; cntr_6rh                          ; work         ;
;                |lpm_counter:status_read_pointer_counter|                                                                                ; 3 (0)               ; 1 (0)                     ; 0           ; 0          ; 0            ; 0       ; 0         ; 0    ; 0            ; 0          ; |vga1|sld_signaltap:auto_signaltap_0|sld_signaltap_impl:sld_signaltap_body|sld_signaltap_implb:sld_signaltap_body|sld_offload_buffer_mgr:\stp_non_zero_depth_offload_gen:stp_offload_buff_mgr_inst|lpm_counter:status_read_pointer_counter                                                                                                       ; lpm_counter                       ; work         ;
;                   |cntr_odi:auto_generated|                                                                                             ; 3 (3)               ; 1 (1)                     ; 0           ; 0          ; 0            ; 0       ; 0         ; 0    ; 0            ; 0          ; |vga1|sld_signaltap:auto_signaltap_0|sld_signaltap_impl:sld_signaltap_body|sld_signaltap_implb:sld_signaltap_body|sld_offload_buffer_mgr:\stp_non_zero_depth_offload_gen:stp_offload_buff_mgr_inst|lpm_counter:status_read_pointer_counter|cntr_odi:auto_generated                                                                               ; cntr_odi                          ; work         ;
;                |lpm_shiftreg:info_data_shift_out|                                                                                       ; 25 (25)             ; 25 (25)                   ; 0           ; 0          ; 0            ; 0       ; 0         ; 0    ; 0            ; 0          ; |vga1|sld_signaltap:auto_signaltap_0|sld_signaltap_impl:sld_signaltap_body|sld_signaltap_implb:sld_signaltap_body|sld_offload_buffer_mgr:\stp_non_zero_depth_offload_gen:stp_offload_buff_mgr_inst|lpm_shiftreg:info_data_shift_out                                                                                                              ; lpm_shiftreg                      ; work         ;
;                |lpm_shiftreg:ram_data_shift_out|                                                                                        ; 49 (49)             ; 49 (49)                   ; 0           ; 0          ; 0            ; 0       ; 0         ; 0    ; 0            ; 0          ; |vga1|sld_signaltap:auto_signaltap_0|sld_signaltap_impl:sld_signaltap_body|sld_signaltap_implb:sld_signaltap_body|sld_offload_buffer_mgr:\stp_non_zero_depth_offload_gen:stp_offload_buff_mgr_inst|lpm_shiftreg:ram_data_shift_out                                                                                                               ; lpm_shiftreg                      ; work         ;
;                |lpm_shiftreg:status_data_shift_out|                                                                                     ; 25 (25)             ; 25 (25)                   ; 0           ; 0          ; 0            ; 0       ; 0         ; 0    ; 0            ; 0          ; |vga1|sld_signaltap:auto_signaltap_0|sld_signaltap_impl:sld_signaltap_body|sld_signaltap_implb:sld_signaltap_body|sld_offload_buffer_mgr:\stp_non_zero_depth_offload_gen:stp_offload_buff_mgr_inst|lpm_shiftreg:status_data_shift_out                                                                                                            ; lpm_shiftreg                      ; work         ;
;             |sld_rom_sr:crc_rom_sr|                                                                                                     ; 30 (30)             ; 8 (8)                     ; 0           ; 0          ; 0            ; 0       ; 0         ; 0    ; 0            ; 0          ; |vga1|sld_signaltap:auto_signaltap_0|sld_signaltap_impl:sld_signaltap_body|sld_signaltap_implb:sld_signaltap_body|sld_rom_sr:crc_rom_sr                                                                                                                                                                                                          ; sld_rom_sr                        ; work         ;
;    |vga_calc_simulator:inst12|                                                                                                          ; 45 (45)             ; 23 (23)                   ; 0           ; 0          ; 0            ; 0       ; 0         ; 0    ; 0            ; 0          ; |vga1|vga_calc_simulator:inst12                                                                                                                                                                                                                                                                                                                  ; vga_calc_simulator                ; work         ;
+-----------------------------------------------------------------------------------------------------------------------------------------+---------------------+---------------------------+-------------+------------+--------------+---------+-----------+------+--------------+------------+--------------------------------------------------------------------------------------------------------------------------------------------------------------------------------------------------------------------------------------------------------------------------------------------------------------------------------------------------+-----------------------------------+--------------+
Note: For table entries with two numbers listed, the numbers in parentheses indicate the number of resources of the given type used by the specific entity alone. The numbers listed outside of parentheses indicate the total resources of the given type used by the specific entity and all of its sub-entities in the hierarchy.


+--------------------------------------------------------------------------------------------------------------------------------------------------------------------------------------------------------------------------------------------------------------------------------------------------------------+
; Analysis & Synthesis RAM Summary                                                                                                                                                                                                                                                                             ;
+-------------------------------------------------------------------------------------------------------------------------------------------------------------------------------------------------------+------+------------------+--------------+--------------+--------------+--------------+---------+------+
; Name                                                                                                                                                                                                  ; Type ; Mode             ; Port A Depth ; Port A Width ; Port B Depth ; Port B Width ; Size    ; MIF  ;
+-------------------------------------------------------------------------------------------------------------------------------------------------------------------------------------------------------+------+------------------+--------------+--------------+--------------+--------------+---------+------+
; Enderecamento:inst10|altshift_taps:auxcoluna_rtl_0|shift_taps_ugl:auto_generated|altsyncram_hv21:altsyncram4|ALTSYNCRAM                                                                               ; AUTO ; Simple Dual Port ; 3            ; 12           ; 3            ; 12           ; 36      ; None ;
; memory2:inst11|altsyncram:ram_block_rtl_0|altsyncram_a4c1:auto_generated|ALTSYNCRAM                                                                                                                   ; AUTO ; Simple Dual Port ; 131072       ; 8            ; 131072       ; 8            ; 1048576 ; None ;
; sld_signaltap:auto_signaltap_0|sld_signaltap_impl:sld_signaltap_body|sld_signaltap_implb:sld_signaltap_body|altsyncram:\stp_non_zero_ram_gen:stp_buffer_ram|altsyncram_em14:auto_generated|ALTSYNCRAM ; AUTO ; Simple Dual Port ; 4096         ; 49           ; 4096         ; 49           ; 200704  ; None ;
+-------------------------------------------------------------------------------------------------------------------------------------------------------------------------------------------------------+------+------------------+--------------+--------------+--------------+--------------+---------+------+


+-----------------------------------------------------+
; Analysis & Synthesis DSP Block Usage Summary        ;
+---------------------------------------+-------------+
; Statistic                             ; Number Used ;
+---------------------------------------+-------------+
; Simple Multipliers (9-bit)            ; 0           ;
; Simple Multipliers (18-bit)           ; 12          ;
; Embedded Multiplier Blocks            ; --          ;
; Embedded Multiplier 9-bit elements    ; 24          ;
; Signed Embedded Multipliers           ; 3           ;
; Unsigned Embedded Multipliers         ; 3           ;
; Mixed Sign Embedded Multipliers       ; 6           ;
; Variable Sign Embedded Multipliers    ; 0           ;
; Dedicated Input Shift Register Chains ; 0           ;
+---------------------------------------+-------------+
Note: number of Embedded Multiplier Blocks used is only available after a successful fit.


+-------------------------------------------------------------------------------------------------------------------------------------------------------------------------------------------------------------------------------------------------------------------------------------------------------------------------------------------------------------+
; Analysis & Synthesis IP Cores Summary                                                                                                                                                                                                                                                                                                                       ;
+--------+--------------+---------+--------------+--------------+---------------------------------------------------------------------------------------------------------------------------------------------------------------------------------------------------------------------------------------------------------------------------+-----------------+
; Vendor ; IP Core Name ; Version ; Release Date ; License Type ; Entity Instance                                                                                                                                                                                                                                                           ; IP Include File ;
+--------+--------------+---------+--------------+--------------+---------------------------------------------------------------------------------------------------------------------------------------------------------------------------------------------------------------------------------------------------------------------------+-----------------+
; Altera ; Signal Tap   ; N/A     ; N/A          ; Licensed     ; |vga1|sld_hub:auto_hub|alt_sld_fab_with_jtag_input:\instrumentation_fabric_with_node_gen:fabric_gen_new_way:with_jtag_input_gen:instrumentation_fabric|alt_sld_fab:instrumentation_fabric                                                                                 ;                 ;
; Altera ; Signal Tap   ; N/A     ; N/A          ; Licensed     ; |vga1|sld_hub:auto_hub|alt_sld_fab_with_jtag_input:\instrumentation_fabric_with_node_gen:fabric_gen_new_way:with_jtag_input_gen:instrumentation_fabric|alt_sld_fab:instrumentation_fabric|alt_sld_fab_alt_sld_fab:alt_sld_fab                                             ;                 ;
; Altera ; Signal Tap   ; N/A     ; N/A          ; Licensed     ; |vga1|sld_hub:auto_hub|alt_sld_fab_with_jtag_input:\instrumentation_fabric_with_node_gen:fabric_gen_new_way:with_jtag_input_gen:instrumentation_fabric|alt_sld_fab:instrumentation_fabric|alt_sld_fab_alt_sld_fab:alt_sld_fab|alt_sld_fab_alt_sld_fab_presplit:presplit   ;                 ;
; Altera ; Signal Tap   ; N/A     ; N/A          ; Licensed     ; |vga1|sld_hub:auto_hub|alt_sld_fab_with_jtag_input:\instrumentation_fabric_with_node_gen:fabric_gen_new_way:with_jtag_input_gen:instrumentation_fabric|alt_sld_fab:instrumentation_fabric|alt_sld_fab_alt_sld_fab:alt_sld_fab|alt_sld_fab_alt_sld_fab_sldfabric:sldfabric ;                 ;
; Altera ; Signal Tap   ; N/A     ; N/A          ; Licensed     ; |vga1|sld_hub:auto_hub|alt_sld_fab_with_jtag_input:\instrumentation_fabric_with_node_gen:fabric_gen_new_way:with_jtag_input_gen:instrumentation_fabric|alt_sld_fab:instrumentation_fabric|alt_sld_fab_alt_sld_fab:alt_sld_fab|alt_sld_fab_alt_sld_fab_splitter:splitter   ;                 ;
; Altera ; ALTPLL       ; 18.1    ; N/A          ; N/A          ; |vga1|pll_25MHz:inst1                                                                                                                                                                                                                                                     ; pll_25MHz.vhd   ;
; Altera ; ALTPLL       ; 18.1    ; N/A          ; N/A          ; |vga1|pllstp:inst2                                                                                                                                                                                                                                                        ; pllstp.vhd      ;
; Altera ; ROM: 1-PORT  ; 18.1    ; N/A          ; N/A          ; |vga1|rom2:inst4                                                                                                                                                                                                                                                          ; rom2.vhd        ;
+--------+--------------+---------+--------------+--------------+---------------------------------------------------------------------------------------------------------------------------------------------------------------------------------------------------------------------------------------------------------------------------+-----------------+


Encoding Type:  One-Hot
+-------------------------------------------------------------------------------------------------------------------------------------------+
; State Machine - |vga1|vga_calc_simulator:inst12|state                                                                                     ;
+---------------------+---------------+---------------------+--------------------+--------------------+---------------------+---------------+
; Name                ; state.ST_DONE ; state.ST_NEXT_PIXEL ; state.ST_WRITE_RAM ; state.ST_WAIT_CORE ; state.ST_START_CORE ; state.ST_IDLE ;
+---------------------+---------------+---------------------+--------------------+--------------------+---------------------+---------------+
; state.ST_IDLE       ; 0             ; 0                   ; 0                  ; 0                  ; 0                   ; 0             ;
; state.ST_START_CORE ; 0             ; 0                   ; 0                  ; 0                  ; 1                   ; 1             ;
; state.ST_WAIT_CORE  ; 0             ; 0                   ; 0                  ; 1                  ; 0                   ; 1             ;
; state.ST_WRITE_RAM  ; 0             ; 0                   ; 1                  ; 0                  ; 0                   ; 1             ;
; state.ST_NEXT_PIXEL ; 0             ; 1                   ; 0                  ; 0                  ; 0                   ; 1             ;
; state.ST_DONE       ; 1             ; 0                   ; 0                  ; 0                  ; 0                   ; 1             ;
+---------------------+---------------+---------------------+--------------------+--------------------+---------------------+---------------+


+----------------------------------------------------------------------------------------------+
; Registers Removed During Synthesis                                                           ;
+-----------------------------------------------+----------------------------------------------+
; Register name                                 ; Reason for Removal                           ;
+-----------------------------------------------+----------------------------------------------+
; Enderecamento:inst10|auxlinha[9]              ; Stuck at GND due to stuck port data_in       ;
; vga_calc_simulator:inst12|calc_y[0]           ; Stuck at GND due to stuck port data_in       ;
; Enderecamento:inst10|auxlinha[0]              ; Stuck at GND due to stuck port data_in       ;
; vga_calc_simulator:inst12|calc_x[0]           ; Stuck at GND due to stuck port data_in       ;
; vga_calc_simulator:inst12|state.ST_NEXT_PIXEL ; Merged with vga_calc_simulator:inst12|ram_we ;
; vga_calc_simulator:inst12|state.ST_DONE       ; Lost fanout                                  ;
; Total Number of Removed Registers = 6         ;                                              ;
+-----------------------------------------------+----------------------------------------------+


+----------------------------------------------------------------------------------------------------------+
; Removed Registers Triggering Further Register Optimizations                                              ;
+-------------------------------------+---------------------------+----------------------------------------+
; Register name                       ; Reason for Removal        ; Registers Removed due to This Register ;
+-------------------------------------+---------------------------+----------------------------------------+
; vga_calc_simulator:inst12|calc_y[0] ; Stuck at GND              ; Enderecamento:inst10|auxlinha[0]       ;
;                                     ; due to stuck port data_in ;                                        ;
+-------------------------------------+---------------------------+----------------------------------------+


+------------------------------------------------------+
; General Register Statistics                          ;
+----------------------------------------------+-------+
; Statistic                                    ; Value ;
+----------------------------------------------+-------+
; Total registers                              ; 1079  ;
; Number of registers using Synchronous Clear  ; 131   ;
; Number of registers using Synchronous Load   ; 87    ;
; Number of registers using Asynchronous Clear ; 412   ;
; Number of registers using Asynchronous Load  ; 0     ;
; Number of registers using Clock Enable       ; 482   ;
; Number of registers using Preset             ; 0     ;
+----------------------------------------------+-------+


+-------------------------------------------------------------------------------------------------------------------------------------------------------------------------------------------------------------------------------------------------------------------------------------------------------------------------------------------+
; Inverted Register Statistics                                                                                                                                                                                                                                                                                                              ;
+---------------------------------------------------------------------------------------------------------------------------------------------------------------------------------------------------------------------------------------------------------------------------------------------------------------------------------+---------+
; Inverted Register                                                                                                                                                                                                                                                                                                               ; Fan out ;
+---------------------------------------------------------------------------------------------------------------------------------------------------------------------------------------------------------------------------------------------------------------------------------------------------------------------------------+---------+
; sld_hub:auto_hub|alt_sld_fab_with_jtag_input:\instrumentation_fabric_with_node_gen:fabric_gen_new_way:with_jtag_input_gen:instrumentation_fabric|alt_sld_fab:instrumentation_fabric|alt_sld_fab_alt_sld_fab:alt_sld_fab|alt_sld_fab_alt_sld_fab_sldfabric:sldfabric|sld_jtag_hub:\jtag_hub_gen:real_sld_jtag_hub|jtag_ir_reg[2] ; 2       ;
; sld_hub:auto_hub|alt_sld_fab_with_jtag_input:\instrumentation_fabric_with_node_gen:fabric_gen_new_way:with_jtag_input_gen:instrumentation_fabric|alt_sld_fab:instrumentation_fabric|alt_sld_fab_alt_sld_fab:alt_sld_fab|alt_sld_fab_alt_sld_fab_sldfabric:sldfabric|sld_jtag_hub:\jtag_hub_gen:real_sld_jtag_hub|jtag_ir_reg[1] ; 3       ;
; sld_signaltap:auto_signaltap_0|sld_signaltap_impl:sld_signaltap_body|sld_signaltap_implb:sld_signaltap_body|sld_buffer_manager:sld_buffer_manager_inst|modified_post_count[1]                                                                                                                                                   ; 1       ;
; sld_signaltap:auto_signaltap_0|sld_signaltap_impl:sld_signaltap_body|sld_signaltap_implb:sld_signaltap_body|sld_buffer_manager:sld_buffer_manager_inst|modified_post_count[2]                                                                                                                                                   ; 1       ;
; sld_signaltap:auto_signaltap_0|sld_signaltap_impl:sld_signaltap_body|sld_signaltap_implb:sld_signaltap_body|sld_buffer_manager:sld_buffer_manager_inst|modified_post_count[3]                                                                                                                                                   ; 1       ;
; sld_signaltap:auto_signaltap_0|sld_signaltap_impl:sld_signaltap_body|sld_signaltap_implb:sld_signaltap_body|sld_buffer_manager:sld_buffer_manager_inst|modified_post_count[4]                                                                                                                                                   ; 1       ;
; sld_signaltap:auto_signaltap_0|sld_signaltap_impl:sld_signaltap_body|sld_signaltap_implb:sld_signaltap_body|sld_buffer_manager:sld_buffer_manager_inst|modified_post_count[5]                                                                                                                                                   ; 1       ;
; sld_signaltap:auto_signaltap_0|sld_signaltap_impl:sld_signaltap_body|sld_signaltap_implb:sld_signaltap_body|sld_buffer_manager:sld_buffer_manager_inst|modified_post_count[6]                                                                                                                                                   ; 1       ;
; sld_signaltap:auto_signaltap_0|sld_signaltap_impl:sld_signaltap_body|sld_signaltap_implb:sld_signaltap_body|sld_buffer_manager:sld_buffer_manager_inst|modified_post_count[7]                                                                                                                                                   ; 1       ;
; sld_signaltap:auto_signaltap_0|sld_signaltap_impl:sld_signaltap_body|sld_signaltap_implb:sld_signaltap_body|sld_buffer_manager:sld_buffer_manager_inst|modified_post_count[8]                                                                                                                                                   ; 1       ;
; sld_signaltap:auto_signaltap_0|sld_signaltap_impl:sld_signaltap_body|sld_signaltap_implb:sld_signaltap_body|sld_buffer_manager:sld_buffer_manager_inst|modified_post_count[9]                                                                                                                                                   ; 1       ;
; sld_signaltap:auto_signaltap_0|sld_signaltap_impl:sld_signaltap_body|sld_signaltap_implb:sld_signaltap_body|sld_buffer_manager:sld_buffer_manager_inst|modified_post_count[10]                                                                                                                                                  ; 1       ;
; sld_signaltap:auto_signaltap_0|sld_signaltap_impl:sld_signaltap_body|sld_signaltap_implb:sld_signaltap_body|sld_buffer_manager:sld_buffer_manager_inst|modified_post_count[11]                                                                                                                                                  ; 1       ;
; sld_signaltap:auto_signaltap_0|sld_signaltap_impl:sld_signaltap_body|sld_signaltap_implb:sld_signaltap_body|sld_buffer_manager:sld_buffer_manager_inst|modified_post_count[12]                                                                                                                                                  ; 1       ;
; sld_signaltap:auto_signaltap_0|sld_signaltap_impl:sld_signaltap_body|sld_signaltap_implb:sld_signaltap_body|sld_buffer_manager:sld_buffer_manager_inst|modified_post_count[0]                                                                                                                                                   ; 1       ;
; Total number of inverted registers = 15                                                                                                                                                                                                                                                                                         ;         ;
+---------------------------------------------------------------------------------------------------------------------------------------------------------------------------------------------------------------------------------------------------------------------------------------------------------------------------------+---------+


+------------------------------------------------------------------------------------------+
; Registers Packed Into Inferred Megafunctions                                             ;
+--------------------------------------+--------------------------------------+------------+
; Register Name                        ; Megafunction                         ; Type       ;
+--------------------------------------+--------------------------------------+------------+
; memory2:inst11|q[0..7]               ; memory2:inst11|ram_block_rtl_0       ; RAM        ;
; Enderecamento:inst10|address[0..5]   ; Enderecamento:inst10|auxcoluna_rtl_0 ; SHIFT_TAPS ;
; Enderecamento:inst10|auxadd[0..5]    ; Enderecamento:inst10|auxcoluna_rtl_0 ; SHIFT_TAPS ;
; Enderecamento:inst10|auxcoluna[1..6] ; Enderecamento:inst10|auxcoluna_rtl_0 ; SHIFT_TAPS ;
; Enderecamento:inst9|address[0..5]    ; Enderecamento:inst10|auxcoluna_rtl_0 ; SHIFT_TAPS ;
; Enderecamento:inst9|auxadd[0..5]     ; Enderecamento:inst10|auxcoluna_rtl_0 ; SHIFT_TAPS ;
; Enderecamento:inst9|auxcoluna[1..6]  ; Enderecamento:inst10|auxcoluna_rtl_0 ; SHIFT_TAPS ;
+--------------------------------------+--------------------------------------+------------+


+---------------------------------------------------------------------------------------------------------------------------------------------------------+
; Multiplexer Restructuring Statistics (Restructuring Performed)                                                                                          ;
+--------------------+-----------+---------------+----------------------+------------------------+------------+-------------------------------------------+
; Multiplexer Inputs ; Bus Width ; Baseline Area ; Area if Restructured ; Saving if Restructured ; Registered ; Example Multiplexer Output                ;
+--------------------+-----------+---------------+----------------------+------------------------+------------+-------------------------------------------+
; 3:1                ; 8 bits    ; 16 LEs        ; 8 LEs                ; 8 LEs                  ; Yes        ; |vga1|mandelbrot_pixel_core:inst6|iter[7] ;
; 3:1                ; 10 bits   ; 20 LEs        ; 10 LEs               ; 10 LEs                 ; Yes        ; |vga1|VGA_drvr:inst|v_count[3]            ;
; 4:1                ; 4 bits    ; 8 LEs         ; 8 LEs                ; 0 LEs                  ; Yes        ; |vga1|VGA_drvr:inst|green[3]              ;
; 4:1                ; 4 bits    ; 8 LEs         ; 8 LEs                ; 0 LEs                  ; Yes        ; |vga1|VGA_drvr:inst|red[3]                ;
; 5:1                ; 4 bits    ; 12 LEs        ; 12 LEs               ; 0 LEs                  ; Yes        ; |vga1|VGA_drvr:inst|blue[0]               ;
; 3:1                ; 64 bits   ; 128 LEs       ; 64 LEs               ; 64 LEs                 ; Yes        ; |vga1|mandelbrot_pixel_core:inst6|zi[7]   ;
+--------------------+-----------+---------------+----------------------+------------------------+------------+-------------------------------------------+


+--------------------------------------------------------------------------------------------------+
; Source assignments for rom2:inst4|altsyncram:altsyncram_component|altsyncram_ioq3:auto_generated ;
+---------------------------------+--------------------+------+------------------------------------+
; Assignment                      ; Value              ; From ; To                                 ;
+---------------------------------+--------------------+------+------------------------------------+
; OPTIMIZE_POWER_DURING_SYNTHESIS ; NORMAL_COMPILATION ; -    ; -                                  ;
+---------------------------------+--------------------+------+------------------------------------+


+-------------------------------------------------------+
; Source assignments for sld_signaltap:auto_signaltap_0 ;
+-----------------+-------+------+----------------------+
; Assignment      ; Value ; From ; To                   ;
+-----------------+-------+------+----------------------+
; MESSAGE_DISABLE ; 13410 ; -    ; -                    ;
+-----------------+-------+------+----------------------+


+-------------------------------------------------------------------------------------------------+
; Source assignments for memory2:inst11|altsyncram:ram_block_rtl_0|altsyncram_a4c1:auto_generated ;
+---------------------------------+--------------------+------+-----------------------------------+
; Assignment                      ; Value              ; From ; To                                ;
+---------------------------------+--------------------+------+-----------------------------------+
; OPTIMIZE_POWER_DURING_SYNTHESIS ; NORMAL_COMPILATION ; -    ; -                                 ;
+---------------------------------+--------------------+------+-----------------------------------+


+-------------------------------------------------------------------------------------------------------------------------------------+
; Source assignments for Enderecamento:inst10|altshift_taps:auxcoluna_rtl_0|shift_taps_ugl:auto_generated|altsyncram_hv21:altsyncram4 ;
+---------------------------------+--------------------+------+-----------------------------------------------------------------------+
; Assignment                      ; Value              ; From ; To                                                                    ;
+---------------------------------+--------------------+------+-----------------------------------------------------------------------+
; OPTIMIZE_POWER_DURING_SYNTHESIS ; NORMAL_COMPILATION ; -    ; -                                                                     ;
+---------------------------------+--------------------+------+-----------------------------------------------------------------------+


+------------------------------------------------------------+
; Parameter Settings for User Entity Instance: VGA_drvr:inst ;
+-----------------+-------+----------------------------------+
; Parameter Name  ; Value ; Type                             ;
+-----------------+-------+----------------------------------+
; h_back_porch    ; 48    ; Signed Integer                   ;
; h_display       ; 640   ; Signed Integer                   ;
; h_front_porch   ; 16    ; Signed Integer                   ;
; h_retrace       ; 96    ; Signed Integer                   ;
; v_back_porch    ; 33    ; Signed Integer                   ;
; v_display       ; 480   ; Signed Integer                   ;
; v_front_porch   ; 10    ; Signed Integer                   ;
; v_retrace       ; 2     ; Signed Integer                   ;
; color_bits      ; 4     ; Signed Integer                   ;
; h_sync_polarity ; '0'   ; Enumerated                       ;
; v_sync_polarity ; '0'   ; Enumerated                       ;
; h_counter_size  ; 10    ; Signed Integer                   ;
; v_counter_size  ; 10    ; Signed Integer                   ;
+-----------------+-------+----------------------------------+
Note: In order to hide this table in the UI and the text report file, please set the "Show Parameter Settings in Synthesis Report" option in "Analysis and Synthesis Settings -> More Settings" to "Off".


+--------------------------------------------------------------------------------------+
; Parameter Settings for User Entity Instance: pll_25MHz:inst1|altpll:altpll_component ;
+-------------------------------+-----------------------------+------------------------+
; Parameter Name                ; Value                       ; Type                   ;
+-------------------------------+-----------------------------+------------------------+
; OPERATION_MODE                ; NORMAL                      ; Untyped                ;
; PLL_TYPE                      ; AUTO                        ; Untyped                ;
; LPM_HINT                      ; CBX_MODULE_PREFIX=pll_25MHz ; Untyped                ;
; QUALIFY_CONF_DONE             ; OFF                         ; Untyped                ;
; COMPENSATE_CLOCK              ; CLK0                        ; Untyped                ;
; SCAN_CHAIN                    ; LONG                        ; Untyped                ;
; PRIMARY_CLOCK                 ; INCLK0                      ; Untyped                ;
; INCLK0_INPUT_FREQUENCY        ; 20000                       ; Signed Integer         ;
; INCLK1_INPUT_FREQUENCY        ; 0                           ; Untyped                ;
; GATE_LOCK_SIGNAL              ; NO                          ; Untyped                ;
; GATE_LOCK_COUNTER             ; 0                           ; Untyped                ;
; LOCK_HIGH                     ; 1                           ; Untyped                ;
; LOCK_LOW                      ; 1                           ; Untyped                ;
; VALID_LOCK_MULTIPLIER         ; 1                           ; Untyped                ;
; INVALID_LOCK_MULTIPLIER       ; 5                           ; Untyped                ;
; SWITCH_OVER_ON_LOSSCLK        ; OFF                         ; Untyped                ;
; SWITCH_OVER_ON_GATED_LOCK     ; OFF                         ; Untyped                ;
; ENABLE_SWITCH_OVER_COUNTER    ; OFF                         ; Untyped                ;
; SKIP_VCO                      ; OFF                         ; Untyped                ;
; SWITCH_OVER_COUNTER           ; 0                           ; Untyped                ;
; SWITCH_OVER_TYPE              ; AUTO                        ; Untyped                ;
; FEEDBACK_SOURCE               ; EXTCLK0                     ; Untyped                ;
; BANDWIDTH                     ; 0                           ; Untyped                ;
; BANDWIDTH_TYPE                ; AUTO                        ; Untyped                ;
; SPREAD_FREQUENCY              ; 0                           ; Untyped                ;
; DOWN_SPREAD                   ; 0                           ; Untyped                ;
; SELF_RESET_ON_GATED_LOSS_LOCK ; OFF                         ; Untyped                ;
; SELF_RESET_ON_LOSS_LOCK       ; OFF                         ; Untyped                ;
; CLK9_MULTIPLY_BY              ; 0                           ; Untyped                ;
; CLK8_MULTIPLY_BY              ; 0                           ; Untyped                ;
; CLK7_MULTIPLY_BY              ; 0                           ; Untyped                ;
; CLK6_MULTIPLY_BY              ; 0                           ; Untyped                ;
; CLK5_MULTIPLY_BY              ; 1                           ; Untyped                ;
; CLK4_MULTIPLY_BY              ; 1                           ; Untyped                ;
; CLK3_MULTIPLY_BY              ; 1                           ; Untyped                ;
; CLK2_MULTIPLY_BY              ; 1                           ; Untyped                ;
; CLK1_MULTIPLY_BY              ; 1                           ; Untyped                ;
; CLK0_MULTIPLY_BY              ; 1                           ; Signed Integer         ;
; CLK9_DIVIDE_BY                ; 0                           ; Untyped                ;
; CLK8_DIVIDE_BY                ; 0                           ; Untyped                ;
; CLK7_DIVIDE_BY                ; 0                           ; Untyped                ;
; CLK6_DIVIDE_BY                ; 0                           ; Untyped                ;
; CLK5_DIVIDE_BY                ; 1                           ; Untyped                ;
; CLK4_DIVIDE_BY                ; 1                           ; Untyped                ;
; CLK3_DIVIDE_BY                ; 1                           ; Untyped                ;
; CLK2_DIVIDE_BY                ; 1                           ; Untyped                ;
; CLK1_DIVIDE_BY                ; 1                           ; Untyped                ;
; CLK0_DIVIDE_BY                ; 2                           ; Signed Integer         ;
; CLK9_PHASE_SHIFT              ; 0                           ; Untyped                ;
; CLK8_PHASE_SHIFT              ; 0                           ; Untyped                ;
; CLK7_PHASE_SHIFT              ; 0                           ; Untyped                ;
; CLK6_PHASE_SHIFT              ; 0                           ; Untyped                ;
; CLK5_PHASE_SHIFT              ; 0                           ; Untyped                ;
; CLK4_PHASE_SHIFT              ; 0                           ; Untyped                ;
; CLK3_PHASE_SHIFT              ; 0                           ; Untyped                ;
; CLK2_PHASE_SHIFT              ; 0                           ; Untyped                ;
; CLK1_PHASE_SHIFT              ; 0                           ; Untyped                ;
; CLK0_PHASE_SHIFT              ; 0                           ; Untyped                ;
; CLK5_TIME_DELAY               ; 0                           ; Untyped                ;
; CLK4_TIME_DELAY               ; 0                           ; Untyped                ;
; CLK3_TIME_DELAY               ; 0                           ; Untyped                ;
; CLK2_TIME_DELAY               ; 0                           ; Untyped                ;
; CLK1_TIME_DELAY               ; 0                           ; Untyped                ;
; CLK0_TIME_DELAY               ; 0                           ; Untyped                ;
; CLK9_DUTY_CYCLE               ; 50                          ; Untyped                ;
; CLK8_DUTY_CYCLE               ; 50                          ; Untyped                ;
; CLK7_DUTY_CYCLE               ; 50                          ; Untyped                ;
; CLK6_DUTY_CYCLE               ; 50                          ; Untyped                ;
; CLK5_DUTY_CYCLE               ; 50                          ; Untyped                ;
; CLK4_DUTY_CYCLE               ; 50                          ; Untyped                ;
; CLK3_DUTY_CYCLE               ; 50                          ; Untyped                ;
; CLK2_DUTY_CYCLE               ; 50                          ; Untyped                ;
; CLK1_DUTY_CYCLE               ; 50                          ; Untyped                ;
; CLK0_DUTY_CYCLE               ; 50                          ; Signed Integer         ;
; CLK9_USE_EVEN_COUNTER_MODE    ; OFF                         ; Untyped                ;
; CLK8_USE_EVEN_COUNTER_MODE    ; OFF                         ; Untyped                ;
; CLK7_USE_EVEN_COUNTER_MODE    ; OFF                         ; Untyped                ;
; CLK6_USE_EVEN_COUNTER_MODE    ; OFF                         ; Untyped                ;
; CLK5_USE_EVEN_COUNTER_MODE    ; OFF                         ; Untyped                ;
; CLK4_USE_EVEN_COUNTER_MODE    ; OFF                         ; Untyped                ;
; CLK3_USE_EVEN_COUNTER_MODE    ; OFF                         ; Untyped                ;
; CLK2_USE_EVEN_COUNTER_MODE    ; OFF                         ; Untyped                ;
; CLK1_USE_EVEN_COUNTER_MODE    ; OFF                         ; Untyped                ;
; CLK0_USE_EVEN_COUNTER_MODE    ; OFF                         ; Untyped                ;
; CLK9_USE_EVEN_COUNTER_VALUE   ; OFF                         ; Untyped                ;
; CLK8_USE_EVEN_COUNTER_VALUE   ; OFF                         ; Untyped                ;
; CLK7_USE_EVEN_COUNTER_VALUE   ; OFF                         ; Untyped                ;
; CLK6_USE_EVEN_COUNTER_VALUE   ; OFF                         ; Untyped                ;
; CLK5_USE_EVEN_COUNTER_VALUE   ; OFF                         ; Untyped                ;
; CLK4_USE_EVEN_COUNTER_VALUE   ; OFF                         ; Untyped                ;
; CLK3_USE_EVEN_COUNTER_VALUE   ; OFF                         ; Untyped                ;
; CLK2_USE_EVEN_COUNTER_VALUE   ; OFF                         ; Untyped                ;
; CLK1_USE_EVEN_COUNTER_VALUE   ; OFF                         ; Untyped                ;
; CLK0_USE_EVEN_COUNTER_VALUE   ; OFF                         ; Untyped                ;
; LOCK_WINDOW_UI                ;  0.05                       ; Untyped                ;
; LOCK_WINDOW_UI_BITS           ; UNUSED                      ; Untyped                ;
; VCO_RANGE_DETECTOR_LOW_BITS   ; UNUSED                      ; Untyped                ;
; VCO_RANGE_DETECTOR_HIGH_BITS  ; UNUSED                      ; Untyped                ;
; DPA_MULTIPLY_BY               ; 0                           ; Untyped                ;
; DPA_DIVIDE_BY                 ; 1                           ; Untyped                ;
; DPA_DIVIDER                   ; 0                           ; Untyped                ;
; EXTCLK3_MULTIPLY_BY           ; 1                           ; Untyped                ;
; EXTCLK2_MULTIPLY_BY           ; 1                           ; Untyped                ;
; EXTCLK1_MULTIPLY_BY           ; 1                           ; Untyped                ;
; EXTCLK0_MULTIPLY_BY           ; 1                           ; Untyped                ;
; EXTCLK3_DIVIDE_BY             ; 1                           ; Untyped                ;
; EXTCLK2_DIVIDE_BY             ; 1                           ; Untyped                ;
; EXTCLK1_DIVIDE_BY             ; 1                           ; Untyped                ;
; EXTCLK0_DIVIDE_BY             ; 1                           ; Untyped                ;
; EXTCLK3_PHASE_SHIFT           ; 0                           ; Untyped                ;
; EXTCLK2_PHASE_SHIFT           ; 0                           ; Untyped                ;
; EXTCLK1_PHASE_SHIFT           ; 0                           ; Untyped                ;
; EXTCLK0_PHASE_SHIFT           ; 0                           ; Untyped                ;
; EXTCLK3_TIME_DELAY            ; 0                           ; Untyped                ;
; EXTCLK2_TIME_DELAY            ; 0                           ; Untyped                ;
; EXTCLK1_TIME_DELAY            ; 0                           ; Untyped                ;
; EXTCLK0_TIME_DELAY            ; 0                           ; Untyped                ;
; EXTCLK3_DUTY_CYCLE            ; 50                          ; Untyped                ;
; EXTCLK2_DUTY_CYCLE            ; 50                          ; Untyped                ;
; EXTCLK1_DUTY_CYCLE            ; 50                          ; Untyped                ;
; EXTCLK0_DUTY_CYCLE            ; 50                          ; Untyped                ;
; VCO_MULTIPLY_BY               ; 0                           ; Untyped                ;
; VCO_DIVIDE_BY                 ; 0                           ; Untyped                ;
; SCLKOUT0_PHASE_SHIFT          ; 0                           ; Untyped                ;
; SCLKOUT1_PHASE_SHIFT          ; 0                           ; Untyped                ;
; VCO_MIN                       ; 0                           ; Untyped                ;
; VCO_MAX                       ; 0                           ; Untyped                ;
; VCO_CENTER                    ; 0                           ; Untyped                ;
; PFD_MIN                       ; 0                           ; Untyped                ;
; PFD_MAX                       ; 0                           ; Untyped                ;
; M_INITIAL                     ; 0                           ; Untyped                ;
; M                             ; 0                           ; Untyped                ;
; N                             ; 1                           ; Untyped                ;
; M2                            ; 1                           ; Untyped                ;
; N2                            ; 1                           ; Untyped                ;
; SS                            ; 1                           ; Untyped                ;
; C0_HIGH                       ; 0                           ; Untyped                ;
; C1_HIGH                       ; 0                           ; Untyped                ;
; C2_HIGH                       ; 0                           ; Untyped                ;
; C3_HIGH                       ; 0                           ; Untyped                ;
; C4_HIGH                       ; 0                           ; Untyped                ;
; C5_HIGH                       ; 0                           ; Untyped                ;
; C6_HIGH                       ; 0                           ; Untyped                ;
; C7_HIGH                       ; 0                           ; Untyped                ;
; C8_HIGH                       ; 0                           ; Untyped                ;
; C9_HIGH                       ; 0                           ; Untyped                ;
; C0_LOW                        ; 0                           ; Untyped                ;
; C1_LOW                        ; 0                           ; Untyped                ;
; C2_LOW                        ; 0                           ; Untyped                ;
; C3_LOW                        ; 0                           ; Untyped                ;
; C4_LOW                        ; 0                           ; Untyped                ;
; C5_LOW                        ; 0                           ; Untyped                ;
; C6_LOW                        ; 0                           ; Untyped                ;
; C7_LOW                        ; 0                           ; Untyped                ;
; C8_LOW                        ; 0                           ; Untyped                ;
; C9_LOW                        ; 0                           ; Untyped                ;
; C0_INITIAL                    ; 0                           ; Untyped                ;
; C1_INITIAL                    ; 0                           ; Untyped                ;
; C2_INITIAL                    ; 0                           ; Untyped                ;
; C3_INITIAL                    ; 0                           ; Untyped                ;
; C4_INITIAL                    ; 0                           ; Untyped                ;
; C5_INITIAL                    ; 0                           ; Untyped                ;
; C6_INITIAL                    ; 0                           ; Untyped                ;
; C7_INITIAL                    ; 0                           ; Untyped                ;
; C8_INITIAL                    ; 0                           ; Untyped                ;
; C9_INITIAL                    ; 0                           ; Untyped                ;
; C0_MODE                       ; BYPASS                      ; Untyped                ;
; C1_MODE                       ; BYPASS                      ; Untyped                ;
; C2_MODE                       ; BYPASS                      ; Untyped                ;
; C3_MODE                       ; BYPASS                      ; Untyped                ;
; C4_MODE                       ; BYPASS                      ; Untyped                ;
; C5_MODE                       ; BYPASS                      ; Untyped                ;
; C6_MODE                       ; BYPASS                      ; Untyped                ;
; C7_MODE                       ; BYPASS                      ; Untyped                ;
; C8_MODE                       ; BYPASS                      ; Untyped                ;
; C9_MODE                       ; BYPASS                      ; Untyped                ;
; C0_PH                         ; 0                           ; Untyped                ;
; C1_PH                         ; 0                           ; Untyped                ;
; C2_PH                         ; 0                           ; Untyped                ;
; C3_PH                         ; 0                           ; Untyped                ;
; C4_PH                         ; 0                           ; Untyped                ;
; C5_PH                         ; 0                           ; Untyped                ;
; C6_PH                         ; 0                           ; Untyped                ;
; C7_PH                         ; 0                           ; Untyped                ;
; C8_PH                         ; 0                           ; Untyped                ;
; C9_PH                         ; 0                           ; Untyped                ;
; L0_HIGH                       ; 1                           ; Untyped                ;
; L1_HIGH                       ; 1                           ; Untyped                ;
; G0_HIGH                       ; 1                           ; Untyped                ;
; G1_HIGH                       ; 1                           ; Untyped                ;
; G2_HIGH                       ; 1                           ; Untyped                ;
; G3_HIGH                       ; 1                           ; Untyped                ;
; E0_HIGH                       ; 1                           ; Untyped                ;
; E1_HIGH                       ; 1                           ; Untyped                ;
; E2_HIGH                       ; 1                           ; Untyped                ;
; E3_HIGH                       ; 1                           ; Untyped                ;
; L0_LOW                        ; 1                           ; Untyped                ;
; L1_LOW                        ; 1                           ; Untyped                ;
; G0_LOW                        ; 1                           ; Untyped                ;
; G1_LOW                        ; 1                           ; Untyped                ;
; G2_LOW                        ; 1                           ; Untyped                ;
; G3_LOW                        ; 1                           ; Untyped                ;
; E0_LOW                        ; 1                           ; Untyped                ;
; E1_LOW                        ; 1                           ; Untyped                ;
; E2_LOW                        ; 1                           ; Untyped                ;
; E3_LOW                        ; 1                           ; Untyped                ;
; L0_INITIAL                    ; 1                           ; Untyped                ;
; L1_INITIAL                    ; 1                           ; Untyped                ;
; G0_INITIAL                    ; 1                           ; Untyped                ;
; G1_INITIAL                    ; 1                           ; Untyped                ;
; G2_INITIAL                    ; 1                           ; Untyped                ;
; G3_INITIAL                    ; 1                           ; Untyped                ;
; E0_INITIAL                    ; 1                           ; Untyped                ;
; E1_INITIAL                    ; 1                           ; Untyped                ;
; E2_INITIAL                    ; 1                           ; Untyped                ;
; E3_INITIAL                    ; 1                           ; Untyped                ;
; L0_MODE                       ; BYPASS                      ; Untyped                ;
; L1_MODE                       ; BYPASS                      ; Untyped                ;
; G0_MODE                       ; BYPASS                      ; Untyped                ;
; G1_MODE                       ; BYPASS                      ; Untyped                ;
; G2_MODE                       ; BYPASS                      ; Untyped                ;
; G3_MODE                       ; BYPASS                      ; Untyped                ;
; E0_MODE                       ; BYPASS                      ; Untyped                ;
; E1_MODE                       ; BYPASS                      ; Untyped                ;
; E2_MODE                       ; BYPASS                      ; Untyped                ;
; E3_MODE                       ; BYPASS                      ; Untyped                ;
; L0_PH                         ; 0                           ; Untyped                ;
; L1_PH                         ; 0                           ; Untyped                ;
; G0_PH                         ; 0                           ; Untyped                ;
; G1_PH                         ; 0                           ; Untyped                ;
; G2_PH                         ; 0                           ; Untyped                ;
; G3_PH                         ; 0                           ; Untyped                ;
; E0_PH                         ; 0                           ; Untyped                ;
; E1_PH                         ; 0                           ; Untyped                ;
; E2_PH                         ; 0                           ; Untyped                ;
; E3_PH                         ; 0                           ; Untyped                ;
; M_PH                          ; 0                           ; Untyped                ;
; C1_USE_CASC_IN                ; OFF                         ; Untyped                ;
; C2_USE_CASC_IN                ; OFF                         ; Untyped                ;
; C3_USE_CASC_IN                ; OFF                         ; Untyped                ;
; C4_USE_CASC_IN                ; OFF                         ; Untyped                ;
; C5_USE_CASC_IN                ; OFF                         ; Untyped                ;
; C6_USE_CASC_IN                ; OFF                         ; Untyped                ;
; C7_USE_CASC_IN                ; OFF                         ; Untyped                ;
; C8_USE_CASC_IN                ; OFF                         ; Untyped                ;
; C9_USE_CASC_IN                ; OFF                         ; Untyped                ;
; CLK0_COUNTER                  ; G0                          ; Untyped                ;
; CLK1_COUNTER                  ; G0                          ; Untyped                ;
; CLK2_COUNTER                  ; G0                          ; Untyped                ;
; CLK3_COUNTER                  ; G0                          ; Untyped                ;
; CLK4_COUNTER                  ; G0                          ; Untyped                ;
; CLK5_COUNTER                  ; G0                          ; Untyped                ;
; CLK6_COUNTER                  ; E0                          ; Untyped                ;
; CLK7_COUNTER                  ; E1                          ; Untyped                ;
; CLK8_COUNTER                  ; E2                          ; Untyped                ;
; CLK9_COUNTER                  ; E3                          ; Untyped                ;
; L0_TIME_DELAY                 ; 0                           ; Untyped                ;
; L1_TIME_DELAY                 ; 0                           ; Untyped                ;
; G0_TIME_DELAY                 ; 0                           ; Untyped                ;
; G1_TIME_DELAY                 ; 0                           ; Untyped                ;
; G2_TIME_DELAY                 ; 0                           ; Untyped                ;
; G3_TIME_DELAY                 ; 0                           ; Untyped                ;
; E0_TIME_DELAY                 ; 0                           ; Untyped                ;
; E1_TIME_DELAY                 ; 0                           ; Untyped                ;
; E2_TIME_DELAY                 ; 0                           ; Untyped                ;
; E3_TIME_DELAY                 ; 0                           ; Untyped                ;
; M_TIME_DELAY                  ; 0                           ; Untyped                ;
; N_TIME_DELAY                  ; 0                           ; Untyped                ;
; EXTCLK3_COUNTER               ; E3                          ; Untyped                ;
; EXTCLK2_COUNTER               ; E2                          ; Untyped                ;
; EXTCLK1_COUNTER               ; E1                          ; Untyped                ;
; EXTCLK0_COUNTER               ; E0                          ; Untyped                ;
; ENABLE0_COUNTER               ; L0                          ; Untyped                ;
; ENABLE1_COUNTER               ; L0                          ; Untyped                ;
; CHARGE_PUMP_CURRENT           ; 2                           ; Untyped                ;
; LOOP_FILTER_R                 ;  1.000000                   ; Untyped                ;
; LOOP_FILTER_C                 ; 5                           ; Untyped                ;
; CHARGE_PUMP_CURRENT_BITS      ; 9999                        ; Untyped                ;
; LOOP_FILTER_R_BITS            ; 9999                        ; Untyped                ;
; LOOP_FILTER_C_BITS            ; 9999                        ; Untyped                ;
; VCO_POST_SCALE                ; 0                           ; Untyped                ;
; CLK2_OUTPUT_FREQUENCY         ; 0                           ; Untyped                ;
; CLK1_OUTPUT_FREQUENCY         ; 0                           ; Untyped                ;
; CLK0_OUTPUT_FREQUENCY         ; 0                           ; Untyped                ;
; INTENDED_DEVICE_FAMILY        ; MAX 10                      ; Untyped                ;
; PORT_CLKENA0                  ; PORT_UNUSED                 ; Untyped                ;
; PORT_CLKENA1                  ; PORT_UNUSED                 ; Untyped                ;
; PORT_CLKENA2                  ; PORT_UNUSED                 ; Untyped                ;
; PORT_CLKENA3                  ; PORT_UNUSED                 ; Untyped                ;
; PORT_CLKENA4                  ; PORT_UNUSED                 ; Untyped                ;
; PORT_CLKENA5                  ; PORT_UNUSED                 ; Untyped                ;
; PORT_EXTCLKENA0               ; PORT_CONNECTIVITY           ; Untyped                ;
; PORT_EXTCLKENA1               ; PORT_CONNECTIVITY           ; Untyped                ;
; PORT_EXTCLKENA2               ; PORT_CONNECTIVITY           ; Untyped                ;
; PORT_EXTCLKENA3               ; PORT_CONNECTIVITY           ; Untyped                ;
; PORT_EXTCLK0                  ; PORT_UNUSED                 ; Untyped                ;
; PORT_EXTCLK1                  ; PORT_UNUSED                 ; Untyped                ;
; PORT_EXTCLK2                  ; PORT_UNUSED                 ; Untyped                ;
; PORT_EXTCLK3                  ; PORT_UNUSED                 ; Untyped                ;
; PORT_CLKBAD0                  ; PORT_UNUSED                 ; Untyped                ;
; PORT_CLKBAD1                  ; PORT_UNUSED                 ; Untyped                ;
; PORT_CLK0                     ; PORT_USED                   ; Untyped                ;
; PORT_CLK1                     ; PORT_UNUSED                 ; Untyped                ;
; PORT_CLK2                     ; PORT_UNUSED                 ; Untyped                ;
; PORT_CLK3                     ; PORT_UNUSED                 ; Untyped                ;
; PORT_CLK4                     ; PORT_UNUSED                 ; Untyped                ;
; PORT_CLK5                     ; PORT_UNUSED                 ; Untyped                ;
; PORT_CLK6                     ; PORT_UNUSED                 ; Untyped                ;
; PORT_CLK7                     ; PORT_UNUSED                 ; Untyped                ;
; PORT_CLK8                     ; PORT_UNUSED                 ; Untyped                ;
; PORT_CLK9                     ; PORT_UNUSED                 ; Untyped                ;
; PORT_SCANDATA                 ; PORT_UNUSED                 ; Untyped                ;
; PORT_SCANDATAOUT              ; PORT_UNUSED                 ; Untyped                ;
; PORT_SCANDONE                 ; PORT_UNUSED                 ; Untyped                ;
; PORT_SCLKOUT1                 ; PORT_CONNECTIVITY           ; Untyped                ;
; PORT_SCLKOUT0                 ; PORT_CONNECTIVITY           ; Untyped                ;
; PORT_ACTIVECLOCK              ; PORT_UNUSED                 ; Untyped                ;
; PORT_CLKLOSS                  ; PORT_UNUSED                 ; Untyped                ;
; PORT_INCLK1                   ; PORT_UNUSED                 ; Untyped                ;
; PORT_INCLK0                   ; PORT_USED                   ; Untyped                ;
; PORT_FBIN                     ; PORT_UNUSED                 ; Untyped                ;
; PORT_PLLENA                   ; PORT_UNUSED                 ; Untyped                ;
; PORT_CLKSWITCH                ; PORT_UNUSED                 ; Untyped                ;
; PORT_ARESET                   ; PORT_USED                   ; Untyped                ;
; PORT_PFDENA                   ; PORT_UNUSED                 ; Untyped                ;
; PORT_SCANCLK                  ; PORT_UNUSED                 ; Untyped                ;
; PORT_SCANACLR                 ; PORT_UNUSED                 ; Untyped                ;
; PORT_SCANREAD                 ; PORT_UNUSED                 ; Untyped                ;
; PORT_SCANWRITE                ; PORT_UNUSED                 ; Untyped                ;
; PORT_ENABLE0                  ; PORT_CONNECTIVITY           ; Untyped                ;
; PORT_ENABLE1                  ; PORT_CONNECTIVITY           ; Untyped                ;
; PORT_LOCKED                   ; PORT_USED                   ; Untyped                ;
; PORT_CONFIGUPDATE             ; PORT_UNUSED                 ; Untyped                ;
; PORT_FBOUT                    ; PORT_CONNECTIVITY           ; Untyped                ;
; PORT_PHASEDONE                ; PORT_UNUSED                 ; Untyped                ;
; PORT_PHASESTEP                ; PORT_UNUSED                 ; Untyped                ;
; PORT_PHASEUPDOWN              ; PORT_UNUSED                 ; Untyped                ;
; PORT_SCANCLKENA               ; PORT_UNUSED                 ; Untyped                ;
; PORT_PHASECOUNTERSELECT       ; PORT_UNUSED                 ; Untyped                ;
; PORT_VCOOVERRANGE             ; PORT_CONNECTIVITY           ; Untyped                ;
; PORT_VCOUNDERRANGE            ; PORT_CONNECTIVITY           ; Untyped                ;
; M_TEST_SOURCE                 ; 5                           ; Untyped                ;
; C0_TEST_SOURCE                ; 5                           ; Untyped                ;
; C1_TEST_SOURCE                ; 5                           ; Untyped                ;
; C2_TEST_SOURCE                ; 5                           ; Untyped                ;
; C3_TEST_SOURCE                ; 5                           ; Untyped                ;
; C4_TEST_SOURCE                ; 5                           ; Untyped                ;
; C5_TEST_SOURCE                ; 5                           ; Untyped                ;
; C6_TEST_SOURCE                ; 5                           ; Untyped                ;
; C7_TEST_SOURCE                ; 5                           ; Untyped                ;
; C8_TEST_SOURCE                ; 5                           ; Untyped                ;
; C9_TEST_SOURCE                ; 5                           ; Untyped                ;
; CBXI_PARAMETER                ; pll_25MHz_altpll            ; Untyped                ;
; VCO_FREQUENCY_CONTROL         ; AUTO                        ; Untyped                ;
; VCO_PHASE_SHIFT_STEP          ; 0                           ; Untyped                ;
; WIDTH_CLOCK                   ; 5                           ; Signed Integer         ;
; WIDTH_PHASECOUNTERSELECT      ; 4                           ; Untyped                ;
; USING_FBMIMICBIDIR_PORT       ; OFF                         ; Untyped                ;
; DEVICE_FAMILY                 ; MAX 10                      ; Untyped                ;
; SCAN_CHAIN_MIF_FILE           ; UNUSED                      ; Untyped                ;
; SIM_GATE_LOCK_DEVICE_BEHAVIOR ; OFF                         ; Untyped                ;
; AUTO_CARRY_CHAINS             ; ON                          ; AUTO_CARRY             ;
; IGNORE_CARRY_BUFFERS          ; OFF                         ; IGNORE_CARRY           ;
; AUTO_CASCADE_CHAINS           ; ON                          ; AUTO_CASCADE           ;
; IGNORE_CASCADE_BUFFERS        ; OFF                         ; IGNORE_CASCADE         ;
+-------------------------------+-----------------------------+------------------------+
Note: In order to hide this table in the UI and the text report file, please set the "Show Parameter Settings in Synthesis Report" option in "Analysis and Synthesis Settings -> More Settings" to "Off".


+-----------------------------------------------------------------+
; Parameter Settings for User Entity Instance: color_mapper:inst3 ;
+----------------+----------+-------------------------------------+
; Parameter Name ; Value    ; Type                                ;
+----------------+----------+-------------------------------------+
; max_iterations ; 11111111 ; Unsigned Binary                     ;
+----------------+----------+-------------------------------------+
Note: In order to hide this table in the UI and the text report file, please set the "Show Parameter Settings in Synthesis Report" option in "Analysis and Synthesis Settings -> More Settings" to "Off".


+--------------------------------------------------------------------------+
; Parameter Settings for User Entity Instance: mandelbrot_pixel_core:inst6 ;
+----------------+-------+-------------------------------------------------+
; Parameter Name ; Value ; Type                                            ;
+----------------+-------+-------------------------------------------------+
; max_iterations ; 255   ; Signed Integer                                  ;
+----------------+-------+-------------------------------------------------+
Note: In order to hide this table in the UI and the text report file, please set the "Show Parameter Settings in Synthesis Report" option in "Analysis and Synthesis Settings -> More Settings" to "Off".


+-------------------------------------------------------------------------+
; Parameter Settings for User Entity Instance: coordinate_generator:inst7 ;
+----------------+-------+------------------------------------------------+
; Parameter Name ; Value ; Type                                           ;
+----------------+-------+------------------------------------------------+
; screen_width   ; 640   ; Signed Integer                                 ;
; screen_height  ; 480   ; Signed Integer                                 ;
+----------------+-------+------------------------------------------------+
Note: In order to hide this table in the UI and the text report file, please set the "Show Parameter Settings in Synthesis Report" option in "Analysis and Synthesis Settings -> More Settings" to "Off".


+-----------------------------------------------------------------------------------+
; Parameter Settings for User Entity Instance: pllstp:inst2|altpll:altpll_component ;
+-------------------------------+--------------------------+------------------------+
; Parameter Name                ; Value                    ; Type                   ;
+-------------------------------+--------------------------+------------------------+
; OPERATION_MODE                ; NORMAL                   ; Untyped                ;
; PLL_TYPE                      ; AUTO                     ; Untyped                ;
; LPM_HINT                      ; CBX_MODULE_PREFIX=pllstp ; Untyped                ;
; QUALIFY_CONF_DONE             ; OFF                      ; Untyped                ;
; COMPENSATE_CLOCK              ; CLK0                     ; Untyped                ;
; SCAN_CHAIN                    ; LONG                     ; Untyped                ;
; PRIMARY_CLOCK                 ; INCLK0                   ; Untyped                ;
; INCLK0_INPUT_FREQUENCY        ; 20000                    ; Signed Integer         ;
; INCLK1_INPUT_FREQUENCY        ; 0                        ; Untyped                ;
; GATE_LOCK_SIGNAL              ; NO                       ; Untyped                ;
; GATE_LOCK_COUNTER             ; 0                        ; Untyped                ;
; LOCK_HIGH                     ; 1                        ; Untyped                ;
; LOCK_LOW                      ; 1                        ; Untyped                ;
; VALID_LOCK_MULTIPLIER         ; 1                        ; Untyped                ;
; INVALID_LOCK_MULTIPLIER       ; 5                        ; Untyped                ;
; SWITCH_OVER_ON_LOSSCLK        ; OFF                      ; Untyped                ;
; SWITCH_OVER_ON_GATED_LOCK     ; OFF                      ; Untyped                ;
; ENABLE_SWITCH_OVER_COUNTER    ; OFF                      ; Untyped                ;
; SKIP_VCO                      ; OFF                      ; Untyped                ;
; SWITCH_OVER_COUNTER           ; 0                        ; Untyped                ;
; SWITCH_OVER_TYPE              ; AUTO                     ; Untyped                ;
; FEEDBACK_SOURCE               ; EXTCLK0                  ; Untyped                ;
; BANDWIDTH                     ; 0                        ; Untyped                ;
; BANDWIDTH_TYPE                ; AUTO                     ; Untyped                ;
; SPREAD_FREQUENCY              ; 0                        ; Untyped                ;
; DOWN_SPREAD                   ; 0                        ; Untyped                ;
; SELF_RESET_ON_GATED_LOSS_LOCK ; OFF                      ; Untyped                ;
; SELF_RESET_ON_LOSS_LOCK       ; OFF                      ; Untyped                ;
; CLK9_MULTIPLY_BY              ; 0                        ; Untyped                ;
; CLK8_MULTIPLY_BY              ; 0                        ; Untyped                ;
; CLK7_MULTIPLY_BY              ; 0                        ; Untyped                ;
; CLK6_MULTIPLY_BY              ; 0                        ; Untyped                ;
; CLK5_MULTIPLY_BY              ; 1                        ; Untyped                ;
; CLK4_MULTIPLY_BY              ; 1                        ; Untyped                ;
; CLK3_MULTIPLY_BY              ; 1                        ; Untyped                ;
; CLK2_MULTIPLY_BY              ; 1                        ; Untyped                ;
; CLK1_MULTIPLY_BY              ; 1                        ; Untyped                ;
; CLK0_MULTIPLY_BY              ; 2                        ; Signed Integer         ;
; CLK9_DIVIDE_BY                ; 0                        ; Untyped                ;
; CLK8_DIVIDE_BY                ; 0                        ; Untyped                ;
; CLK7_DIVIDE_BY                ; 0                        ; Untyped                ;
; CLK6_DIVIDE_BY                ; 0                        ; Untyped                ;
; CLK5_DIVIDE_BY                ; 1                        ; Untyped                ;
; CLK4_DIVIDE_BY                ; 1                        ; Untyped                ;
; CLK3_DIVIDE_BY                ; 1                        ; Untyped                ;
; CLK2_DIVIDE_BY                ; 1                        ; Untyped                ;
; CLK1_DIVIDE_BY                ; 1                        ; Untyped                ;
; CLK0_DIVIDE_BY                ; 1                        ; Signed Integer         ;
; CLK9_PHASE_SHIFT              ; 0                        ; Untyped                ;
; CLK8_PHASE_SHIFT              ; 0                        ; Untyped                ;
; CLK7_PHASE_SHIFT              ; 0                        ; Untyped                ;
; CLK6_PHASE_SHIFT              ; 0                        ; Untyped                ;
; CLK5_PHASE_SHIFT              ; 0                        ; Untyped                ;
; CLK4_PHASE_SHIFT              ; 0                        ; Untyped                ;
; CLK3_PHASE_SHIFT              ; 0                        ; Untyped                ;
; CLK2_PHASE_SHIFT              ; 0                        ; Untyped                ;
; CLK1_PHASE_SHIFT              ; 0                        ; Untyped                ;
; CLK0_PHASE_SHIFT              ; 0                        ; Untyped                ;
; CLK5_TIME_DELAY               ; 0                        ; Untyped                ;
; CLK4_TIME_DELAY               ; 0                        ; Untyped                ;
; CLK3_TIME_DELAY               ; 0                        ; Untyped                ;
; CLK2_TIME_DELAY               ; 0                        ; Untyped                ;
; CLK1_TIME_DELAY               ; 0                        ; Untyped                ;
; CLK0_TIME_DELAY               ; 0                        ; Untyped                ;
; CLK9_DUTY_CYCLE               ; 50                       ; Untyped                ;
; CLK8_DUTY_CYCLE               ; 50                       ; Untyped                ;
; CLK7_DUTY_CYCLE               ; 50                       ; Untyped                ;
; CLK6_DUTY_CYCLE               ; 50                       ; Untyped                ;
; CLK5_DUTY_CYCLE               ; 50                       ; Untyped                ;
; CLK4_DUTY_CYCLE               ; 50                       ; Untyped                ;
; CLK3_DUTY_CYCLE               ; 50                       ; Untyped                ;
; CLK2_DUTY_CYCLE               ; 50                       ; Untyped                ;
; CLK1_DUTY_CYCLE               ; 50                       ; Untyped                ;
; CLK0_DUTY_CYCLE               ; 50                       ; Signed Integer         ;
; CLK9_USE_EVEN_COUNTER_MODE    ; OFF                      ; Untyped                ;
; CLK8_USE_EVEN_COUNTER_MODE    ; OFF                      ; Untyped                ;
; CLK7_USE_EVEN_COUNTER_MODE    ; OFF                      ; Untyped                ;
; CLK6_USE_EVEN_COUNTER_MODE    ; OFF                      ; Untyped                ;
; CLK5_USE_EVEN_COUNTER_MODE    ; OFF                      ; Untyped                ;
; CLK4_USE_EVEN_COUNTER_MODE    ; OFF                      ; Untyped                ;
; CLK3_USE_EVEN_COUNTER_MODE    ; OFF                      ; Untyped                ;
; CLK2_USE_EVEN_COUNTER_MODE    ; OFF                      ; Untyped                ;
; CLK1_USE_EVEN_COUNTER_MODE    ; OFF                      ; Untyped                ;
; CLK0_USE_EVEN_COUNTER_MODE    ; OFF                      ; Untyped                ;
; CLK9_USE_EVEN_COUNTER_VALUE   ; OFF                      ; Untyped                ;
; CLK8_USE_EVEN_COUNTER_VALUE   ; OFF                      ; Untyped                ;
; CLK7_USE_EVEN_COUNTER_VALUE   ; OFF                      ; Untyped                ;
; CLK6_USE_EVEN_COUNTER_VALUE   ; OFF                      ; Untyped                ;
; CLK5_USE_EVEN_COUNTER_VALUE   ; OFF                      ; Untyped                ;
; CLK4_USE_EVEN_COUNTER_VALUE   ; OFF                      ; Untyped                ;
; CLK3_USE_EVEN_COUNTER_VALUE   ; OFF                      ; Untyped                ;
; CLK2_USE_EVEN_COUNTER_VALUE   ; OFF                      ; Untyped                ;
; CLK1_USE_EVEN_COUNTER_VALUE   ; OFF                      ; Untyped                ;
; CLK0_USE_EVEN_COUNTER_VALUE   ; OFF                      ; Untyped                ;
; LOCK_WINDOW_UI                ;  0.05                    ; Untyped                ;
; LOCK_WINDOW_UI_BITS           ; UNUSED                   ; Untyped                ;
; VCO_RANGE_DETECTOR_LOW_BITS   ; UNUSED                   ; Untyped                ;
; VCO_RANGE_DETECTOR_HIGH_BITS  ; UNUSED                   ; Untyped                ;
; DPA_MULTIPLY_BY               ; 0                        ; Untyped                ;
; DPA_DIVIDE_BY                 ; 1                        ; Untyped                ;
; DPA_DIVIDER                   ; 0                        ; Untyped                ;
; EXTCLK3_MULTIPLY_BY           ; 1                        ; Untyped                ;
; EXTCLK2_MULTIPLY_BY           ; 1                        ; Untyped                ;
; EXTCLK1_MULTIPLY_BY           ; 1                        ; Untyped                ;
; EXTCLK0_MULTIPLY_BY           ; 1                        ; Untyped                ;
; EXTCLK3_DIVIDE_BY             ; 1                        ; Untyped                ;
; EXTCLK2_DIVIDE_BY             ; 1                        ; Untyped                ;
; EXTCLK1_DIVIDE_BY             ; 1                        ; Untyped                ;
; EXTCLK0_DIVIDE_BY             ; 1                        ; Untyped                ;
; EXTCLK3_PHASE_SHIFT           ; 0                        ; Untyped                ;
; EXTCLK2_PHASE_SHIFT           ; 0                        ; Untyped                ;
; EXTCLK1_PHASE_SHIFT           ; 0                        ; Untyped                ;
; EXTCLK0_PHASE_SHIFT           ; 0                        ; Untyped                ;
; EXTCLK3_TIME_DELAY            ; 0                        ; Untyped                ;
; EXTCLK2_TIME_DELAY            ; 0                        ; Untyped                ;
; EXTCLK1_TIME_DELAY            ; 0                        ; Untyped                ;
; EXTCLK0_TIME_DELAY            ; 0                        ; Untyped                ;
; EXTCLK3_DUTY_CYCLE            ; 50                       ; Untyped                ;
; EXTCLK2_DUTY_CYCLE            ; 50                       ; Untyped                ;
; EXTCLK1_DUTY_CYCLE            ; 50                       ; Untyped                ;
; EXTCLK0_DUTY_CYCLE            ; 50                       ; Untyped                ;
; VCO_MULTIPLY_BY               ; 0                        ; Untyped                ;
; VCO_DIVIDE_BY                 ; 0                        ; Untyped                ;
; SCLKOUT0_PHASE_SHIFT          ; 0                        ; Untyped                ;
; SCLKOUT1_PHASE_SHIFT          ; 0                        ; Untyped                ;
; VCO_MIN                       ; 0                        ; Untyped                ;
; VCO_MAX                       ; 0                        ; Untyped                ;
; VCO_CENTER                    ; 0                        ; Untyped                ;
; PFD_MIN                       ; 0                        ; Untyped                ;
; PFD_MAX                       ; 0                        ; Untyped                ;
; M_INITIAL                     ; 0                        ; Untyped                ;
; M                             ; 0                        ; Untyped                ;
; N                             ; 1                        ; Untyped                ;
; M2                            ; 1                        ; Untyped                ;
; N2                            ; 1                        ; Untyped                ;
; SS                            ; 1                        ; Untyped                ;
; C0_HIGH                       ; 0                        ; Untyped                ;
; C1_HIGH                       ; 0                        ; Untyped                ;
; C2_HIGH                       ; 0                        ; Untyped                ;
; C3_HIGH                       ; 0                        ; Untyped                ;
; C4_HIGH                       ; 0                        ; Untyped                ;
; C5_HIGH                       ; 0                        ; Untyped                ;
; C6_HIGH                       ; 0                        ; Untyped                ;
; C7_HIGH                       ; 0                        ; Untyped                ;
; C8_HIGH                       ; 0                        ; Untyped                ;
; C9_HIGH                       ; 0                        ; Untyped                ;
; C0_LOW                        ; 0                        ; Untyped                ;
; C1_LOW                        ; 0                        ; Untyped                ;
; C2_LOW                        ; 0                        ; Untyped                ;
; C3_LOW                        ; 0                        ; Untyped                ;
; C4_LOW                        ; 0                        ; Untyped                ;
; C5_LOW                        ; 0                        ; Untyped                ;
; C6_LOW                        ; 0                        ; Untyped                ;
; C7_LOW                        ; 0                        ; Untyped                ;
; C8_LOW                        ; 0                        ; Untyped                ;
; C9_LOW                        ; 0                        ; Untyped                ;
; C0_INITIAL                    ; 0                        ; Untyped                ;
; C1_INITIAL                    ; 0                        ; Untyped                ;
; C2_INITIAL                    ; 0                        ; Untyped                ;
; C3_INITIAL                    ; 0                        ; Untyped                ;
; C4_INITIAL                    ; 0                        ; Untyped                ;
; C5_INITIAL                    ; 0                        ; Untyped                ;
; C6_INITIAL                    ; 0                        ; Untyped                ;
; C7_INITIAL                    ; 0                        ; Untyped                ;
; C8_INITIAL                    ; 0                        ; Untyped                ;
; C9_INITIAL                    ; 0                        ; Untyped                ;
; C0_MODE                       ; BYPASS                   ; Untyped                ;
; C1_MODE                       ; BYPASS                   ; Untyped                ;
; C2_MODE                       ; BYPASS                   ; Untyped                ;
; C3_MODE                       ; BYPASS                   ; Untyped                ;
; C4_MODE                       ; BYPASS                   ; Untyped                ;
; C5_MODE                       ; BYPASS                   ; Untyped                ;
; C6_MODE                       ; BYPASS                   ; Untyped                ;
; C7_MODE                       ; BYPASS                   ; Untyped                ;
; C8_MODE                       ; BYPASS                   ; Untyped                ;
; C9_MODE                       ; BYPASS                   ; Untyped                ;
; C0_PH                         ; 0                        ; Untyped                ;
; C1_PH                         ; 0                        ; Untyped                ;
; C2_PH                         ; 0                        ; Untyped                ;
; C3_PH                         ; 0                        ; Untyped                ;
; C4_PH                         ; 0                        ; Untyped                ;
; C5_PH                         ; 0                        ; Untyped                ;
; C6_PH                         ; 0                        ; Untyped                ;
; C7_PH                         ; 0                        ; Untyped                ;
; C8_PH                         ; 0                        ; Untyped                ;
; C9_PH                         ; 0                        ; Untyped                ;
; L0_HIGH                       ; 1                        ; Untyped                ;
; L1_HIGH                       ; 1                        ; Untyped                ;
; G0_HIGH                       ; 1                        ; Untyped                ;
; G1_HIGH                       ; 1                        ; Untyped                ;
; G2_HIGH                       ; 1                        ; Untyped                ;
; G3_HIGH                       ; 1                        ; Untyped                ;
; E0_HIGH                       ; 1                        ; Untyped                ;
; E1_HIGH                       ; 1                        ; Untyped                ;
; E2_HIGH                       ; 1                        ; Untyped                ;
; E3_HIGH                       ; 1                        ; Untyped                ;
; L0_LOW                        ; 1                        ; Untyped                ;
; L1_LOW                        ; 1                        ; Untyped                ;
; G0_LOW                        ; 1                        ; Untyped                ;
; G1_LOW                        ; 1                        ; Untyped                ;
; G2_LOW                        ; 1                        ; Untyped                ;
; G3_LOW                        ; 1                        ; Untyped                ;
; E0_LOW                        ; 1                        ; Untyped                ;
; E1_LOW                        ; 1                        ; Untyped                ;
; E2_LOW                        ; 1                        ; Untyped                ;
; E3_LOW                        ; 1                        ; Untyped                ;
; L0_INITIAL                    ; 1                        ; Untyped                ;
; L1_INITIAL                    ; 1                        ; Untyped                ;
; G0_INITIAL                    ; 1                        ; Untyped                ;
; G1_INITIAL                    ; 1                        ; Untyped                ;
; G2_INITIAL                    ; 1                        ; Untyped                ;
; G3_INITIAL                    ; 1                        ; Untyped                ;
; E0_INITIAL                    ; 1                        ; Untyped                ;
; E1_INITIAL                    ; 1                        ; Untyped                ;
; E2_INITIAL                    ; 1                        ; Untyped                ;
; E3_INITIAL                    ; 1                        ; Untyped                ;
; L0_MODE                       ; BYPASS                   ; Untyped                ;
; L1_MODE                       ; BYPASS                   ; Untyped                ;
; G0_MODE                       ; BYPASS                   ; Untyped                ;
; G1_MODE                       ; BYPASS                   ; Untyped                ;
; G2_MODE                       ; BYPASS                   ; Untyped                ;
; G3_MODE                       ; BYPASS                   ; Untyped                ;
; E0_MODE                       ; BYPASS                   ; Untyped                ;
; E1_MODE                       ; BYPASS                   ; Untyped                ;
; E2_MODE                       ; BYPASS                   ; Untyped                ;
; E3_MODE                       ; BYPASS                   ; Untyped                ;
; L0_PH                         ; 0                        ; Untyped                ;
; L1_PH                         ; 0                        ; Untyped                ;
; G0_PH                         ; 0                        ; Untyped                ;
; G1_PH                         ; 0                        ; Untyped                ;
; G2_PH                         ; 0                        ; Untyped                ;
; G3_PH                         ; 0                        ; Untyped                ;
; E0_PH                         ; 0                        ; Untyped                ;
; E1_PH                         ; 0                        ; Untyped                ;
; E2_PH                         ; 0                        ; Untyped                ;
; E3_PH                         ; 0                        ; Untyped                ;
; M_PH                          ; 0                        ; Untyped                ;
; C1_USE_CASC_IN                ; OFF                      ; Untyped                ;
; C2_USE_CASC_IN                ; OFF                      ; Untyped                ;
; C3_USE_CASC_IN                ; OFF                      ; Untyped                ;
; C4_USE_CASC_IN                ; OFF                      ; Untyped                ;
; C5_USE_CASC_IN                ; OFF                      ; Untyped                ;
; C6_USE_CASC_IN                ; OFF                      ; Untyped                ;
; C7_USE_CASC_IN                ; OFF                      ; Untyped                ;
; C8_USE_CASC_IN                ; OFF                      ; Untyped                ;
; C9_USE_CASC_IN                ; OFF                      ; Untyped                ;
; CLK0_COUNTER                  ; G0                       ; Untyped                ;
; CLK1_COUNTER                  ; G0                       ; Untyped                ;
; CLK2_COUNTER                  ; G0                       ; Untyped                ;
; CLK3_COUNTER                  ; G0                       ; Untyped                ;
; CLK4_COUNTER                  ; G0                       ; Untyped                ;
; CLK5_COUNTER                  ; G0                       ; Untyped                ;
; CLK6_COUNTER                  ; E0                       ; Untyped                ;
; CLK7_COUNTER                  ; E1                       ; Untyped                ;
; CLK8_COUNTER                  ; E2                       ; Untyped                ;
; CLK9_COUNTER                  ; E3                       ; Untyped                ;
; L0_TIME_DELAY                 ; 0                        ; Untyped                ;
; L1_TIME_DELAY                 ; 0                        ; Untyped                ;
; G0_TIME_DELAY                 ; 0                        ; Untyped                ;
; G1_TIME_DELAY                 ; 0                        ; Untyped                ;
; G2_TIME_DELAY                 ; 0                        ; Untyped                ;
; G3_TIME_DELAY                 ; 0                        ; Untyped                ;
; E0_TIME_DELAY                 ; 0                        ; Untyped                ;
; E1_TIME_DELAY                 ; 0                        ; Untyped                ;
; E2_TIME_DELAY                 ; 0                        ; Untyped                ;
; E3_TIME_DELAY                 ; 0                        ; Untyped                ;
; M_TIME_DELAY                  ; 0                        ; Untyped                ;
; N_TIME_DELAY                  ; 0                        ; Untyped                ;
; EXTCLK3_COUNTER               ; E3                       ; Untyped                ;
; EXTCLK2_COUNTER               ; E2                       ; Untyped                ;
; EXTCLK1_COUNTER               ; E1                       ; Untyped                ;
; EXTCLK0_COUNTER               ; E0                       ; Untyped                ;
; ENABLE0_COUNTER               ; L0                       ; Untyped                ;
; ENABLE1_COUNTER               ; L0                       ; Untyped                ;
; CHARGE_PUMP_CURRENT           ; 2                        ; Untyped                ;
; LOOP_FILTER_R                 ;  1.000000                ; Untyped                ;
; LOOP_FILTER_C                 ; 5                        ; Untyped                ;
; CHARGE_PUMP_CURRENT_BITS      ; 9999                     ; Untyped                ;
; LOOP_FILTER_R_BITS            ; 9999                     ; Untyped                ;
; LOOP_FILTER_C_BITS            ; 9999                     ; Untyped                ;
; VCO_POST_SCALE                ; 0                        ; Untyped                ;
; CLK2_OUTPUT_FREQUENCY         ; 0                        ; Untyped                ;
; CLK1_OUTPUT_FREQUENCY         ; 0                        ; Untyped                ;
; CLK0_OUTPUT_FREQUENCY         ; 0                        ; Untyped                ;
; INTENDED_DEVICE_FAMILY        ; MAX 10                   ; Untyped                ;
; PORT_CLKENA0                  ; PORT_UNUSED              ; Untyped                ;
; PORT_CLKENA1                  ; PORT_UNUSED              ; Untyped                ;
; PORT_CLKENA2                  ; PORT_UNUSED              ; Untyped                ;
; PORT_CLKENA3                  ; PORT_UNUSED              ; Untyped                ;
; PORT_CLKENA4                  ; PORT_UNUSED              ; Untyped                ;
; PORT_CLKENA5                  ; PORT_UNUSED              ; Untyped                ;
; PORT_EXTCLKENA0               ; PORT_CONNECTIVITY        ; Untyped                ;
; PORT_EXTCLKENA1               ; PORT_CONNECTIVITY        ; Untyped                ;
; PORT_EXTCLKENA2               ; PORT_CONNECTIVITY        ; Untyped                ;
; PORT_EXTCLKENA3               ; PORT_CONNECTIVITY        ; Untyped                ;
; PORT_EXTCLK0                  ; PORT_UNUSED              ; Untyped                ;
; PORT_EXTCLK1                  ; PORT_UNUSED              ; Untyped                ;
; PORT_EXTCLK2                  ; PORT_UNUSED              ; Untyped                ;
; PORT_EXTCLK3                  ; PORT_UNUSED              ; Untyped                ;
; PORT_CLKBAD0                  ; PORT_UNUSED              ; Untyped                ;
; PORT_CLKBAD1                  ; PORT_UNUSED              ; Untyped                ;
; PORT_CLK0                     ; PORT_USED                ; Untyped                ;
; PORT_CLK1                     ; PORT_UNUSED              ; Untyped                ;
; PORT_CLK2                     ; PORT_UNUSED              ; Untyped                ;
; PORT_CLK3                     ; PORT_UNUSED              ; Untyped                ;
; PORT_CLK4                     ; PORT_UNUSED              ; Untyped                ;
; PORT_CLK5                     ; PORT_UNUSED              ; Untyped                ;
; PORT_CLK6                     ; PORT_UNUSED              ; Untyped                ;
; PORT_CLK7                     ; PORT_UNUSED              ; Untyped                ;
; PORT_CLK8                     ; PORT_UNUSED              ; Untyped                ;
; PORT_CLK9                     ; PORT_UNUSED              ; Untyped                ;
; PORT_SCANDATA                 ; PORT_UNUSED              ; Untyped                ;
; PORT_SCANDATAOUT              ; PORT_UNUSED              ; Untyped                ;
; PORT_SCANDONE                 ; PORT_UNUSED              ; Untyped                ;
; PORT_SCLKOUT1                 ; PORT_CONNECTIVITY        ; Untyped                ;
; PORT_SCLKOUT0                 ; PORT_CONNECTIVITY        ; Untyped                ;
; PORT_ACTIVECLOCK              ; PORT_UNUSED              ; Untyped                ;
; PORT_CLKLOSS                  ; PORT_UNUSED              ; Untyped                ;
; PORT_INCLK1                   ; PORT_UNUSED              ; Untyped                ;
; PORT_INCLK0                   ; PORT_USED                ; Untyped                ;
; PORT_FBIN                     ; PORT_UNUSED              ; Untyped                ;
; PORT_PLLENA                   ; PORT_UNUSED              ; Untyped                ;
; PORT_CLKSWITCH                ; PORT_UNUSED              ; Untyped                ;
; PORT_ARESET                   ; PORT_USED                ; Untyped                ;
; PORT_PFDENA                   ; PORT_UNUSED              ; Untyped                ;
; PORT_SCANCLK                  ; PORT_UNUSED              ; Untyped                ;
; PORT_SCANACLR                 ; PORT_UNUSED              ; Untyped                ;
; PORT_SCANREAD                 ; PORT_UNUSED              ; Untyped                ;
; PORT_SCANWRITE                ; PORT_UNUSED              ; Untyped                ;
; PORT_ENABLE0                  ; PORT_CONNECTIVITY        ; Untyped                ;
; PORT_ENABLE1                  ; PORT_CONNECTIVITY        ; Untyped                ;
; PORT_LOCKED                   ; PORT_USED                ; Untyped                ;
; PORT_CONFIGUPDATE             ; PORT_UNUSED              ; Untyped                ;
; PORT_FBOUT                    ; PORT_CONNECTIVITY        ; Untyped                ;
; PORT_PHASEDONE                ; PORT_UNUSED              ; Untyped                ;
; PORT_PHASESTEP                ; PORT_UNUSED              ; Untyped                ;
; PORT_PHASEUPDOWN              ; PORT_UNUSED              ; Untyped                ;
; PORT_SCANCLKENA               ; PORT_UNUSED              ; Untyped                ;
; PORT_PHASECOUNTERSELECT       ; PORT_UNUSED              ; Untyped                ;
; PORT_VCOOVERRANGE             ; PORT_CONNECTIVITY        ; Untyped                ;
; PORT_VCOUNDERRANGE            ; PORT_CONNECTIVITY        ; Untyped                ;
; M_TEST_SOURCE                 ; 5                        ; Untyped                ;
; C0_TEST_SOURCE                ; 5                        ; Untyped                ;
; C1_TEST_SOURCE                ; 5                        ; Untyped                ;
; C2_TEST_SOURCE                ; 5                        ; Untyped                ;
; C3_TEST_SOURCE                ; 5                        ; Untyped                ;
; C4_TEST_SOURCE                ; 5                        ; Untyped                ;
; C5_TEST_SOURCE                ; 5                        ; Untyped                ;
; C6_TEST_SOURCE                ; 5                        ; Untyped                ;
; C7_TEST_SOURCE                ; 5                        ; Untyped                ;
; C8_TEST_SOURCE                ; 5                        ; Untyped                ;
; C9_TEST_SOURCE                ; 5                        ; Untyped                ;
; CBXI_PARAMETER                ; pllstp_altpll            ; Untyped                ;
; VCO_FREQUENCY_CONTROL         ; AUTO                     ; Untyped                ;
; VCO_PHASE_SHIFT_STEP          ; 0                        ; Untyped                ;
; WIDTH_CLOCK                   ; 5                        ; Signed Integer         ;
; WIDTH_PHASECOUNTERSELECT      ; 4                        ; Untyped                ;
; USING_FBMIMICBIDIR_PORT       ; OFF                      ; Untyped                ;
; DEVICE_FAMILY                 ; MAX 10                   ; Untyped                ;
; SCAN_CHAIN_MIF_FILE           ; UNUSED                   ; Untyped                ;
; SIM_GATE_LOCK_DEVICE_BEHAVIOR ; OFF                      ; Untyped                ;
; AUTO_CARRY_CHAINS             ; ON                       ; AUTO_CARRY             ;
; IGNORE_CARRY_BUFFERS          ; OFF                      ; IGNORE_CARRY           ;
; AUTO_CASCADE_CHAINS           ; ON                       ; AUTO_CASCADE           ;
; IGNORE_CASCADE_BUFFERS        ; OFF                      ; IGNORE_CASCADE         ;
+-------------------------------+--------------------------+------------------------+
Note: In order to hide this table in the UI and the text report file, please set the "Show Parameter Settings in Synthesis Report" option in "Analysis and Synthesis Settings -> More Settings" to "Off".


+-----------------------------------------------------------------------------------------+
; Parameter Settings for User Entity Instance: rom2:inst4|altsyncram:altsyncram_component ;
+------------------------------------+----------------------+-----------------------------+
; Parameter Name                     ; Value                ; Type                        ;
+------------------------------------+----------------------+-----------------------------+
; BYTE_SIZE_BLOCK                    ; 8                    ; Untyped                     ;
; AUTO_CARRY_CHAINS                  ; ON                   ; AUTO_CARRY                  ;
; IGNORE_CARRY_BUFFERS               ; OFF                  ; IGNORE_CARRY                ;
; AUTO_CASCADE_CHAINS                ; ON                   ; AUTO_CASCADE                ;
; IGNORE_CASCADE_BUFFERS             ; OFF                  ; IGNORE_CASCADE              ;
; WIDTH_BYTEENA                      ; 1                    ; Untyped                     ;
; OPERATION_MODE                     ; ROM                  ; Untyped                     ;
; WIDTH_A                            ; 12                   ; Signed Integer              ;
; WIDTHAD_A                          ; 17                   ; Signed Integer              ;
; NUMWORDS_A                         ; 76800                ; Signed Integer              ;
; OUTDATA_REG_A                      ; CLOCK0               ; Untyped                     ;
; ADDRESS_ACLR_A                     ; NONE                 ; Untyped                     ;
; OUTDATA_ACLR_A                     ; NONE                 ; Untyped                     ;
; WRCONTROL_ACLR_A                   ; NONE                 ; Untyped                     ;
; INDATA_ACLR_A                      ; NONE                 ; Untyped                     ;
; BYTEENA_ACLR_A                     ; NONE                 ; Untyped                     ;
; WIDTH_B                            ; 1                    ; Signed Integer              ;
; WIDTHAD_B                          ; 1                    ; Signed Integer              ;
; NUMWORDS_B                         ; 0                    ; Signed Integer              ;
; INDATA_REG_B                       ; CLOCK1               ; Untyped                     ;
; WRCONTROL_WRADDRESS_REG_B          ; CLOCK1               ; Untyped                     ;
; RDCONTROL_REG_B                    ; CLOCK1               ; Untyped                     ;
; ADDRESS_REG_B                      ; CLOCK1               ; Untyped                     ;
; OUTDATA_REG_B                      ; UNREGISTERED         ; Untyped                     ;
; BYTEENA_REG_B                      ; CLOCK1               ; Untyped                     ;
; INDATA_ACLR_B                      ; NONE                 ; Untyped                     ;
; WRCONTROL_ACLR_B                   ; NONE                 ; Untyped                     ;
; ADDRESS_ACLR_B                     ; NONE                 ; Untyped                     ;
; OUTDATA_ACLR_B                     ; NONE                 ; Untyped                     ;
; RDCONTROL_ACLR_B                   ; NONE                 ; Untyped                     ;
; BYTEENA_ACLR_B                     ; NONE                 ; Untyped                     ;
; WIDTH_BYTEENA_A                    ; 1                    ; Signed Integer              ;
; WIDTH_BYTEENA_B                    ; 1                    ; Signed Integer              ;
; RAM_BLOCK_TYPE                     ; AUTO                 ; Untyped                     ;
; BYTE_SIZE                          ; 8                    ; Signed Integer              ;
; READ_DURING_WRITE_MODE_MIXED_PORTS ; DONT_CARE            ; Untyped                     ;
; READ_DURING_WRITE_MODE_PORT_A      ; NEW_DATA_NO_NBE_READ ; Untyped                     ;
; READ_DURING_WRITE_MODE_PORT_B      ; NEW_DATA_NO_NBE_READ ; Untyped                     ;
; INIT_FILE                          ; ../peixe.mif         ; Untyped                     ;
; INIT_FILE_LAYOUT                   ; PORT_A               ; Untyped                     ;
; MAXIMUM_DEPTH                      ; 0                    ; Signed Integer              ;
; CLOCK_ENABLE_INPUT_A               ; BYPASS               ; Untyped                     ;
; CLOCK_ENABLE_INPUT_B               ; NORMAL               ; Untyped                     ;
; CLOCK_ENABLE_OUTPUT_A              ; BYPASS               ; Untyped                     ;
; CLOCK_ENABLE_OUTPUT_B              ; NORMAL               ; Untyped                     ;
; CLOCK_ENABLE_CORE_A                ; USE_INPUT_CLKEN      ; Untyped                     ;
; CLOCK_ENABLE_CORE_B                ; USE_INPUT_CLKEN      ; Untyped                     ;
; ENABLE_ECC                         ; FALSE                ; Untyped                     ;
; ECC_PIPELINE_STAGE_ENABLED         ; FALSE                ; Untyped                     ;
; WIDTH_ECCSTATUS                    ; 3                    ; Signed Integer              ;
; DEVICE_FAMILY                      ; MAX 10               ; Untyped                     ;
; CBXI_PARAMETER                     ; altsyncram_ioq3      ; Untyped                     ;
+------------------------------------+----------------------+-----------------------------+
Note: In order to hide this table in the UI and the text report file, please set the "Show Parameter Settings in Synthesis Report" option in "Analysis and Synthesis Settings -> More Settings" to "Off".


+-----------------------------------------------------------------------------------------------------------------------------------------------------------+
; Parameter Settings for Inferred Entity Instance: sld_signaltap:auto_signaltap_0                                                                           ;
+-------------------------------------------------+----------------------------------------------------------------------------------------+----------------+
; Parameter Name                                  ; Value                                                                                  ; Type           ;
+-------------------------------------------------+----------------------------------------------------------------------------------------+----------------+
; lpm_type                                        ; sld_signaltap                                                                          ; String         ;
; sld_node_info                                   ; 805334528                                                                              ; Untyped        ;
; SLD_SECTION_ID                                  ; hdl_signaltap_0                                                                        ; String         ;
; SLD_IP_VERSION                                  ; 6                                                                                      ; Signed Integer ;
; SLD_IP_MINOR_VERSION                            ; 0                                                                                      ; Signed Integer ;
; SLD_COMMON_IP_VERSION                           ; 0                                                                                      ; Signed Integer ;
; sld_data_bits                                   ; 49                                                                                     ; Untyped        ;
; sld_trigger_bits                                ; 20                                                                                     ; Untyped        ;
; SLD_NODE_CRC_BITS                               ; 32                                                                                     ; Signed Integer ;
; SLD_NODE_CRC_HIWORD                             ; 41394                                                                                  ; Signed Integer ;
; SLD_NODE_CRC_LOWORD                             ; 50132                                                                                  ; Signed Integer ;
; sld_incremental_routing                         ; 1                                                                                      ; Untyped        ;
; sld_sample_depth                                ; 4096                                                                                   ; Untyped        ;
; sld_segment_size                                ; 4096                                                                                   ; Untyped        ;
; sld_ram_block_type                              ; AUTO                                                                                   ; Untyped        ;
; sld_state_bits                                  ; 11                                                                                     ; Untyped        ;
; sld_buffer_full_stop                            ; 1                                                                                      ; Untyped        ;
; SLD_MEM_ADDRESS_BITS                            ; 7                                                                                      ; Signed Integer ;
; SLD_DATA_BIT_CNTR_BITS                          ; 4                                                                                      ; Signed Integer ;
; sld_trigger_level                               ; 1                                                                                      ; Untyped        ;
; sld_trigger_in_enabled                          ; 0                                                                                      ; Untyped        ;
; SLD_HPS_TRIGGER_IN_ENABLED                      ; 0                                                                                      ; Signed Integer ;
; SLD_HPS_TRIGGER_OUT_ENABLED                     ; 0                                                                                      ; Signed Integer ;
; SLD_HPS_EVENT_ENABLED                           ; 0                                                                                      ; Signed Integer ;
; SLD_HPS_EVENT_ID                                ; 0                                                                                      ; Signed Integer ;
; sld_advanced_trigger_entity                     ; basic,1,                                                                               ; Untyped        ;
; sld_trigger_level_pipeline                      ; 1                                                                                      ; Untyped        ;
; sld_trigger_pipeline                            ; 0                                                                                      ; Untyped        ;
; sld_ram_pipeline                                ; 0                                                                                      ; Untyped        ;
; sld_counter_pipeline                            ; 0                                                                                      ; Untyped        ;
; sld_enable_advanced_trigger                     ; 0                                                                                      ; Untyped        ;
; SLD_ADVANCED_TRIGGER_1                          ; NONE                                                                                   ; String         ;
; SLD_ADVANCED_TRIGGER_2                          ; NONE                                                                                   ; String         ;
; SLD_ADVANCED_TRIGGER_3                          ; NONE                                                                                   ; String         ;
; SLD_ADVANCED_TRIGGER_4                          ; NONE                                                                                   ; String         ;
; SLD_ADVANCED_TRIGGER_5                          ; NONE                                                                                   ; String         ;
; SLD_ADVANCED_TRIGGER_6                          ; NONE                                                                                   ; String         ;
; SLD_ADVANCED_TRIGGER_7                          ; NONE                                                                                   ; String         ;
; SLD_ADVANCED_TRIGGER_8                          ; NONE                                                                                   ; String         ;
; SLD_ADVANCED_TRIGGER_9                          ; NONE                                                                                   ; String         ;
; SLD_ADVANCED_TRIGGER_10                         ; NONE                                                                                   ; String         ;
; sld_inversion_mask_length                       ; 86                                                                                     ; Untyped        ;
; sld_inversion_mask                              ; 00000000000000000000000000000000000000000000000000000000000000000000000000000000000000 ; Untyped        ;
; sld_power_up_trigger                            ; 0                                                                                      ; Untyped        ;
; SLD_STATE_FLOW_MGR_ENTITY                       ; state_flow_mgr_entity.vhd                                                              ; String         ;
; sld_state_flow_use_generated                    ; 0                                                                                      ; Untyped        ;
; sld_current_resource_width                      ; 1                                                                                      ; Untyped        ;
; sld_attribute_mem_mode                          ; OFF                                                                                    ; Untyped        ;
; sld_storage_qualifier_bits                      ; 49                                                                                     ; Untyped        ;
; SLD_STORAGE_QUALIFIER_GAP_RECORD                ; 0                                                                                      ; Signed Integer ;
; SLD_STORAGE_QUALIFIER_MODE                      ; OFF                                                                                    ; String         ;
; SLD_STORAGE_QUALIFIER_ENABLE_ADVANCED_CONDITION ; 0                                                                                      ; Signed Integer ;
; sld_storage_qualifier_inversion_mask_length     ; 0                                                                                      ; Untyped        ;
; SLD_STORAGE_QUALIFIER_ADVANCED_CONDITION_ENTITY ; basic                                                                                  ; String         ;
; SLD_STORAGE_QUALIFIER_PIPELINE                  ; 0                                                                                      ; Signed Integer ;
; SLD_CREATE_MONITOR_INTERFACE                    ; 0                                                                                      ; Signed Integer ;
; SLD_USE_JTAG_SIGNAL_ADAPTER                     ; 1                                                                                      ; Signed Integer ;
+-------------------------------------------------+----------------------------------------------------------------------------------------+----------------+
Note: In order to hide this table in the UI and the text report file, please set the "Show Parameter Settings in Synthesis Report" option in "Analysis and Synthesis Settings -> More Settings" to "Off".


+--------------------------------------------------------------------------------------------+
; Parameter Settings for Inferred Entity Instance: memory2:inst11|altsyncram:ram_block_rtl_0 ;
+------------------------------------+----------------------+--------------------------------+
; Parameter Name                     ; Value                ; Type                           ;
+------------------------------------+----------------------+--------------------------------+
; BYTE_SIZE_BLOCK                    ; 8                    ; Untyped                        ;
; AUTO_CARRY_CHAINS                  ; ON                   ; AUTO_CARRY                     ;
; IGNORE_CARRY_BUFFERS               ; OFF                  ; IGNORE_CARRY                   ;
; AUTO_CASCADE_CHAINS                ; ON                   ; AUTO_CASCADE                   ;
; IGNORE_CASCADE_BUFFERS             ; OFF                  ; IGNORE_CASCADE                 ;
; WIDTH_BYTEENA                      ; 1                    ; Untyped                        ;
; OPERATION_MODE                     ; DUAL_PORT            ; Untyped                        ;
; WIDTH_A                            ; 8                    ; Untyped                        ;
; WIDTHAD_A                          ; 17                   ; Untyped                        ;
; NUMWORDS_A                         ; 131072               ; Untyped                        ;
; OUTDATA_REG_A                      ; UNREGISTERED         ; Untyped                        ;
; ADDRESS_ACLR_A                     ; NONE                 ; Untyped                        ;
; OUTDATA_ACLR_A                     ; NONE                 ; Untyped                        ;
; WRCONTROL_ACLR_A                   ; NONE                 ; Untyped                        ;
; INDATA_ACLR_A                      ; NONE                 ; Untyped                        ;
; BYTEENA_ACLR_A                     ; NONE                 ; Untyped                        ;
; WIDTH_B                            ; 8                    ; Untyped                        ;
; WIDTHAD_B                          ; 17                   ; Untyped                        ;
; NUMWORDS_B                         ; 131072               ; Untyped                        ;
; INDATA_REG_B                       ; CLOCK1               ; Untyped                        ;
; WRCONTROL_WRADDRESS_REG_B          ; CLOCK1               ; Untyped                        ;
; RDCONTROL_REG_B                    ; CLOCK1               ; Untyped                        ;
; ADDRESS_REG_B                      ; CLOCK0               ; Untyped                        ;
; OUTDATA_REG_B                      ; UNREGISTERED         ; Untyped                        ;
; BYTEENA_REG_B                      ; CLOCK1               ; Untyped                        ;
; INDATA_ACLR_B                      ; NONE                 ; Untyped                        ;
; WRCONTROL_ACLR_B                   ; NONE                 ; Untyped                        ;
; ADDRESS_ACLR_B                     ; NONE                 ; Untyped                        ;
; OUTDATA_ACLR_B                     ; NONE                 ; Untyped                        ;
; RDCONTROL_ACLR_B                   ; NONE                 ; Untyped                        ;
; BYTEENA_ACLR_B                     ; NONE                 ; Untyped                        ;
; WIDTH_BYTEENA_A                    ; 1                    ; Untyped                        ;
; WIDTH_BYTEENA_B                    ; 1                    ; Untyped                        ;
; RAM_BLOCK_TYPE                     ; AUTO                 ; Untyped                        ;
; BYTE_SIZE                          ; 8                    ; Untyped                        ;
; READ_DURING_WRITE_MODE_MIXED_PORTS ; DONT_CARE            ; Untyped                        ;
; READ_DURING_WRITE_MODE_PORT_A      ; NEW_DATA_NO_NBE_READ ; Untyped                        ;
; READ_DURING_WRITE_MODE_PORT_B      ; NEW_DATA_NO_NBE_READ ; Untyped                        ;
; INIT_FILE                          ; UNUSED               ; Untyped                        ;
; INIT_FILE_LAYOUT                   ; PORT_A               ; Untyped                        ;
; MAXIMUM_DEPTH                      ; 0                    ; Untyped                        ;
; CLOCK_ENABLE_INPUT_A               ; NORMAL               ; Untyped                        ;
; CLOCK_ENABLE_INPUT_B               ; NORMAL               ; Untyped                        ;
; CLOCK_ENABLE_OUTPUT_A              ; NORMAL               ; Untyped                        ;
; CLOCK_ENABLE_OUTPUT_B              ; NORMAL               ; Untyped                        ;
; CLOCK_ENABLE_CORE_A                ; USE_INPUT_CLKEN      ; Untyped                        ;
; CLOCK_ENABLE_CORE_B                ; USE_INPUT_CLKEN      ; Untyped                        ;
; ENABLE_ECC                         ; FALSE                ; Untyped                        ;
; ECC_PIPELINE_STAGE_ENABLED         ; FALSE                ; Untyped                        ;
; WIDTH_ECCSTATUS                    ; 3                    ; Untyped                        ;
; DEVICE_FAMILY                      ; MAX 10               ; Untyped                        ;
; CBXI_PARAMETER                     ; altsyncram_a4c1      ; Untyped                        ;
+------------------------------------+----------------------+--------------------------------+
Note: In order to hide this table in the UI and the text report file, please set the "Show Parameter Settings in Synthesis Report" option in "Analysis and Synthesis Settings -> More Settings" to "Off".


+-----------------------------------------------------------------------------------------------------+
; Parameter Settings for Inferred Entity Instance: Enderecamento:inst10|altshift_taps:auxcoluna_rtl_0 ;
+----------------+----------------+-------------------------------------------------------------------+
; Parameter Name ; Value          ; Type                                                              ;
+----------------+----------------+-------------------------------------------------------------------+
; WIDTH_BYTEENA  ; 1              ; Untyped                                                           ;
; NUMBER_OF_TAPS ; 1              ; Untyped                                                           ;
; TAP_DISTANCE   ; 3              ; Untyped                                                           ;
; WIDTH          ; 12             ; Untyped                                                           ;
; POWER_UP_STATE ; CLEARED        ; Untyped                                                           ;
; CBXI_PARAMETER ; shift_taps_ugl ; Untyped                                                           ;
+----------------+----------------+-------------------------------------------------------------------+
Note: In order to hide this table in the UI and the text report file, please set the "Show Parameter Settings in Synthesis Report" option in "Analysis and Synthesis Settings -> More Settings" to "Off".


+---------------------------------------------------------------------------------------------+
; Parameter Settings for Inferred Entity Instance: mandelbrot_pixel_core:inst6|lpm_mult:Mult1 ;
+------------------------------------------------+----------+---------------------------------+
; Parameter Name                                 ; Value    ; Type                            ;
+------------------------------------------------+----------+---------------------------------+
; AUTO_CARRY_CHAINS                              ; ON       ; AUTO_CARRY                      ;
; IGNORE_CARRY_BUFFERS                           ; OFF      ; IGNORE_CARRY                    ;
; AUTO_CASCADE_CHAINS                            ; ON       ; AUTO_CASCADE                    ;
; IGNORE_CASCADE_BUFFERS                         ; OFF      ; IGNORE_CASCADE                  ;
; LPM_WIDTHA                                     ; 32       ; Untyped                         ;
; LPM_WIDTHB                                     ; 32       ; Untyped                         ;
; LPM_WIDTHP                                     ; 64       ; Untyped                         ;
; LPM_WIDTHR                                     ; 64       ; Untyped                         ;
; LPM_WIDTHS                                     ; 1        ; Untyped                         ;
; LPM_REPRESENTATION                             ; SIGNED   ; Untyped                         ;
; LPM_PIPELINE                                   ; 0        ; Untyped                         ;
; LATENCY                                        ; 0        ; Untyped                         ;
; INPUT_A_IS_CONSTANT                            ; NO       ; Untyped                         ;
; INPUT_B_IS_CONSTANT                            ; NO       ; Untyped                         ;
; USE_EAB                                        ; OFF      ; Untyped                         ;
; MAXIMIZE_SPEED                                 ; 5        ; Untyped                         ;
; DEVICE_FAMILY                                  ; MAX 10   ; Untyped                         ;
; CARRY_CHAIN                                    ; MANUAL   ; Untyped                         ;
; APEX20K_TECHNOLOGY_MAPPER                      ; LUT      ; TECH_MAPPER_APEX20K             ;
; DEDICATED_MULTIPLIER_CIRCUITRY                 ; AUTO     ; Untyped                         ;
; DEDICATED_MULTIPLIER_MIN_INPUT_WIDTH_FOR_AUTO  ; 0        ; Untyped                         ;
; DEDICATED_MULTIPLIER_MIN_OUTPUT_WIDTH_FOR_AUTO ; 0        ; Untyped                         ;
; CBXI_PARAMETER                                 ; mult_qgs ; Untyped                         ;
; INPUT_A_FIXED_VALUE                            ; Bx       ; Untyped                         ;
; INPUT_B_FIXED_VALUE                            ; Bx       ; Untyped                         ;
; USE_AHDL_IMPLEMENTATION                        ; OFF      ; Untyped                         ;
+------------------------------------------------+----------+---------------------------------+
Note: In order to hide this table in the UI and the text report file, please set the "Show Parameter Settings in Synthesis Report" option in "Analysis and Synthesis Settings -> More Settings" to "Off".


+---------------------------------------------------------------------------------------------+
; Parameter Settings for Inferred Entity Instance: mandelbrot_pixel_core:inst6|lpm_mult:Mult0 ;
+------------------------------------------------+----------+---------------------------------+
; Parameter Name                                 ; Value    ; Type                            ;
+------------------------------------------------+----------+---------------------------------+
; AUTO_CARRY_CHAINS                              ; ON       ; AUTO_CARRY                      ;
; IGNORE_CARRY_BUFFERS                           ; OFF      ; IGNORE_CARRY                    ;
; AUTO_CASCADE_CHAINS                            ; ON       ; AUTO_CASCADE                    ;
; IGNORE_CASCADE_BUFFERS                         ; OFF      ; IGNORE_CASCADE                  ;
; LPM_WIDTHA                                     ; 32       ; Untyped                         ;
; LPM_WIDTHB                                     ; 32       ; Untyped                         ;
; LPM_WIDTHP                                     ; 64       ; Untyped                         ;
; LPM_WIDTHR                                     ; 64       ; Untyped                         ;
; LPM_WIDTHS                                     ; 1        ; Untyped                         ;
; LPM_REPRESENTATION                             ; SIGNED   ; Untyped                         ;
; LPM_PIPELINE                                   ; 0        ; Untyped                         ;
; LATENCY                                        ; 0        ; Untyped                         ;
; INPUT_A_IS_CONSTANT                            ; NO       ; Untyped                         ;
; INPUT_B_IS_CONSTANT                            ; NO       ; Untyped                         ;
; USE_EAB                                        ; OFF      ; Untyped                         ;
; MAXIMIZE_SPEED                                 ; 5        ; Untyped                         ;
; DEVICE_FAMILY                                  ; MAX 10   ; Untyped                         ;
; CARRY_CHAIN                                    ; MANUAL   ; Untyped                         ;
; APEX20K_TECHNOLOGY_MAPPER                      ; LUT      ; TECH_MAPPER_APEX20K             ;
; DEDICATED_MULTIPLIER_CIRCUITRY                 ; AUTO     ; Untyped                         ;
; DEDICATED_MULTIPLIER_MIN_INPUT_WIDTH_FOR_AUTO  ; 0        ; Untyped                         ;
; DEDICATED_MULTIPLIER_MIN_OUTPUT_WIDTH_FOR_AUTO ; 0        ; Untyped                         ;
; CBXI_PARAMETER                                 ; mult_qgs ; Untyped                         ;
; INPUT_A_FIXED_VALUE                            ; Bx       ; Untyped                         ;
; INPUT_B_FIXED_VALUE                            ; Bx       ; Untyped                         ;
; USE_AHDL_IMPLEMENTATION                        ; OFF      ; Untyped                         ;
+------------------------------------------------+----------+---------------------------------+
Note: In order to hide this table in the UI and the text report file, please set the "Show Parameter Settings in Synthesis Report" option in "Analysis and Synthesis Settings -> More Settings" to "Off".


+---------------------------------------------------------------------------------------------+
; Parameter Settings for Inferred Entity Instance: mandelbrot_pixel_core:inst6|lpm_mult:Mult2 ;
+------------------------------------------------+----------+---------------------------------+
; Parameter Name                                 ; Value    ; Type                            ;
+------------------------------------------------+----------+---------------------------------+
; AUTO_CARRY_CHAINS                              ; ON       ; AUTO_CARRY                      ;
; IGNORE_CARRY_BUFFERS                           ; OFF      ; IGNORE_CARRY                    ;
; AUTO_CASCADE_CHAINS                            ; ON       ; AUTO_CASCADE                    ;
; IGNORE_CASCADE_BUFFERS                         ; OFF      ; IGNORE_CASCADE                  ;
; LPM_WIDTHA                                     ; 32       ; Untyped                         ;
; LPM_WIDTHB                                     ; 32       ; Untyped                         ;
; LPM_WIDTHP                                     ; 64       ; Untyped                         ;
; LPM_WIDTHR                                     ; 64       ; Untyped                         ;
; LPM_WIDTHS                                     ; 1        ; Untyped                         ;
; LPM_REPRESENTATION                             ; SIGNED   ; Untyped                         ;
; LPM_PIPELINE                                   ; 0        ; Untyped                         ;
; LATENCY                                        ; 0        ; Untyped                         ;
; INPUT_A_IS_CONSTANT                            ; NO       ; Untyped                         ;
; INPUT_B_IS_CONSTANT                            ; NO       ; Untyped                         ;
; USE_EAB                                        ; OFF      ; Untyped                         ;
; MAXIMIZE_SPEED                                 ; 5        ; Untyped                         ;
; DEVICE_FAMILY                                  ; MAX 10   ; Untyped                         ;
; CARRY_CHAIN                                    ; MANUAL   ; Untyped                         ;
; APEX20K_TECHNOLOGY_MAPPER                      ; LUT      ; TECH_MAPPER_APEX20K             ;
; DEDICATED_MULTIPLIER_CIRCUITRY                 ; AUTO     ; Untyped                         ;
; DEDICATED_MULTIPLIER_MIN_INPUT_WIDTH_FOR_AUTO  ; 0        ; Untyped                         ;
; DEDICATED_MULTIPLIER_MIN_OUTPUT_WIDTH_FOR_AUTO ; 0        ; Untyped                         ;
; CBXI_PARAMETER                                 ; mult_qgs ; Untyped                         ;
; INPUT_A_FIXED_VALUE                            ; Bx       ; Untyped                         ;
; INPUT_B_FIXED_VALUE                            ; Bx       ; Untyped                         ;
; USE_AHDL_IMPLEMENTATION                        ; OFF      ; Untyped                         ;
+------------------------------------------------+----------+---------------------------------+
Note: In order to hide this table in the UI and the text report file, please set the "Show Parameter Settings in Synthesis Report" option in "Analysis and Synthesis Settings -> More Settings" to "Off".


+-------------------------------------------------------------------------+
; altpll Parameter Settings by Entity Instance                            ;
+-------------------------------+-----------------------------------------+
; Name                          ; Value                                   ;
+-------------------------------+-----------------------------------------+
; Number of entity instances    ; 2                                       ;
; Entity Instance               ; pll_25MHz:inst1|altpll:altpll_component ;
;     -- OPERATION_MODE         ; NORMAL                                  ;
;     -- PLL_TYPE               ; AUTO                                    ;
;     -- PRIMARY_CLOCK          ; INCLK0                                  ;
;     -- INCLK0_INPUT_FREQUENCY ; 20000                                   ;
;     -- INCLK1_INPUT_FREQUENCY ; 0                                       ;
;     -- VCO_MULTIPLY_BY        ; 0                                       ;
;     -- VCO_DIVIDE_BY          ; 0                                       ;
; Entity Instance               ; pllstp:inst2|altpll:altpll_component    ;
;     -- OPERATION_MODE         ; NORMAL                                  ;
;     -- PLL_TYPE               ; AUTO                                    ;
;     -- PRIMARY_CLOCK          ; INCLK0                                  ;
;     -- INCLK0_INPUT_FREQUENCY ; 20000                                   ;
;     -- INCLK1_INPUT_FREQUENCY ; 0                                       ;
;     -- VCO_MULTIPLY_BY        ; 0                                       ;
;     -- VCO_DIVIDE_BY          ; 0                                       ;
+-------------------------------+-----------------------------------------+


+----------------------------------------------------------------------------------------+
; altsyncram Parameter Settings by Entity Instance                                       ;
+-------------------------------------------+--------------------------------------------+
; Name                                      ; Value                                      ;
+-------------------------------------------+--------------------------------------------+
; Number of entity instances                ; 2                                          ;
; Entity Instance                           ; rom2:inst4|altsyncram:altsyncram_component ;
;     -- OPERATION_MODE                     ; ROM                                        ;
;     -- WIDTH_A                            ; 12                                         ;
;     -- NUMWORDS_A                         ; 76800                                      ;
;     -- OUTDATA_REG_A                      ; CLOCK0                                     ;
;     -- WIDTH_B                            ; 1                                          ;
;     -- NUMWORDS_B                         ; 0                                          ;
;     -- ADDRESS_REG_B                      ; CLOCK1                                     ;
;     -- OUTDATA_REG_B                      ; UNREGISTERED                               ;
;     -- RAM_BLOCK_TYPE                     ; AUTO                                       ;
;     -- READ_DURING_WRITE_MODE_MIXED_PORTS ; DONT_CARE                                  ;
; Entity Instance                           ; memory2:inst11|altsyncram:ram_block_rtl_0  ;
;     -- OPERATION_MODE                     ; DUAL_PORT                                  ;
;     -- WIDTH_A                            ; 8                                          ;
;     -- NUMWORDS_A                         ; 131072                                     ;
;     -- OUTDATA_REG_A                      ; UNREGISTERED                               ;
;     -- WIDTH_B                            ; 8                                          ;
;     -- NUMWORDS_B                         ; 131072                                     ;
;     -- ADDRESS_REG_B                      ; CLOCK0                                     ;
;     -- OUTDATA_REG_B                      ; UNREGISTERED                               ;
;     -- RAM_BLOCK_TYPE                     ; AUTO                                       ;
;     -- READ_DURING_WRITE_MODE_MIXED_PORTS ; DONT_CARE                                  ;
+-------------------------------------------+--------------------------------------------+


+---------------------------------------------------------------------------------+
; altshift_taps Parameter Settings by Entity Instance                             ;
+----------------------------+----------------------------------------------------+
; Name                       ; Value                                              ;
+----------------------------+----------------------------------------------------+
; Number of entity instances ; 1                                                  ;
; Entity Instance            ; Enderecamento:inst10|altshift_taps:auxcoluna_rtl_0 ;
;     -- NUMBER_OF_TAPS      ; 1                                                  ;
;     -- TAP_DISTANCE        ; 3                                                  ;
;     -- WIDTH               ; 12                                                 ;
+----------------------------+----------------------------------------------------+


+------------------------------------------------------------------------------------+
; lpm_mult Parameter Settings by Entity Instance                                     ;
+---------------------------------------+--------------------------------------------+
; Name                                  ; Value                                      ;
+---------------------------------------+--------------------------------------------+
; Number of entity instances            ; 3                                          ;
; Entity Instance                       ; mandelbrot_pixel_core:inst6|lpm_mult:Mult1 ;
;     -- LPM_WIDTHA                     ; 32                                         ;
;     -- LPM_WIDTHB                     ; 32                                         ;
;     -- LPM_WIDTHP                     ; 64                                         ;
;     -- LPM_REPRESENTATION             ; SIGNED                                     ;
;     -- INPUT_A_IS_CONSTANT            ; NO                                         ;
;     -- INPUT_B_IS_CONSTANT            ; NO                                         ;
;     -- USE_EAB                        ; OFF                                        ;
;     -- DEDICATED_MULTIPLIER_CIRCUITRY ; AUTO                                       ;
;     -- INPUT_A_FIXED_VALUE            ; Bx                                         ;
;     -- INPUT_B_FIXED_VALUE            ; Bx                                         ;
; Entity Instance                       ; mandelbrot_pixel_core:inst6|lpm_mult:Mult0 ;
;     -- LPM_WIDTHA                     ; 32                                         ;
;     -- LPM_WIDTHB                     ; 32                                         ;
;     -- LPM_WIDTHP                     ; 64                                         ;
;     -- LPM_REPRESENTATION             ; SIGNED                                     ;
;     -- INPUT_A_IS_CONSTANT            ; NO                                         ;
;     -- INPUT_B_IS_CONSTANT            ; NO                                         ;
;     -- USE_EAB                        ; OFF                                        ;
;     -- DEDICATED_MULTIPLIER_CIRCUITRY ; AUTO                                       ;
;     -- INPUT_A_FIXED_VALUE            ; Bx                                         ;
;     -- INPUT_B_FIXED_VALUE            ; Bx                                         ;
; Entity Instance                       ; mandelbrot_pixel_core:inst6|lpm_mult:Mult2 ;
;     -- LPM_WIDTHA                     ; 32                                         ;
;     -- LPM_WIDTHB                     ; 32                                         ;
;     -- LPM_WIDTHP                     ; 64                                         ;
;     -- LPM_REPRESENTATION             ; SIGNED                                     ;
;     -- INPUT_A_IS_CONSTANT            ; NO                                         ;
;     -- INPUT_B_IS_CONSTANT            ; NO                                         ;
;     -- USE_EAB                        ; OFF                                        ;
;     -- DEDICATED_MULTIPLIER_CIRCUITRY ; AUTO                                       ;
;     -- INPUT_A_FIXED_VALUE            ; Bx                                         ;
;     -- INPUT_B_FIXED_VALUE            ; Bx                                         ;
+---------------------------------------+--------------------------------------------+


+-------------------------------------------------------------------------------------------------------------------------------------------------------------------------------------------------------------------------------------------------------------------------+
; Signal Tap Logic Analyzer Settings                                                                                                                                                                                                                                      ;
+----------------+------------------+---------------------+------------------+--------------+----------+------------------------+----------------------+--------------------+-----------------------------+-----------------+------------------+--------------------------+
; Instance Index ; Instance Name    ; Trigger Input Width ; Data Input Width ; Sample Depth ; Segments ; Storage Qualifier Type ; Trigger Flow Control ; Trigger Conditions ; Advanced Trigger Conditions ; Trigger In Used ; Trigger Out Used ; Power-Up Trigger Enabled ;
+----------------+------------------+---------------------+------------------+--------------+----------+------------------------+----------------------+--------------------+-----------------------------+-----------------+------------------+--------------------------+
; 0              ; auto_signaltap_0 ; 20                  ; 49               ; 4096         ; 1        ; continuous             ; sequential           ; 1                  ; 0                           ; no              ; no               ; no                       ;
+----------------+------------------+---------------------+------------------+--------------+----------+------------------------+----------------------+--------------------+-----------------------------+-----------------+------------------+--------------------------+


+-----------------------------------------------------+
; Post-Synthesis Netlist Statistics for Top Partition ;
+-----------------------+-----------------------------+
; Type                  ; Count                       ;
+-----------------------+-----------------------------+
; boundary_port         ; 49                          ;
; cycloneiii_ff         ; 205                         ;
;     CLR               ; 12                          ;
;     CLR SCLR          ; 11                          ;
;     CLR SLD           ; 17                          ;
;     ENA CLR           ; 17                          ;
;     ENA CLR SCLR      ; 72                          ;
;     plain             ; 76                          ;
; cycloneiii_lcell_comb ; 911                         ;
;     arith             ; 574                         ;
;         1 data inputs ; 2                           ;
;         2 data inputs ; 186                         ;
;         3 data inputs ; 386                         ;
;     normal            ; 337                         ;
;         0 data inputs ; 8                           ;
;         1 data inputs ; 15                          ;
;         2 data inputs ; 73                          ;
;         3 data inputs ; 39                          ;
;         4 data inputs ; 202                         ;
; cycloneiii_mac_mult   ; 12                          ;
; cycloneiii_mac_out    ; 12                          ;
; cycloneiii_pll        ; 2                           ;
; cycloneiii_ram_block  ; 140                         ;
;                       ;                             ;
; Max LUT depth         ; 14.40                       ;
; Average LUT depth     ; 6.75                        ;
+-----------------------+-----------------------------+


+-------------------------------+
; Elapsed Time Per Partition    ;
+----------------+--------------+
; Partition Name ; Elapsed Time ;
+----------------+--------------+
; Top            ; 00:00:11     ;
+----------------+--------------+


+-------------------------------------------------------------------------------------------------------------------------------------------------------------------------------------------------------------------------------------------------------------------------------------------------------------------------------------------------------------+
; Connections to In-System Debugging Instance "auto_signaltap_0"                                                                                                                                                                                                                                                                                              ;
+----------------------+---------------+-----------+--------------------------------+-------------------+------------------------------------------------------------------------------------+----------------------------------------------------------------------------------------------------------------------------------------------------------------+
; Name                 ; Type          ; Status    ; Partition Name                 ; Netlist Type Used ; Actual Connection                                                                  ; Details                                                                                                                                                        ;
+----------------------+---------------+-----------+--------------------------------+-------------------+------------------------------------------------------------------------------------+----------------------------------------------------------------------------------------------------------------------------------------------------------------+
; ARDUINO_IO[0]        ; pre-synthesis ; connected ; Top                            ; post-synthesis    ; mandelbrot_pixel_core:inst6|iter[0]                                                ; N/A                                                                                                                                                            ;
; ARDUINO_IO[10]       ; pre-synthesis ; missing   ; Top                            ; post-synthesis    ; GND                                                                                ; The name does not exist in your design or refers to an invalid hierarchy or bus element.  You may have modified your design after creating the debug instance. ;
; ARDUINO_IO[11]       ; pre-synthesis ; missing   ; Top                            ; post-synthesis    ; GND                                                                                ; The name does not exist in your design or refers to an invalid hierarchy or bus element.  You may have modified your design after creating the debug instance. ;
; ARDUINO_IO[12]       ; pre-synthesis ; missing   ; Top                            ; post-synthesis    ; GND                                                                                ; The name does not exist in your design or refers to an invalid hierarchy or bus element.  You may have modified your design after creating the debug instance. ;
; ARDUINO_IO[13]       ; pre-synthesis ; missing   ; Top                            ; post-synthesis    ; GND                                                                                ; The name does not exist in your design or refers to an invalid hierarchy or bus element.  You may have modified your design after creating the debug instance. ;
; ARDUINO_IO[14]       ; pre-synthesis ; missing   ; Top                            ; post-synthesis    ; GND                                                                                ; The name does not exist in your design or refers to an invalid hierarchy or bus element.  You may have modified your design after creating the debug instance. ;
; ARDUINO_IO[15]       ; pre-synthesis ; missing   ; Top                            ; post-synthesis    ; GND                                                                                ; The name does not exist in your design or refers to an invalid hierarchy or bus element.  You may have modified your design after creating the debug instance. ;
; ARDUINO_IO[1]        ; pre-synthesis ; connected ; Top                            ; post-synthesis    ; mandelbrot_pixel_core:inst6|iter[1]                                                ; N/A                                                                                                                                                            ;
; ARDUINO_IO[2]        ; pre-synthesis ; connected ; Top                            ; post-synthesis    ; mandelbrot_pixel_core:inst6|iter[2]                                                ; N/A                                                                                                                                                            ;
; ARDUINO_IO[3]        ; pre-synthesis ; connected ; Top                            ; post-synthesis    ; mandelbrot_pixel_core:inst6|iter[3]                                                ; N/A                                                                                                                                                            ;
; ARDUINO_IO[4]        ; pre-synthesis ; connected ; Top                            ; post-synthesis    ; mandelbrot_pixel_core:inst6|iter[4]                                                ; N/A                                                                                                                                                            ;
; ARDUINO_IO[5]        ; pre-synthesis ; connected ; Top                            ; post-synthesis    ; mandelbrot_pixel_core:inst6|iter[5]                                                ; N/A                                                                                                                                                            ;
; ARDUINO_IO[6]        ; pre-synthesis ; connected ; Top                            ; post-synthesis    ; mandelbrot_pixel_core:inst6|iter[6]                                                ; N/A                                                                                                                                                            ;
; ARDUINO_IO[7]        ; pre-synthesis ; connected ; Top                            ; post-synthesis    ; mandelbrot_pixel_core:inst6|iter[7]                                                ; N/A                                                                                                                                                            ;
; ARDUINO_IO[8]        ; pre-synthesis ; missing   ; Top                            ; post-synthesis    ; GND                                                                                ; The name does not exist in your design or refers to an invalid hierarchy or bus element.  You may have modified your design after creating the debug instance. ;
; ARDUINO_IO[9]        ; pre-synthesis ; missing   ; Top                            ; post-synthesis    ; GND                                                                                ; The name does not exist in your design or refers to an invalid hierarchy or bus element.  You may have modified your design after creating the debug instance. ;
; GPIO[0]              ; pre-synthesis ; connected ; Top                            ; post-synthesis    ; VGA_drvr:inst|Add3~29                                                              ; N/A                                                                                                                                                            ;
; GPIO[0]              ; pre-synthesis ; connected ; Top                            ; post-synthesis    ; VGA_drvr:inst|Add3~29                                                              ; N/A                                                                                                                                                            ;
; GPIO[1]              ; pre-synthesis ; connected ; Top                            ; post-synthesis    ; VGA_drvr:inst|Add3~28                                                              ; N/A                                                                                                                                                            ;
; GPIO[1]              ; pre-synthesis ; connected ; Top                            ; post-synthesis    ; VGA_drvr:inst|Add3~28                                                              ; N/A                                                                                                                                                            ;
; GPIO[2]              ; pre-synthesis ; connected ; Top                            ; post-synthesis    ; VGA_drvr:inst|Add3~27                                                              ; N/A                                                                                                                                                            ;
; GPIO[2]              ; pre-synthesis ; connected ; Top                            ; post-synthesis    ; VGA_drvr:inst|Add3~27                                                              ; N/A                                                                                                                                                            ;
; GPIO[3]              ; pre-synthesis ; connected ; Top                            ; post-synthesis    ; VGA_drvr:inst|Add3~26                                                              ; N/A                                                                                                                                                            ;
; GPIO[3]              ; pre-synthesis ; connected ; Top                            ; post-synthesis    ; VGA_drvr:inst|Add3~26                                                              ; N/A                                                                                                                                                            ;
; GPIO[4]              ; pre-synthesis ; connected ; Top                            ; post-synthesis    ; VGA_drvr:inst|Add3~25                                                              ; N/A                                                                                                                                                            ;
; GPIO[4]              ; pre-synthesis ; connected ; Top                            ; post-synthesis    ; VGA_drvr:inst|Add3~25                                                              ; N/A                                                                                                                                                            ;
; GPIO[5]              ; pre-synthesis ; connected ; Top                            ; post-synthesis    ; VGA_drvr:inst|Add3~24                                                              ; N/A                                                                                                                                                            ;
; GPIO[5]              ; pre-synthesis ; connected ; Top                            ; post-synthesis    ; VGA_drvr:inst|Add3~24                                                              ; N/A                                                                                                                                                            ;
; GPIO[6]              ; pre-synthesis ; connected ; Top                            ; post-synthesis    ; VGA_drvr:inst|Add3~23                                                              ; N/A                                                                                                                                                            ;
; GPIO[6]              ; pre-synthesis ; connected ; Top                            ; post-synthesis    ; VGA_drvr:inst|Add3~23                                                              ; N/A                                                                                                                                                            ;
; GPIO[7]              ; pre-synthesis ; connected ; Top                            ; post-synthesis    ; VGA_drvr:inst|Add3~22                                                              ; N/A                                                                                                                                                            ;
; GPIO[7]              ; pre-synthesis ; connected ; Top                            ; post-synthesis    ; VGA_drvr:inst|Add3~22                                                              ; N/A                                                                                                                                                            ;
; GPIO[8]              ; pre-synthesis ; connected ; Top                            ; post-synthesis    ; VGA_drvr:inst|Add3~21                                                              ; N/A                                                                                                                                                            ;
; GPIO[8]              ; pre-synthesis ; connected ; Top                            ; post-synthesis    ; VGA_drvr:inst|Add3~21                                                              ; N/A                                                                                                                                                            ;
; GPIO[9]              ; pre-synthesis ; connected ; Top                            ; post-synthesis    ; VGA_drvr:inst|Add3~20                                                              ; N/A                                                                                                                                                            ;
; GPIO[9]              ; pre-synthesis ; connected ; Top                            ; post-synthesis    ; VGA_drvr:inst|Add3~20                                                              ; N/A                                                                                                                                                            ;
; HEX0[0]              ; pre-synthesis ; connected ; Top                            ; post-synthesis    ; pllstp:inst2|altpll:altpll_component|pllstp_altpll:auto_generated|wire_pll1_clk[0] ; N/A                                                                                                                                                            ;
; LEDR[0]              ; pre-synthesis ; connected ; Top                            ; post-synthesis    ; VGA_drvr:inst|o_pixel_x[0]~3                                                       ; N/A                                                                                                                                                            ;
; LEDR[0]              ; pre-synthesis ; connected ; Top                            ; post-synthesis    ; VGA_drvr:inst|o_pixel_x[0]~3                                                       ; N/A                                                                                                                                                            ;
; LEDR[1]              ; pre-synthesis ; connected ; Top                            ; post-synthesis    ; VGA_drvr:inst|o_pixel_x[1]~2                                                       ; N/A                                                                                                                                                            ;
; LEDR[1]              ; pre-synthesis ; connected ; Top                            ; post-synthesis    ; VGA_drvr:inst|o_pixel_x[1]~2                                                       ; N/A                                                                                                                                                            ;
; LEDR[2]              ; pre-synthesis ; connected ; Top                            ; post-synthesis    ; VGA_drvr:inst|o_pixel_x[2]~1                                                       ; N/A                                                                                                                                                            ;
; LEDR[2]              ; pre-synthesis ; connected ; Top                            ; post-synthesis    ; VGA_drvr:inst|o_pixel_x[2]~1                                                       ; N/A                                                                                                                                                            ;
; LEDR[3]              ; pre-synthesis ; connected ; Top                            ; post-synthesis    ; VGA_drvr:inst|o_pixel_x[3]~0                                                       ; N/A                                                                                                                                                            ;
; LEDR[3]              ; pre-synthesis ; connected ; Top                            ; post-synthesis    ; VGA_drvr:inst|o_pixel_x[3]~0                                                       ; N/A                                                                                                                                                            ;
; LEDR[4]              ; pre-synthesis ; connected ; Top                            ; post-synthesis    ; VGA_drvr:inst|Add2~17                                                              ; N/A                                                                                                                                                            ;
; LEDR[4]              ; pre-synthesis ; connected ; Top                            ; post-synthesis    ; VGA_drvr:inst|Add2~17                                                              ; N/A                                                                                                                                                            ;
; LEDR[5]              ; pre-synthesis ; connected ; Top                            ; post-synthesis    ; VGA_drvr:inst|Add2~16                                                              ; N/A                                                                                                                                                            ;
; LEDR[5]              ; pre-synthesis ; connected ; Top                            ; post-synthesis    ; VGA_drvr:inst|Add2~16                                                              ; N/A                                                                                                                                                            ;
; LEDR[6]              ; pre-synthesis ; connected ; Top                            ; post-synthesis    ; VGA_drvr:inst|Add2~15                                                              ; N/A                                                                                                                                                            ;
; LEDR[6]              ; pre-synthesis ; connected ; Top                            ; post-synthesis    ; VGA_drvr:inst|Add2~15                                                              ; N/A                                                                                                                                                            ;
; LEDR[7]              ; pre-synthesis ; connected ; Top                            ; post-synthesis    ; VGA_drvr:inst|Add2~14                                                              ; N/A                                                                                                                                                            ;
; LEDR[7]              ; pre-synthesis ; connected ; Top                            ; post-synthesis    ; VGA_drvr:inst|Add2~14                                                              ; N/A                                                                                                                                                            ;
; LEDR[8]              ; pre-synthesis ; connected ; Top                            ; post-synthesis    ; VGA_drvr:inst|Add2~13                                                              ; N/A                                                                                                                                                            ;
; LEDR[8]              ; pre-synthesis ; connected ; Top                            ; post-synthesis    ; VGA_drvr:inst|Add2~13                                                              ; N/A                                                                                                                                                            ;
; LEDR[9]              ; pre-synthesis ; connected ; Top                            ; post-synthesis    ; VGA_drvr:inst|Add2~12                                                              ; N/A                                                                                                                                                            ;
; LEDR[9]              ; pre-synthesis ; connected ; Top                            ; post-synthesis    ; VGA_drvr:inst|Add2~12                                                              ; N/A                                                                                                                                                            ;
; SW[0]                ; pre-synthesis ; connected ; Top                            ; post-synthesis    ; SW[0]                                                                              ; N/A                                                                                                                                                            ;
; VGA_B[0]             ; pre-synthesis ; connected ; Top                            ; post-synthesis    ; VGA_drvr:inst|o_blue_out[0]~3                                                      ; N/A                                                                                                                                                            ;
; VGA_B[1]             ; pre-synthesis ; connected ; Top                            ; post-synthesis    ; VGA_drvr:inst|o_blue_out[1]~2                                                      ; N/A                                                                                                                                                            ;
; VGA_B[2]             ; pre-synthesis ; connected ; Top                            ; post-synthesis    ; VGA_drvr:inst|o_blue_out[2]~1                                                      ; N/A                                                                                                                                                            ;
; VGA_B[3]             ; pre-synthesis ; connected ; Top                            ; post-synthesis    ; VGA_drvr:inst|o_blue_out[3]~0                                                      ; N/A                                                                                                                                                            ;
; VGA_G[0]             ; pre-synthesis ; connected ; Top                            ; post-synthesis    ; VGA_drvr:inst|o_green_out[0]~3                                                     ; N/A                                                                                                                                                            ;
; VGA_G[1]             ; pre-synthesis ; connected ; Top                            ; post-synthesis    ; VGA_drvr:inst|o_green_out[1]~2                                                     ; N/A                                                                                                                                                            ;
; VGA_G[2]             ; pre-synthesis ; connected ; Top                            ; post-synthesis    ; VGA_drvr:inst|o_green_out[2]~1                                                     ; N/A                                                                                                                                                            ;
; VGA_G[3]             ; pre-synthesis ; connected ; Top                            ; post-synthesis    ; VGA_drvr:inst|o_green_out[3]~0                                                     ; N/A                                                                                                                                                            ;
; VGA_R[0]             ; pre-synthesis ; connected ; Top                            ; post-synthesis    ; VGA_drvr:inst|o_red_out[0]~3                                                       ; N/A                                                                                                                                                            ;
; VGA_R[1]             ; pre-synthesis ; connected ; Top                            ; post-synthesis    ; VGA_drvr:inst|o_red_out[1]~2                                                       ; N/A                                                                                                                                                            ;
; VGA_R[2]             ; pre-synthesis ; connected ; Top                            ; post-synthesis    ; VGA_drvr:inst|o_red_out[2]~1                                                       ; N/A                                                                                                                                                            ;
; VGA_R[3]             ; pre-synthesis ; connected ; Top                            ; post-synthesis    ; VGA_drvr:inst|o_red_out[3]~0                                                       ; N/A                                                                                                                                                            ;
; auto_signaltap_0|gnd ; post-fitting  ; connected ; sld_signaltap:auto_signaltap_0 ; post-synthesis    ; sld_signaltap:auto_signaltap_0|~GND                                                ; N/A                                                                                                                                                            ;
; auto_signaltap_0|gnd ; post-fitting  ; connected ; sld_signaltap:auto_signaltap_0 ; post-synthesis    ; sld_signaltap:auto_signaltap_0|~GND                                                ; N/A                                                                                                                                                            ;
; auto_signaltap_0|gnd ; post-fitting  ; connected ; sld_signaltap:auto_signaltap_0 ; post-synthesis    ; sld_signaltap:auto_signaltap_0|~GND                                                ; N/A                                                                                                                                                            ;
; auto_signaltap_0|gnd ; post-fitting  ; connected ; sld_signaltap:auto_signaltap_0 ; post-synthesis    ; sld_signaltap:auto_signaltap_0|~GND                                                ; N/A                                                                                                                                                            ;
; auto_signaltap_0|gnd ; post-fitting  ; connected ; sld_signaltap:auto_signaltap_0 ; post-synthesis    ; sld_signaltap:auto_signaltap_0|~GND                                                ; N/A                                                                                                                                                            ;
; auto_signaltap_0|gnd ; post-fitting  ; connected ; sld_signaltap:auto_signaltap_0 ; post-synthesis    ; sld_signaltap:auto_signaltap_0|~GND                                                ; N/A                                                                                                                                                            ;
; auto_signaltap_0|gnd ; post-fitting  ; connected ; sld_signaltap:auto_signaltap_0 ; post-synthesis    ; sld_signaltap:auto_signaltap_0|~GND                                                ; N/A                                                                                                                                                            ;
; auto_signaltap_0|gnd ; post-fitting  ; connected ; sld_signaltap:auto_signaltap_0 ; post-synthesis    ; sld_signaltap:auto_signaltap_0|~GND                                                ; N/A                                                                                                                                                            ;
; auto_signaltap_0|gnd ; post-fitting  ; connected ; sld_signaltap:auto_signaltap_0 ; post-synthesis    ; sld_signaltap:auto_signaltap_0|~GND                                                ; N/A                                                                                                                                                            ;
; auto_signaltap_0|gnd ; post-fitting  ; connected ; sld_signaltap:auto_signaltap_0 ; post-synthesis    ; sld_signaltap:auto_signaltap_0|~GND                                                ; N/A                                                                                                                                                            ;
; auto_signaltap_0|gnd ; post-fitting  ; connected ; sld_signaltap:auto_signaltap_0 ; post-synthesis    ; sld_signaltap:auto_signaltap_0|~GND                                                ; N/A                                                                                                                                                            ;
; auto_signaltap_0|gnd ; post-fitting  ; connected ; sld_signaltap:auto_signaltap_0 ; post-synthesis    ; sld_signaltap:auto_signaltap_0|~GND                                                ; N/A                                                                                                                                                            ;
; auto_signaltap_0|gnd ; post-fitting  ; connected ; sld_signaltap:auto_signaltap_0 ; post-synthesis    ; sld_signaltap:auto_signaltap_0|~GND                                                ; N/A                                                                                                                                                            ;
; auto_signaltap_0|gnd ; post-fitting  ; connected ; sld_signaltap:auto_signaltap_0 ; post-synthesis    ; sld_signaltap:auto_signaltap_0|~GND                                                ; N/A                                                                                                                                                            ;
; auto_signaltap_0|gnd ; post-fitting  ; connected ; sld_signaltap:auto_signaltap_0 ; post-synthesis    ; sld_signaltap:auto_signaltap_0|~GND                                                ; N/A                                                                                                                                                            ;
; auto_signaltap_0|gnd ; post-fitting  ; connected ; sld_signaltap:auto_signaltap_0 ; post-synthesis    ; sld_signaltap:auto_signaltap_0|~GND                                                ; N/A                                                                                                                                                            ;
; auto_signaltap_0|gnd ; post-fitting  ; connected ; sld_signaltap:auto_signaltap_0 ; post-synthesis    ; sld_signaltap:auto_signaltap_0|~GND                                                ; N/A                                                                                                                                                            ;
; auto_signaltap_0|gnd ; post-fitting  ; connected ; sld_signaltap:auto_signaltap_0 ; post-synthesis    ; sld_signaltap:auto_signaltap_0|~GND                                                ; N/A                                                                                                                                                            ;
; auto_signaltap_0|vcc ; post-fitting  ; connected ; sld_signaltap:auto_signaltap_0 ; post-synthesis    ; sld_signaltap:auto_signaltap_0|~VCC                                                ; N/A                                                                                                                                                            ;
; auto_signaltap_0|vcc ; post-fitting  ; connected ; sld_signaltap:auto_signaltap_0 ; post-synthesis    ; sld_signaltap:auto_signaltap_0|~VCC                                                ; N/A                                                                                                                                                            ;
; auto_signaltap_0|vcc ; post-fitting  ; connected ; sld_signaltap:auto_signaltap_0 ; post-synthesis    ; sld_signaltap:auto_signaltap_0|~VCC                                                ; N/A                                                                                                                                                            ;
; auto_signaltap_0|vcc ; post-fitting  ; connected ; sld_signaltap:auto_signaltap_0 ; post-synthesis    ; sld_signaltap:auto_signaltap_0|~VCC                                                ; N/A                                                                                                                                                            ;
; auto_signaltap_0|vcc ; post-fitting  ; connected ; sld_signaltap:auto_signaltap_0 ; post-synthesis    ; sld_signaltap:auto_signaltap_0|~VCC                                                ; N/A                                                                                                                                                            ;
; auto_signaltap_0|vcc ; post-fitting  ; connected ; sld_signaltap:auto_signaltap_0 ; post-synthesis    ; sld_signaltap:auto_signaltap_0|~VCC                                                ; N/A                                                                                                                                                            ;
; auto_signaltap_0|vcc ; post-fitting  ; connected ; sld_signaltap:auto_signaltap_0 ; post-synthesis    ; sld_signaltap:auto_signaltap_0|~VCC                                                ; N/A                                                                                                                                                            ;
; auto_signaltap_0|vcc ; post-fitting  ; connected ; sld_signaltap:auto_signaltap_0 ; post-synthesis    ; sld_signaltap:auto_signaltap_0|~VCC                                                ; N/A                                                                                                                                                            ;
; auto_signaltap_0|vcc ; post-fitting  ; connected ; sld_signaltap:auto_signaltap_0 ; post-synthesis    ; sld_signaltap:auto_signaltap_0|~VCC                                                ; N/A                                                                                                                                                            ;
; auto_signaltap_0|vcc ; post-fitting  ; connected ; sld_signaltap:auto_signaltap_0 ; post-synthesis    ; sld_signaltap:auto_signaltap_0|~VCC                                                ; N/A                                                                                                                                                            ;
; auto_signaltap_0|vcc ; post-fitting  ; connected ; sld_signaltap:auto_signaltap_0 ; post-synthesis    ; sld_signaltap:auto_signaltap_0|~VCC                                                ; N/A                                                                                                                                                            ;
; auto_signaltap_0|vcc ; post-fitting  ; connected ; sld_signaltap:auto_signaltap_0 ; post-synthesis    ; sld_signaltap:auto_signaltap_0|~VCC                                                ; N/A                                                                                                                                                            ;
; auto_signaltap_0|vcc ; post-fitting  ; connected ; sld_signaltap:auto_signaltap_0 ; post-synthesis    ; sld_signaltap:auto_signaltap_0|~VCC                                                ; N/A                                                                                                                                                            ;
; auto_signaltap_0|vcc ; post-fitting  ; connected ; sld_signaltap:auto_signaltap_0 ; post-synthesis    ; sld_signaltap:auto_signaltap_0|~VCC                                                ; N/A                                                                                                                                                            ;
+----------------------+---------------+-----------+--------------------------------+-------------------+------------------------------------------------------------------------------------+----------------------------------------------------------------------------------------------------------------------------------------------------------------+


+-------------------------------+
; Analysis & Synthesis Messages ;
+-------------------------------+
Info: *******************************************************************
Info: Running Quartus Prime Analysis & Synthesis
    Info: Version 18.1.0 Build 625 09/12/2018 SJ Lite Edition
    Info: Processing started: Thu Jul 09 09:30:06 2026
Info: Command: quartus_map --read_settings_files=on --write_settings_files=off vga1 -c vga1
Warning (125092): Tcl Script File mult1.qip not found
    Info (125063): set_global_assignment -name QIP_FILE mult1.qip
Warning (18236): Number of processors has not been specified which may cause overloading on shared machines.  Set the global assignment NUM_PARALLEL_PROCESSORS in your QSF to an appropriate value for best performance.
Info (20030): Parallel compilation is enabled and will use 2 of the 2 processors detected
Info (12021): Found 2 design units, including 1 entities, in source file vga_drvr.vhd
    Info (12022): Found design unit 1: VGA_drvr-behavioral File: C:/Users/otavi/OneDrive/Documentos/Reconfiguravel/FPGA_mandelbrot_explorer/src/VGA_drvr.vhd Line: 98
    Info (12023): Found entity 1: VGA_drvr File: C:/Users/otavi/OneDrive/Documentos/Reconfiguravel/FPGA_mandelbrot_explorer/src/VGA_drvr.vhd Line: 52
Info (12021): Found 2 design units, including 1 entities, in source file vga_640x480_test_de10.vhd
    Info (12022): Found design unit 1: vga_640x480_test_de10-hardware File: C:/Users/otavi/OneDrive/Documentos/Reconfiguravel/FPGA_mandelbrot_explorer/src/vga_640x480_test_de10.vhd Line: 38
    Info (12023): Found entity 1: vga_640x480_test_de10 File: C:/Users/otavi/OneDrive/Documentos/Reconfiguravel/FPGA_mandelbrot_explorer/src/vga_640x480_test_de10.vhd Line: 26
Info (12021): Found 2 design units, including 1 entities, in source file vga_1280x1024_test_de10.vhd
    Info (12022): Found design unit 1: vga_1280x1024_test_de10-hardware File: C:/Users/otavi/OneDrive/Documentos/Reconfiguravel/FPGA_mandelbrot_explorer/src/vga_1280x1024_test_de10.vhd Line: 38
    Info (12023): Found entity 1: vga_1280x1024_test_de10 File: C:/Users/otavi/OneDrive/Documentos/Reconfiguravel/FPGA_mandelbrot_explorer/src/vga_1280x1024_test_de10.vhd Line: 26
Info (12021): Found 2 design units, including 1 entities, in source file pll_25mhz.vhd
    Info (12022): Found design unit 1: pll_25mhz-SYN File: C:/Users/otavi/OneDrive/Documentos/Reconfiguravel/FPGA_mandelbrot_explorer/src/pll_25MHz.vhd Line: 53
    Info (12023): Found entity 1: pll_25MHz File: C:/Users/otavi/OneDrive/Documentos/Reconfiguravel/FPGA_mandelbrot_explorer/src/pll_25MHz.vhd Line: 42
Info (12021): Found 2 design units, including 1 entities, in source file rom2.vhd
    Info (12022): Found design unit 1: rom2-SYN File: C:/Users/otavi/OneDrive/Documentos/Reconfiguravel/FPGA_mandelbrot_explorer/src/rom2.vhd Line: 52
    Info (12023): Found entity 1: rom2 File: C:/Users/otavi/OneDrive/Documentos/Reconfiguravel/FPGA_mandelbrot_explorer/src/rom2.vhd Line: 42
Info (12021): Found 2 design units, including 1 entities, in source file enderecamento.vhd
    Info (12022): Found design unit 1: Enderecamento-comportamento File: C:/Users/otavi/OneDrive/Documentos/Reconfiguravel/FPGA_mandelbrot_explorer/src/Enderecamento.vhd Line: 13
    Info (12023): Found entity 1: Enderecamento File: C:/Users/otavi/OneDrive/Documentos/Reconfiguravel/FPGA_mandelbrot_explorer/src/Enderecamento.vhd Line: 5
Info (12021): Found 2 design units, including 1 entities, in source file pllstp.vhd
    Info (12022): Found design unit 1: pllstp-SYN File: C:/Users/otavi/OneDrive/Documentos/Reconfiguravel/FPGA_mandelbrot_explorer/src/pllstp.vhd Line: 53
    Info (12023): Found entity 1: pllstp File: C:/Users/otavi/OneDrive/Documentos/Reconfiguravel/FPGA_mandelbrot_explorer/src/pllstp.vhd Line: 42
Info (12021): Found 1 design units, including 1 entities, in source file vga1.bdf
    Info (12023): Found entity 1: vga1
Info (12021): Found 2 design units, including 1 entities, in source file vga_calc_simulator.vhd
    Info (12022): Found design unit 1: vga_calc_simulator-behavioral File: C:/Users/otavi/OneDrive/Documentos/Reconfiguravel/FPGA_mandelbrot_explorer/src/vga_calc_simulator.vhd Line: 24
    Info (12023): Found entity 1: vga_calc_simulator File: C:/Users/otavi/OneDrive/Documentos/Reconfiguravel/FPGA_mandelbrot_explorer/src/vga_calc_simulator.vhd Line: 5
Info (12021): Found 2 design units, including 1 entities, in source file enderecamento2.vhd
    Info (12022): Found design unit 1: enderecamento2-comportamento File: C:/Users/otavi/OneDrive/Documentos/Reconfiguravel/FPGA_mandelbrot_explorer/src/enderecamento2.vhd Line: 13
    Info (12023): Found entity 1: enderecamento2 File: C:/Users/otavi/OneDrive/Documentos/Reconfiguravel/FPGA_mandelbrot_explorer/src/enderecamento2.vhd Line: 5
Info (12127): Elaborating entity "vga1" for the top level hierarchy
Warning (275012): Pin "VGA_B[3..0]" overlaps another pin, block, or symbol
Warning (275011): Block or symbol "VGA_drvr" of instance "inst" overlaps another block or symbol
Info (12128): Elaborating entity "VGA_drvr" for hierarchy "VGA_drvr:inst"
Info (12128): Elaborating entity "pll_25MHz" for hierarchy "pll_25MHz:inst1"
Info (12128): Elaborating entity "altpll" for hierarchy "pll_25MHz:inst1|altpll:altpll_component" File: C:/Users/otavi/OneDrive/Documentos/Reconfiguravel/FPGA_mandelbrot_explorer/src/pll_25MHz.vhd Line: 140
Info (12130): Elaborated megafunction instantiation "pll_25MHz:inst1|altpll:altpll_component" File: C:/Users/otavi/OneDrive/Documentos/Reconfiguravel/FPGA_mandelbrot_explorer/src/pll_25MHz.vhd Line: 140
Info (12133): Instantiated megafunction "pll_25MHz:inst1|altpll:altpll_component" with the following parameter: File: C:/Users/otavi/OneDrive/Documentos/Reconfiguravel/FPGA_mandelbrot_explorer/src/pll_25MHz.vhd Line: 140
    Info (12134): Parameter "bandwidth_type" = "AUTO"
    Info (12134): Parameter "clk0_divide_by" = "2"
    Info (12134): Parameter "clk0_duty_cycle" = "50"
    Info (12134): Parameter "clk0_multiply_by" = "1"
    Info (12134): Parameter "clk0_phase_shift" = "0"
    Info (12134): Parameter "compensate_clock" = "CLK0"
    Info (12134): Parameter "inclk0_input_frequency" = "20000"
    Info (12134): Parameter "intended_device_family" = "MAX 10"
    Info (12134): Parameter "lpm_hint" = "CBX_MODULE_PREFIX=pll_25MHz"
    Info (12134): Parameter "lpm_type" = "altpll"
    Info (12134): Parameter "operation_mode" = "NORMAL"
    Info (12134): Parameter "pll_type" = "AUTO"
    Info (12134): Parameter "port_activeclock" = "PORT_UNUSED"
    Info (12134): Parameter "port_areset" = "PORT_USED"
    Info (12134): Parameter "port_clkbad0" = "PORT_UNUSED"
    Info (12134): Parameter "port_clkbad1" = "PORT_UNUSED"
    Info (12134): Parameter "port_clkloss" = "PORT_UNUSED"
    Info (12134): Parameter "port_clkswitch" = "PORT_UNUSED"
    Info (12134): Parameter "port_configupdate" = "PORT_UNUSED"
    Info (12134): Parameter "port_fbin" = "PORT_UNUSED"
    Info (12134): Parameter "port_inclk0" = "PORT_USED"
    Info (12134): Parameter "port_inclk1" = "PORT_UNUSED"
    Info (12134): Parameter "port_locked" = "PORT_USED"
    Info (12134): Parameter "port_pfdena" = "PORT_UNUSED"
    Info (12134): Parameter "port_phasecounterselect" = "PORT_UNUSED"
    Info (12134): Parameter "port_phasedone" = "PORT_UNUSED"
    Info (12134): Parameter "port_phasestep" = "PORT_UNUSED"
    Info (12134): Parameter "port_phaseupdown" = "PORT_UNUSED"
    Info (12134): Parameter "port_pllena" = "PORT_UNUSED"
    Info (12134): Parameter "port_scanaclr" = "PORT_UNUSED"
    Info (12134): Parameter "port_scanclk" = "PORT_UNUSED"
    Info (12134): Parameter "port_scanclkena" = "PORT_UNUSED"
    Info (12134): Parameter "port_scandata" = "PORT_UNUSED"
    Info (12134): Parameter "port_scandataout" = "PORT_UNUSED"
    Info (12134): Parameter "port_scandone" = "PORT_UNUSED"
    Info (12134): Parameter "port_scanread" = "PORT_UNUSED"
    Info (12134): Parameter "port_scanwrite" = "PORT_UNUSED"
    Info (12134): Parameter "port_clk0" = "PORT_USED"
    Info (12134): Parameter "port_clk1" = "PORT_UNUSED"
    Info (12134): Parameter "port_clk2" = "PORT_UNUSED"
    Info (12134): Parameter "port_clk3" = "PORT_UNUSED"
    Info (12134): Parameter "port_clk4" = "PORT_UNUSED"
    Info (12134): Parameter "port_clk5" = "PORT_UNUSED"
    Info (12134): Parameter "port_clkena0" = "PORT_UNUSED"
    Info (12134): Parameter "port_clkena1" = "PORT_UNUSED"
    Info (12134): Parameter "port_clkena2" = "PORT_UNUSED"
    Info (12134): Parameter "port_clkena3" = "PORT_UNUSED"
    Info (12134): Parameter "port_clkena4" = "PORT_UNUSED"
    Info (12134): Parameter "port_clkena5" = "PORT_UNUSED"
    Info (12134): Parameter "port_extclk0" = "PORT_UNUSED"
    Info (12134): Parameter "port_extclk1" = "PORT_UNUSED"
    Info (12134): Parameter "port_extclk2" = "PORT_UNUSED"
    Info (12134): Parameter "port_extclk3" = "PORT_UNUSED"
    Info (12134): Parameter "self_reset_on_loss_lock" = "OFF"
    Info (12134): Parameter "width_clock" = "5"
Info (12021): Found 1 design units, including 1 entities, in source file db/pll_25mhz_altpll.v
    Info (12023): Found entity 1: pll_25MHz_altpll File: C:/Users/otavi/OneDrive/Documentos/Reconfiguravel/FPGA_mandelbrot_explorer/src/db/pll_25mhz_altpll.v Line: 30
Info (12128): Elaborating entity "pll_25MHz_altpll" for hierarchy "pll_25MHz:inst1|altpll:altpll_component|pll_25MHz_altpll:auto_generated" File: c:/intelfpga_lite/18.1/quartus/libraries/megafunctions/altpll.tdf Line: 897
Warning (12125): Using design file color_mapper.vhd, which is not specified as a design file for the current project, but contains definitions for 2 design units and 1 entities in project
    Info (12022): Found design unit 1: color_mapper-combinational File: C:/Users/otavi/OneDrive/Documentos/Reconfiguravel/FPGA_mandelbrot_explorer/src/color_mapper.vhd Line: 15
    Info (12023): Found entity 1: color_mapper File: C:/Users/otavi/OneDrive/Documentos/Reconfiguravel/FPGA_mandelbrot_explorer/src/color_mapper.vhd Line: 5
Info (12128): Elaborating entity "color_mapper" for hierarchy "color_mapper:inst3"
Warning (12125): Using design file memory2.vhd, which is not specified as a design file for the current project, but contains definitions for 2 design units and 1 entities in project
    Info (12022): Found design unit 1: memory2-rtl File: C:/Users/otavi/OneDrive/Documentos/Reconfiguravel/FPGA_mandelbrot_explorer/src/memory2.vhd Line: 16
    Info (12023): Found entity 1: memory2 File: C:/Users/otavi/OneDrive/Documentos/Reconfiguravel/FPGA_mandelbrot_explorer/src/memory2.vhd Line: 5
Info (12128): Elaborating entity "memory2" for hierarchy "memory2:inst11"
Info (12128): Elaborating entity "vga_calc_simulator" for hierarchy "vga_calc_simulator:inst12"
Warning (12125): Using design file mandelbrot_pixel_core.vhd, which is not specified as a design file for the current project, but contains definitions for 2 design units and 1 entities in project
    Info (12022): Found design unit 1: mandelbrot_pixel_core-mandelbrot_pixel_core File: C:/Users/otavi/OneDrive/Documentos/Reconfiguravel/FPGA_mandelbrot_explorer/src/mandelbrot_pixel_core.vhd Line: 66
    Info (12023): Found entity 1: mandelbrot_pixel_core File: C:/Users/otavi/OneDrive/Documentos/Reconfiguravel/FPGA_mandelbrot_explorer/src/mandelbrot_pixel_core.vhd Line: 51
Info (12128): Elaborating entity "mandelbrot_pixel_core" for hierarchy "mandelbrot_pixel_core:inst6"
Warning (12125): Using design file coordinate_generator.vhd, which is not specified as a design file for the current project, but contains definitions for 2 design units and 1 entities in project
    Info (12022): Found design unit 1: coordinate_generator-behavioral File: C:/Users/otavi/OneDrive/Documentos/Reconfiguravel/FPGA_mandelbrot_explorer/src/coordinate_generator.vhd Line: 22
    Info (12023): Found entity 1: coordinate_generator File: C:/Users/otavi/OneDrive/Documentos/Reconfiguravel/FPGA_mandelbrot_explorer/src/coordinate_generator.vhd Line: 6
Info (12128): Elaborating entity "coordinate_generator" for hierarchy "coordinate_generator:inst7"
Warning (12125): Using design file control_unit.vhd, which is not specified as a design file for the current project, but contains definitions for 2 design units and 1 entities in project
    Info (12022): Found design unit 1: control_unit-control_unit File: C:/Users/otavi/OneDrive/Documentos/Reconfiguravel/FPGA_mandelbrot_explorer/src/control_unit.vhd Line: 20
    Info (12023): Found entity 1: control_unit File: C:/Users/otavi/OneDrive/Documentos/Reconfiguravel/FPGA_mandelbrot_explorer/src/control_unit.vhd Line: 6
Info (12128): Elaborating entity "control_unit" for hierarchy "control_unit:inst15"
Warning (10631): VHDL Process Statement warning at control_unit.vhd(33): inferring latch(es) for signal or variable "x_pos", which holds its previous value in one or more paths through the process File: C:/Users/otavi/OneDrive/Documentos/Reconfiguravel/FPGA_mandelbrot_explorer/src/control_unit.vhd Line: 33
Warning (10631): VHDL Process Statement warning at control_unit.vhd(33): inferring latch(es) for signal or variable "y_pos", which holds its previous value in one or more paths through the process File: C:/Users/otavi/OneDrive/Documentos/Reconfiguravel/FPGA_mandelbrot_explorer/src/control_unit.vhd Line: 33
Info (10041): Inferred latch for "y_pos[0]" at control_unit.vhd(33) File: C:/Users/otavi/OneDrive/Documentos/Reconfiguravel/FPGA_mandelbrot_explorer/src/control_unit.vhd Line: 33
Info (10041): Inferred latch for "y_pos[1]" at control_unit.vhd(33) File: C:/Users/otavi/OneDrive/Documentos/Reconfiguravel/FPGA_mandelbrot_explorer/src/control_unit.vhd Line: 33
Info (10041): Inferred latch for "y_pos[2]" at control_unit.vhd(33) File: C:/Users/otavi/OneDrive/Documentos/Reconfiguravel/FPGA_mandelbrot_explorer/src/control_unit.vhd Line: 33
Info (10041): Inferred latch for "y_pos[3]" at control_unit.vhd(33) File: C:/Users/otavi/OneDrive/Documentos/Reconfiguravel/FPGA_mandelbrot_explorer/src/control_unit.vhd Line: 33
Info (10041): Inferred latch for "y_pos[4]" at control_unit.vhd(33) File: C:/Users/otavi/OneDrive/Documentos/Reconfiguravel/FPGA_mandelbrot_explorer/src/control_unit.vhd Line: 33
Info (10041): Inferred latch for "y_pos[5]" at control_unit.vhd(33) File: C:/Users/otavi/OneDrive/Documentos/Reconfiguravel/FPGA_mandelbrot_explorer/src/control_unit.vhd Line: 33
Info (10041): Inferred latch for "y_pos[6]" at control_unit.vhd(33) File: C:/Users/otavi/OneDrive/Documentos/Reconfiguravel/FPGA_mandelbrot_explorer/src/control_unit.vhd Line: 33
Info (10041): Inferred latch for "y_pos[7]" at control_unit.vhd(33) File: C:/Users/otavi/OneDrive/Documentos/Reconfiguravel/FPGA_mandelbrot_explorer/src/control_unit.vhd Line: 33
Info (10041): Inferred latch for "y_pos[8]" at control_unit.vhd(33) File: C:/Users/otavi/OneDrive/Documentos/Reconfiguravel/FPGA_mandelbrot_explorer/src/control_unit.vhd Line: 33
Info (10041): Inferred latch for "y_pos[9]" at control_unit.vhd(33) File: C:/Users/otavi/OneDrive/Documentos/Reconfiguravel/FPGA_mandelbrot_explorer/src/control_unit.vhd Line: 33
Info (10041): Inferred latch for "y_pos[10]" at control_unit.vhd(33) File: C:/Users/otavi/OneDrive/Documentos/Reconfiguravel/FPGA_mandelbrot_explorer/src/control_unit.vhd Line: 33
Info (10041): Inferred latch for "y_pos[11]" at control_unit.vhd(33) File: C:/Users/otavi/OneDrive/Documentos/Reconfiguravel/FPGA_mandelbrot_explorer/src/control_unit.vhd Line: 33
Info (10041): Inferred latch for "x_pos[0]" at control_unit.vhd(33) File: C:/Users/otavi/OneDrive/Documentos/Reconfiguravel/FPGA_mandelbrot_explorer/src/control_unit.vhd Line: 33
Info (10041): Inferred latch for "x_pos[1]" at control_unit.vhd(33) File: C:/Users/otavi/OneDrive/Documentos/Reconfiguravel/FPGA_mandelbrot_explorer/src/control_unit.vhd Line: 33
Info (10041): Inferred latch for "x_pos[2]" at control_unit.vhd(33) File: C:/Users/otavi/OneDrive/Documentos/Reconfiguravel/FPGA_mandelbrot_explorer/src/control_unit.vhd Line: 33
Info (10041): Inferred latch for "x_pos[3]" at control_unit.vhd(33) File: C:/Users/otavi/OneDrive/Documentos/Reconfiguravel/FPGA_mandelbrot_explorer/src/control_unit.vhd Line: 33
Info (10041): Inferred latch for "x_pos[4]" at control_unit.vhd(33) File: C:/Users/otavi/OneDrive/Documentos/Reconfiguravel/FPGA_mandelbrot_explorer/src/control_unit.vhd Line: 33
Info (10041): Inferred latch for "x_pos[5]" at control_unit.vhd(33) File: C:/Users/otavi/OneDrive/Documentos/Reconfiguravel/FPGA_mandelbrot_explorer/src/control_unit.vhd Line: 33
Info (10041): Inferred latch for "x_pos[6]" at control_unit.vhd(33) File: C:/Users/otavi/OneDrive/Documentos/Reconfiguravel/FPGA_mandelbrot_explorer/src/control_unit.vhd Line: 33
Info (10041): Inferred latch for "x_pos[7]" at control_unit.vhd(33) File: C:/Users/otavi/OneDrive/Documentos/Reconfiguravel/FPGA_mandelbrot_explorer/src/control_unit.vhd Line: 33
Info (10041): Inferred latch for "x_pos[8]" at control_unit.vhd(33) File: C:/Users/otavi/OneDrive/Documentos/Reconfiguravel/FPGA_mandelbrot_explorer/src/control_unit.vhd Line: 33
Info (10041): Inferred latch for "x_pos[9]" at control_unit.vhd(33) File: C:/Users/otavi/OneDrive/Documentos/Reconfiguravel/FPGA_mandelbrot_explorer/src/control_unit.vhd Line: 33
Info (10041): Inferred latch for "x_pos[10]" at control_unit.vhd(33) File: C:/Users/otavi/OneDrive/Documentos/Reconfiguravel/FPGA_mandelbrot_explorer/src/control_unit.vhd Line: 33
Info (10041): Inferred latch for "x_pos[11]" at control_unit.vhd(33) File: C:/Users/otavi/OneDrive/Documentos/Reconfiguravel/FPGA_mandelbrot_explorer/src/control_unit.vhd Line: 33
Info (12128): Elaborating entity "Enderecamento" for hierarchy "Enderecamento:inst9"
Info (12128): Elaborating entity "pllstp" for hierarchy "pllstp:inst2"
Info (12128): Elaborating entity "altpll" for hierarchy "pllstp:inst2|altpll:altpll_component" File: C:/Users/otavi/OneDrive/Documentos/Reconfiguravel/FPGA_mandelbrot_explorer/src/pllstp.vhd Line: 140
Info (12130): Elaborated megafunction instantiation "pllstp:inst2|altpll:altpll_component" File: C:/Users/otavi/OneDrive/Documentos/Reconfiguravel/FPGA_mandelbrot_explorer/src/pllstp.vhd Line: 140
Info (12133): Instantiated megafunction "pllstp:inst2|altpll:altpll_component" with the following parameter: File: C:/Users/otavi/OneDrive/Documentos/Reconfiguravel/FPGA_mandelbrot_explorer/src/pllstp.vhd Line: 140
    Info (12134): Parameter "bandwidth_type" = "AUTO"
    Info (12134): Parameter "clk0_divide_by" = "1"
    Info (12134): Parameter "clk0_duty_cycle" = "50"
    Info (12134): Parameter "clk0_multiply_by" = "2"
    Info (12134): Parameter "clk0_phase_shift" = "0"
    Info (12134): Parameter "compensate_clock" = "CLK0"
    Info (12134): Parameter "inclk0_input_frequency" = "20000"
    Info (12134): Parameter "intended_device_family" = "MAX 10"
    Info (12134): Parameter "lpm_hint" = "CBX_MODULE_PREFIX=pllstp"
    Info (12134): Parameter "lpm_type" = "altpll"
    Info (12134): Parameter "operation_mode" = "NORMAL"
    Info (12134): Parameter "pll_type" = "AUTO"
    Info (12134): Parameter "port_activeclock" = "PORT_UNUSED"
    Info (12134): Parameter "port_areset" = "PORT_USED"
    Info (12134): Parameter "port_clkbad0" = "PORT_UNUSED"
    Info (12134): Parameter "port_clkbad1" = "PORT_UNUSED"
    Info (12134): Parameter "port_clkloss" = "PORT_UNUSED"
    Info (12134): Parameter "port_clkswitch" = "PORT_UNUSED"
    Info (12134): Parameter "port_configupdate" = "PORT_UNUSED"
    Info (12134): Parameter "port_fbin" = "PORT_UNUSED"
    Info (12134): Parameter "port_inclk0" = "PORT_USED"
    Info (12134): Parameter "port_inclk1" = "PORT_UNUSED"
    Info (12134): Parameter "port_locked" = "PORT_USED"
    Info (12134): Parameter "port_pfdena" = "PORT_UNUSED"
    Info (12134): Parameter "port_phasecounterselect" = "PORT_UNUSED"
    Info (12134): Parameter "port_phasedone" = "PORT_UNUSED"
    Info (12134): Parameter "port_phasestep" = "PORT_UNUSED"
    Info (12134): Parameter "port_phaseupdown" = "PORT_UNUSED"
    Info (12134): Parameter "port_pllena" = "PORT_UNUSED"
    Info (12134): Parameter "port_scanaclr" = "PORT_UNUSED"
    Info (12134): Parameter "port_scanclk" = "PORT_UNUSED"
    Info (12134): Parameter "port_scanclkena" = "PORT_UNUSED"
    Info (12134): Parameter "port_scandata" = "PORT_UNUSED"
    Info (12134): Parameter "port_scandataout" = "PORT_UNUSED"
    Info (12134): Parameter "port_scandone" = "PORT_UNUSED"
    Info (12134): Parameter "port_scanread" = "PORT_UNUSED"
    Info (12134): Parameter "port_scanwrite" = "PORT_UNUSED"
    Info (12134): Parameter "port_clk0" = "PORT_USED"
    Info (12134): Parameter "port_clk1" = "PORT_UNUSED"
    Info (12134): Parameter "port_clk2" = "PORT_UNUSED"
    Info (12134): Parameter "port_clk3" = "PORT_UNUSED"
    Info (12134): Parameter "port_clk4" = "PORT_UNUSED"
    Info (12134): Parameter "port_clk5" = "PORT_UNUSED"
    Info (12134): Parameter "port_clkena0" = "PORT_UNUSED"
    Info (12134): Parameter "port_clkena1" = "PORT_UNUSED"
    Info (12134): Parameter "port_clkena2" = "PORT_UNUSED"
    Info (12134): Parameter "port_clkena3" = "PORT_UNUSED"
    Info (12134): Parameter "port_clkena4" = "PORT_UNUSED"
    Info (12134): Parameter "port_clkena5" = "PORT_UNUSED"
    Info (12134): Parameter "port_extclk0" = "PORT_UNUSED"
    Info (12134): Parameter "port_extclk1" = "PORT_UNUSED"
    Info (12134): Parameter "port_extclk2" = "PORT_UNUSED"
    Info (12134): Parameter "port_extclk3" = "PORT_UNUSED"
    Info (12134): Parameter "self_reset_on_loss_lock" = "OFF"
    Info (12134): Parameter "width_clock" = "5"
Info (12021): Found 1 design units, including 1 entities, in source file db/pllstp_altpll.v
    Info (12023): Found entity 1: pllstp_altpll File: C:/Users/otavi/OneDrive/Documentos/Reconfiguravel/FPGA_mandelbrot_explorer/src/db/pllstp_altpll.v Line: 30
Info (12128): Elaborating entity "pllstp_altpll" for hierarchy "pllstp:inst2|altpll:altpll_component|pllstp_altpll:auto_generated" File: c:/intelfpga_lite/18.1/quartus/libraries/megafunctions/altpll.tdf Line: 897
Info (12128): Elaborating entity "rom2" for hierarchy "rom2:inst4"
Info (12128): Elaborating entity "altsyncram" for hierarchy "rom2:inst4|altsyncram:altsyncram_component" File: C:/Users/otavi/OneDrive/Documentos/Reconfiguravel/FPGA_mandelbrot_explorer/src/rom2.vhd Line: 59
Info (12130): Elaborated megafunction instantiation "rom2:inst4|altsyncram:altsyncram_component" File: C:/Users/otavi/OneDrive/Documentos/Reconfiguravel/FPGA_mandelbrot_explorer/src/rom2.vhd Line: 59
Info (12133): Instantiated megafunction "rom2:inst4|altsyncram:altsyncram_component" with the following parameter: File: C:/Users/otavi/OneDrive/Documentos/Reconfiguravel/FPGA_mandelbrot_explorer/src/rom2.vhd Line: 59
    Info (12134): Parameter "address_aclr_a" = "NONE"
    Info (12134): Parameter "address_aclr_b" = "NONE"
    Info (12134): Parameter "address_reg_b" = "CLOCK1"
    Info (12134): Parameter "byte_size" = "8"
    Info (12134): Parameter "byteena_aclr_a" = "UNUSED"
    Info (12134): Parameter "byteena_aclr_b" = "NONE"
    Info (12134): Parameter "byteena_reg_b" = "CLOCK1"
    Info (12134): Parameter "clock_enable_core_a" = "USE_INPUT_CLKEN"
    Info (12134): Parameter "clock_enable_core_b" = "USE_INPUT_CLKEN"
    Info (12134): Parameter "clock_enable_input_a" = "BYPASS"
    Info (12134): Parameter "clock_enable_input_b" = "NORMAL"
    Info (12134): Parameter "clock_enable_output_a" = "BYPASS"
    Info (12134): Parameter "clock_enable_output_b" = "NORMAL"
    Info (12134): Parameter "intended_device_family" = "MAX 10"
    Info (12134): Parameter "ecc_pipeline_stage_enabled" = "FALSE"
    Info (12134): Parameter "enable_ecc" = "FALSE"
    Info (12134): Parameter "implement_in_les" = "OFF"
    Info (12134): Parameter "indata_aclr_a" = "UNUSED"
    Info (12134): Parameter "indata_aclr_b" = "NONE"
    Info (12134): Parameter "indata_reg_b" = "CLOCK1"
    Info (12134): Parameter "init_file" = "../peixe.mif"
    Info (12134): Parameter "init_file_layout" = "PORT_A"
    Info (12134): Parameter "maximum_depth" = "0"
    Info (12134): Parameter "numwords_a" = "76800"
    Info (12134): Parameter "numwords_b" = "0"
    Info (12134): Parameter "operation_mode" = "ROM"
    Info (12134): Parameter "outdata_aclr_a" = "NONE"
    Info (12134): Parameter "outdata_aclr_b" = "NONE"
    Info (12134): Parameter "outdata_reg_a" = "CLOCK0"
    Info (12134): Parameter "outdata_reg_b" = "UNREGISTERED"
    Info (12134): Parameter "power_up_uninitialized" = "FALSE"
    Info (12134): Parameter "ram_block_type" = "AUTO"
    Info (12134): Parameter "rdcontrol_aclr_b" = "NONE"
    Info (12134): Parameter "rdcontrol_reg_b" = "CLOCK1"
    Info (12134): Parameter "read_during_write_mode_mixed_ports" = "DONT_CARE"
    Info (12134): Parameter "read_during_write_mode_port_a" = "NEW_DATA_NO_NBE_READ"
    Info (12134): Parameter "read_during_write_mode_port_b" = "NEW_DATA_NO_NBE_READ"
    Info (12134): Parameter "stratixiv_m144k_allow_dual_clocks" = "ON"
    Info (12134): Parameter "width_a" = "12"
    Info (12134): Parameter "width_b" = "1"
    Info (12134): Parameter "width_byteena_a" = "1"
    Info (12134): Parameter "width_byteena_b" = "1"
    Info (12134): Parameter "width_eccstatus" = "3"
    Info (12134): Parameter "widthad_a" = "17"
    Info (12134): Parameter "widthad_b" = "1"
    Info (12134): Parameter "wrcontrol_aclr_a" = "UNUSED"
    Info (12134): Parameter "wrcontrol_aclr_b" = "NONE"
    Info (12134): Parameter "wrcontrol_wraddress_reg_b" = "CLOCK1"
    Info (12134): Parameter "lpm_hint" = "ENABLE_RUNTIME_MOD=NO"
    Info (12134): Parameter "lpm_type" = "altsyncram"
Info (12021): Found 1 design units, including 1 entities, in source file db/altsyncram_ioq3.tdf
    Info (12023): Found entity 1: altsyncram_ioq3 File: C:/Users/otavi/OneDrive/Documentos/Reconfiguravel/FPGA_mandelbrot_explorer/src/db/altsyncram_ioq3.tdf Line: 31
Info (12128): Elaborating entity "altsyncram_ioq3" for hierarchy "rom2:inst4|altsyncram:altsyncram_component|altsyncram_ioq3:auto_generated" File: c:/intelfpga_lite/18.1/quartus/libraries/megafunctions/altsyncram.tdf Line: 791
Info (12021): Found 1 design units, including 1 entities, in source file db/decode_kk9.tdf
    Info (12023): Found entity 1: decode_kk9 File: C:/Users/otavi/OneDrive/Documentos/Reconfiguravel/FPGA_mandelbrot_explorer/src/db/decode_kk9.tdf Line: 22
Info (12128): Elaborating entity "decode_kk9" for hierarchy "rom2:inst4|altsyncram:altsyncram_component|altsyncram_ioq3:auto_generated|decode_kk9:rden_decode" File: C:/Users/otavi/OneDrive/Documentos/Reconfiguravel/FPGA_mandelbrot_explorer/src/db/altsyncram_ioq3.tdf Line: 40
Info (12021): Found 1 design units, including 1 entities, in source file db/mux_m4b.tdf
    Info (12023): Found entity 1: mux_m4b File: C:/Users/otavi/OneDrive/Documentos/Reconfiguravel/FPGA_mandelbrot_explorer/src/db/mux_m4b.tdf Line: 22
Info (12128): Elaborating entity "mux_m4b" for hierarchy "rom2:inst4|altsyncram:altsyncram_component|altsyncram_ioq3:auto_generated|mux_m4b:mux2" File: C:/Users/otavi/OneDrive/Documentos/Reconfiguravel/FPGA_mandelbrot_explorer/src/db/altsyncram_ioq3.tdf Line: 41
Info (12021): Found 1 design units, including 1 entities, in source file db/altsyncram_em14.tdf
    Info (12023): Found entity 1: altsyncram_em14 File: C:/Users/otavi/OneDrive/Documentos/Reconfiguravel/FPGA_mandelbrot_explorer/src/db/altsyncram_em14.tdf Line: 27
Info (12021): Found 1 design units, including 1 entities, in source file db/mux_j7c.tdf
    Info (12023): Found entity 1: mux_j7c File: C:/Users/otavi/OneDrive/Documentos/Reconfiguravel/FPGA_mandelbrot_explorer/src/db/mux_j7c.tdf Line: 22
Info (12021): Found 1 design units, including 1 entities, in source file db/decode_3af.tdf
    Info (12023): Found entity 1: decode_3af File: C:/Users/otavi/OneDrive/Documentos/Reconfiguravel/FPGA_mandelbrot_explorer/src/db/decode_3af.tdf Line: 22
Info (12021): Found 1 design units, including 1 entities, in source file db/cntr_drh.tdf
    Info (12023): Found entity 1: cntr_drh File: C:/Users/otavi/OneDrive/Documentos/Reconfiguravel/FPGA_mandelbrot_explorer/src/db/cntr_drh.tdf Line: 27
Info (12021): Found 1 design units, including 1 entities, in source file db/cmpr_irb.tdf
    Info (12023): Found entity 1: cmpr_irb File: C:/Users/otavi/OneDrive/Documentos/Reconfiguravel/FPGA_mandelbrot_explorer/src/db/cmpr_irb.tdf Line: 22
Info (12021): Found 1 design units, including 1 entities, in source file db/cntr_cki.tdf
    Info (12023): Found entity 1: cntr_cki File: C:/Users/otavi/OneDrive/Documentos/Reconfiguravel/FPGA_mandelbrot_explorer/src/db/cntr_cki.tdf Line: 25
Info (12021): Found 1 design units, including 1 entities, in source file db/cntr_6rh.tdf
    Info (12023): Found entity 1: cntr_6rh File: C:/Users/otavi/OneDrive/Documentos/Reconfiguravel/FPGA_mandelbrot_explorer/src/db/cntr_6rh.tdf Line: 27
Info (12021): Found 1 design units, including 1 entities, in source file db/cmpr_hrb.tdf
    Info (12023): Found entity 1: cmpr_hrb File: C:/Users/otavi/OneDrive/Documentos/Reconfiguravel/FPGA_mandelbrot_explorer/src/db/cmpr_hrb.tdf Line: 22
Info (12021): Found 1 design units, including 1 entities, in source file db/cntr_odi.tdf
    Info (12023): Found entity 1: cntr_odi File: C:/Users/otavi/OneDrive/Documentos/Reconfiguravel/FPGA_mandelbrot_explorer/src/db/cntr_odi.tdf Line: 27
Info (12021): Found 1 design units, including 1 entities, in source file db/cmpr_drb.tdf
    Info (12023): Found entity 1: cmpr_drb File: C:/Users/otavi/OneDrive/Documentos/Reconfiguravel/FPGA_mandelbrot_explorer/src/db/cmpr_drb.tdf Line: 22
Info (12033): Analysis and Synthesis generated Signal Tap or debug node instance "auto_signaltap_0"
Info (11170): Starting IP generation for the debug fabric: alt_sld_fab.
Info (11172): 2026.07.09.09:31:14 Progress: Loading sld725af3b4/alt_sld_fab_wrapper_hw.tcl
Info (11172): Alt_sld_fab.alt_sld_fab: SLD fabric agents which did not specify prefer_host were connected to JTAG
Info (11172): Alt_sld_fab: Generating alt_sld_fab "alt_sld_fab" for QUARTUS_SYNTH
Info (11172): Alt_sld_fab: "alt_sld_fab" instantiated alt_sld_fab "alt_sld_fab"
Info (11172): Presplit: "alt_sld_fab" instantiated altera_super_splitter "presplit"
Info (11172): Splitter: "alt_sld_fab" instantiated altera_sld_splitter "splitter"
Info (11172): Sldfabric: "alt_sld_fab" instantiated altera_sld_jtag_hub "sldfabric"
Info (11172): Ident: "alt_sld_fab" instantiated altera_connection_identification_hub "ident"
Info (11172): Alt_sld_fab: Done "alt_sld_fab" with 6 modules, 6 files
Info (11171): Finished IP generation for the debug fabric: alt_sld_fab.
Info (12021): Found 1 design units, including 1 entities, in source file db/ip/sld725af3b4/alt_sld_fab.v
    Info (12023): Found entity 1: alt_sld_fab File: C:/Users/otavi/OneDrive/Documentos/Reconfiguravel/FPGA_mandelbrot_explorer/src/db/ip/sld725af3b4/alt_sld_fab.v Line: 9
Info (12021): Found 1 design units, including 1 entities, in source file db/ip/sld725af3b4/submodules/alt_sld_fab_alt_sld_fab.v
    Info (12023): Found entity 1: alt_sld_fab_alt_sld_fab File: C:/Users/otavi/OneDrive/Documentos/Reconfiguravel/FPGA_mandelbrot_explorer/src/db/ip/sld725af3b4/submodules/alt_sld_fab_alt_sld_fab.v Line: 9
Info (12021): Found 1 design units, including 1 entities, in source file db/ip/sld725af3b4/submodules/alt_sld_fab_alt_sld_fab_ident.sv
    Info (12023): Found entity 1: alt_sld_fab_alt_sld_fab_ident File: C:/Users/otavi/OneDrive/Documentos/Reconfiguravel/FPGA_mandelbrot_explorer/src/db/ip/sld725af3b4/submodules/alt_sld_fab_alt_sld_fab_ident.sv Line: 33
Info (12021): Found 1 design units, including 1 entities, in source file db/ip/sld725af3b4/submodules/alt_sld_fab_alt_sld_fab_presplit.sv
    Info (12023): Found entity 1: alt_sld_fab_alt_sld_fab_presplit File: C:/Users/otavi/OneDrive/Documentos/Reconfiguravel/FPGA_mandelbrot_explorer/src/db/ip/sld725af3b4/submodules/alt_sld_fab_alt_sld_fab_presplit.sv Line: 3
Info (12021): Found 2 design units, including 1 entities, in source file db/ip/sld725af3b4/submodules/alt_sld_fab_alt_sld_fab_sldfabric.vhd
    Info (12022): Found design unit 1: alt_sld_fab_alt_sld_fab_sldfabric-rtl File: C:/Users/otavi/OneDrive/Documentos/Reconfiguravel/FPGA_mandelbrot_explorer/src/db/ip/sld725af3b4/submodules/alt_sld_fab_alt_sld_fab_sldfabric.vhd Line: 102
    Info (12023): Found entity 1: alt_sld_fab_alt_sld_fab_sldfabric File: C:/Users/otavi/OneDrive/Documentos/Reconfiguravel/FPGA_mandelbrot_explorer/src/db/ip/sld725af3b4/submodules/alt_sld_fab_alt_sld_fab_sldfabric.vhd Line: 11
Info (12021): Found 1 design units, including 1 entities, in source file db/ip/sld725af3b4/submodules/alt_sld_fab_alt_sld_fab_splitter.sv
    Info (12023): Found entity 1: alt_sld_fab_alt_sld_fab_splitter File: C:/Users/otavi/OneDrive/Documentos/Reconfiguravel/FPGA_mandelbrot_explorer/src/db/ip/sld725af3b4/submodules/alt_sld_fab_alt_sld_fab_splitter.sv Line: 3
Warning (14284): Synthesized away the following node(s):
    Warning (14285): Synthesized away the following RAM node(s):
        Warning (14320): Synthesized away node "rom2:inst4|altsyncram:altsyncram_component|altsyncram_ioq3:auto_generated|ram_block1a0" File: C:/Users/otavi/OneDrive/Documentos/Reconfiguravel/FPGA_mandelbrot_explorer/src/db/altsyncram_ioq3.tdf Line: 42
        Warning (14320): Synthesized away node "rom2:inst4|altsyncram:altsyncram_component|altsyncram_ioq3:auto_generated|ram_block1a1" File: C:/Users/otavi/OneDrive/Documentos/Reconfiguravel/FPGA_mandelbrot_explorer/src/db/altsyncram_ioq3.tdf Line: 65
        Warning (14320): Synthesized away node "rom2:inst4|altsyncram:altsyncram_component|altsyncram_ioq3:auto_generated|ram_block1a2" File: C:/Users/otavi/OneDrive/Documentos/Reconfiguravel/FPGA_mandelbrot_explorer/src/db/altsyncram_ioq3.tdf Line: 88
        Warning (14320): Synthesized away node "rom2:inst4|altsyncram:altsyncram_component|altsyncram_ioq3:auto_generated|ram_block1a3" File: C:/Users/otavi/OneDrive/Documentos/Reconfiguravel/FPGA_mandelbrot_explorer/src/db/altsyncram_ioq3.tdf Line: 111
        Warning (14320): Synthesized away node "rom2:inst4|altsyncram:altsyncram_component|altsyncram_ioq3:auto_generated|ram_block1a4" File: C:/Users/otavi/OneDrive/Documentos/Reconfiguravel/FPGA_mandelbrot_explorer/src/db/altsyncram_ioq3.tdf Line: 134
        Warning (14320): Synthesized away node "rom2:inst4|altsyncram:altsyncram_component|altsyncram_ioq3:auto_generated|ram_block1a5" File: C:/Users/otavi/OneDrive/Documentos/Reconfiguravel/FPGA_mandelbrot_explorer/src/db/altsyncram_ioq3.tdf Line: 157
        Warning (14320): Synthesized away node "rom2:inst4|altsyncram:altsyncram_component|altsyncram_ioq3:auto_generated|ram_block1a6" File: C:/Users/otavi/OneDrive/Documentos/Reconfiguravel/FPGA_mandelbrot_explorer/src/db/altsyncram_ioq3.tdf Line: 180
        Warning (14320): Synthesized away node "rom2:inst4|altsyncram:altsyncram_component|altsyncram_ioq3:auto_generated|ram_block1a7" File: C:/Users/otavi/OneDrive/Documentos/Reconfiguravel/FPGA_mandelbrot_explorer/src/db/altsyncram_ioq3.tdf Line: 203
        Warning (14320): Synthesized away node "rom2:inst4|altsyncram:altsyncram_component|altsyncram_ioq3:auto_generated|ram_block1a8" File: C:/Users/otavi/OneDrive/Documentos/Reconfiguravel/FPGA_mandelbrot_explorer/src/db/altsyncram_ioq3.tdf Line: 226
        Warning (14320): Synthesized away node "rom2:inst4|altsyncram:altsyncram_component|altsyncram_ioq3:auto_generated|ram_block1a9" File: C:/Users/otavi/OneDrive/Documentos/Reconfiguravel/FPGA_mandelbrot_explorer/src/db/altsyncram_ioq3.tdf Line: 249
        Warning (14320): Synthesized away node "rom2:inst4|altsyncram:altsyncram_component|altsyncram_ioq3:auto_generated|ram_block1a10" File: C:/Users/otavi/OneDrive/Documentos/Reconfiguravel/FPGA_mandelbrot_explorer/src/db/altsyncram_ioq3.tdf Line: 272
        Warning (14320): Synthesized away node "rom2:inst4|altsyncram:altsyncram_component|altsyncram_ioq3:auto_generated|ram_block1a11" File: C:/Users/otavi/OneDrive/Documentos/Reconfiguravel/FPGA_mandelbrot_explorer/src/db/altsyncram_ioq3.tdf Line: 295
        Warning (14320): Synthesized away node "rom2:inst4|altsyncram:altsyncram_component|altsyncram_ioq3:auto_generated|ram_block1a12" File: C:/Users/otavi/OneDrive/Documentos/Reconfiguravel/FPGA_mandelbrot_explorer/src/db/altsyncram_ioq3.tdf Line: 318
        Warning (14320): Synthesized away node "rom2:inst4|altsyncram:altsyncram_component|altsyncram_ioq3:auto_generated|ram_block1a13" File: C:/Users/otavi/OneDrive/Documentos/Reconfiguravel/FPGA_mandelbrot_explorer/src/db/altsyncram_ioq3.tdf Line: 341
        Warning (14320): Synthesized away node "rom2:inst4|altsyncram:altsyncram_component|altsyncram_ioq3:auto_generated|ram_block1a14" File: C:/Users/otavi/OneDrive/Documentos/Reconfiguravel/FPGA_mandelbrot_explorer/src/db/altsyncram_ioq3.tdf Line: 364
        Warning (14320): Synthesized away node "rom2:inst4|altsyncram:altsyncram_component|altsyncram_ioq3:auto_generated|ram_block1a15" File: C:/Users/otavi/OneDrive/Documentos/Reconfiguravel/FPGA_mandelbrot_explorer/src/db/altsyncram_ioq3.tdf Line: 387
        Warning (14320): Synthesized away node "rom2:inst4|altsyncram:altsyncram_component|altsyncram_ioq3:auto_generated|ram_block1a16" File: C:/Users/otavi/OneDrive/Documentos/Reconfiguravel/FPGA_mandelbrot_explorer/src/db/altsyncram_ioq3.tdf Line: 410
        Warning (14320): Synthesized away node "rom2:inst4|altsyncram:altsyncram_component|altsyncram_ioq3:auto_generated|ram_block1a17" File: C:/Users/otavi/OneDrive/Documentos/Reconfiguravel/FPGA_mandelbrot_explorer/src/db/altsyncram_ioq3.tdf Line: 433
        Warning (14320): Synthesized away node "rom2:inst4|altsyncram:altsyncram_component|altsyncram_ioq3:auto_generated|ram_block1a18" File: C:/Users/otavi/OneDrive/Documentos/Reconfiguravel/FPGA_mandelbrot_explorer/src/db/altsyncram_ioq3.tdf Line: 456
        Warning (14320): Synthesized away node "rom2:inst4|altsyncram:altsyncram_component|altsyncram_ioq3:auto_generated|ram_block1a19" File: C:/Users/otavi/OneDrive/Documentos/Reconfiguravel/FPGA_mandelbrot_explorer/src/db/altsyncram_ioq3.tdf Line: 479
        Warning (14320): Synthesized away node "rom2:inst4|altsyncram:altsyncram_component|altsyncram_ioq3:auto_generated|ram_block1a20" File: C:/Users/otavi/OneDrive/Documentos/Reconfiguravel/FPGA_mandelbrot_explorer/src/db/altsyncram_ioq3.tdf Line: 502
        Warning (14320): Synthesized away node "rom2:inst4|altsyncram:altsyncram_component|altsyncram_ioq3:auto_generated|ram_block1a21" File: C:/Users/otavi/OneDrive/Documentos/Reconfiguravel/FPGA_mandelbrot_explorer/src/db/altsyncram_ioq3.tdf Line: 525
        Warning (14320): Synthesized away node "rom2:inst4|altsyncram:altsyncram_component|altsyncram_ioq3:auto_generated|ram_block1a22" File: C:/Users/otavi/OneDrive/Documentos/Reconfiguravel/FPGA_mandelbrot_explorer/src/db/altsyncram_ioq3.tdf Line: 548
        Warning (14320): Synthesized away node "rom2:inst4|altsyncram:altsyncram_component|altsyncram_ioq3:auto_generated|ram_block1a23" File: C:/Users/otavi/OneDrive/Documentos/Reconfiguravel/FPGA_mandelbrot_explorer/src/db/altsyncram_ioq3.tdf Line: 571
        Warning (14320): Synthesized away node "rom2:inst4|altsyncram:altsyncram_component|altsyncram_ioq3:auto_generated|ram_block1a24" File: C:/Users/otavi/OneDrive/Documentos/Reconfiguravel/FPGA_mandelbrot_explorer/src/db/altsyncram_ioq3.tdf Line: 594
        Warning (14320): Synthesized away node "rom2:inst4|altsyncram:altsyncram_component|altsyncram_ioq3:auto_generated|ram_block1a25" File: C:/Users/otavi/OneDrive/Documentos/Reconfiguravel/FPGA_mandelbrot_explorer/src/db/altsyncram_ioq3.tdf Line: 617
        Warning (14320): Synthesized away node "rom2:inst4|altsyncram:altsyncram_component|altsyncram_ioq3:auto_generated|ram_block1a26" File: C:/Users/otavi/OneDrive/Documentos/Reconfiguravel/FPGA_mandelbrot_explorer/src/db/altsyncram_ioq3.tdf Line: 640
        Warning (14320): Synthesized away node "rom2:inst4|altsyncram:altsyncram_component|altsyncram_ioq3:auto_generated|ram_block1a27" File: C:/Users/otavi/OneDrive/Documentos/Reconfiguravel/FPGA_mandelbrot_explorer/src/db/altsyncram_ioq3.tdf Line: 663
        Warning (14320): Synthesized away node "rom2:inst4|altsyncram:altsyncram_component|altsyncram_ioq3:auto_generated|ram_block1a28" File: C:/Users/otavi/OneDrive/Documentos/Reconfiguravel/FPGA_mandelbrot_explorer/src/db/altsyncram_ioq3.tdf Line: 686
        Warning (14320): Synthesized away node "rom2:inst4|altsyncram:altsyncram_component|altsyncram_ioq3:auto_generated|ram_block1a29" File: C:/Users/otavi/OneDrive/Documentos/Reconfiguravel/FPGA_mandelbrot_explorer/src/db/altsyncram_ioq3.tdf Line: 709
        Warning (14320): Synthesized away node "rom2:inst4|altsyncram:altsyncram_component|altsyncram_ioq3:auto_generated|ram_block1a30" File: C:/Users/otavi/OneDrive/Documentos/Reconfiguravel/FPGA_mandelbrot_explorer/src/db/altsyncram_ioq3.tdf Line: 732
        Warning (14320): Synthesized away node "rom2:inst4|altsyncram:altsyncram_component|altsyncram_ioq3:auto_generated|ram_block1a31" File: C:/Users/otavi/OneDrive/Documentos/Reconfiguravel/FPGA_mandelbrot_explorer/src/db/altsyncram_ioq3.tdf Line: 755
        Warning (14320): Synthesized away node "rom2:inst4|altsyncram:altsyncram_component|altsyncram_ioq3:auto_generated|ram_block1a32" File: C:/Users/otavi/OneDrive/Documentos/Reconfiguravel/FPGA_mandelbrot_explorer/src/db/altsyncram_ioq3.tdf Line: 778
        Warning (14320): Synthesized away node "rom2:inst4|altsyncram:altsyncram_component|altsyncram_ioq3:auto_generated|ram_block1a33" File: C:/Users/otavi/OneDrive/Documentos/Reconfiguravel/FPGA_mandelbrot_explorer/src/db/altsyncram_ioq3.tdf Line: 801
        Warning (14320): Synthesized away node "rom2:inst4|altsyncram:altsyncram_component|altsyncram_ioq3:auto_generated|ram_block1a34" File: C:/Users/otavi/OneDrive/Documentos/Reconfiguravel/FPGA_mandelbrot_explorer/src/db/altsyncram_ioq3.tdf Line: 824
        Warning (14320): Synthesized away node "rom2:inst4|altsyncram:altsyncram_component|altsyncram_ioq3:auto_generated|ram_block1a35" File: C:/Users/otavi/OneDrive/Documentos/Reconfiguravel/FPGA_mandelbrot_explorer/src/db/altsyncram_ioq3.tdf Line: 847
        Warning (14320): Synthesized away node "rom2:inst4|altsyncram:altsyncram_component|altsyncram_ioq3:auto_generated|ram_block1a36" File: C:/Users/otavi/OneDrive/Documentos/Reconfiguravel/FPGA_mandelbrot_explorer/src/db/altsyncram_ioq3.tdf Line: 870
        Warning (14320): Synthesized away node "rom2:inst4|altsyncram:altsyncram_component|altsyncram_ioq3:auto_generated|ram_block1a37" File: C:/Users/otavi/OneDrive/Documentos/Reconfiguravel/FPGA_mandelbrot_explorer/src/db/altsyncram_ioq3.tdf Line: 893
        Warning (14320): Synthesized away node "rom2:inst4|altsyncram:altsyncram_component|altsyncram_ioq3:auto_generated|ram_block1a38" File: C:/Users/otavi/OneDrive/Documentos/Reconfiguravel/FPGA_mandelbrot_explorer/src/db/altsyncram_ioq3.tdf Line: 916
        Warning (14320): Synthesized away node "rom2:inst4|altsyncram:altsyncram_component|altsyncram_ioq3:auto_generated|ram_block1a39" File: C:/Users/otavi/OneDrive/Documentos/Reconfiguravel/FPGA_mandelbrot_explorer/src/db/altsyncram_ioq3.tdf Line: 939
        Warning (14320): Synthesized away node "rom2:inst4|altsyncram:altsyncram_component|altsyncram_ioq3:auto_generated|ram_block1a40" File: C:/Users/otavi/OneDrive/Documentos/Reconfiguravel/FPGA_mandelbrot_explorer/src/db/altsyncram_ioq3.tdf Line: 962
        Warning (14320): Synthesized away node "rom2:inst4|altsyncram:altsyncram_component|altsyncram_ioq3:auto_generated|ram_block1a41" File: C:/Users/otavi/OneDrive/Documentos/Reconfiguravel/FPGA_mandelbrot_explorer/src/db/altsyncram_ioq3.tdf Line: 985
        Warning (14320): Synthesized away node "rom2:inst4|altsyncram:altsyncram_component|altsyncram_ioq3:auto_generated|ram_block1a42" File: C:/Users/otavi/OneDrive/Documentos/Reconfiguravel/FPGA_mandelbrot_explorer/src/db/altsyncram_ioq3.tdf Line: 1008
        Warning (14320): Synthesized away node "rom2:inst4|altsyncram:altsyncram_component|altsyncram_ioq3:auto_generated|ram_block1a43" File: C:/Users/otavi/OneDrive/Documentos/Reconfiguravel/FPGA_mandelbrot_explorer/src/db/altsyncram_ioq3.tdf Line: 1031
        Warning (14320): Synthesized away node "rom2:inst4|altsyncram:altsyncram_component|altsyncram_ioq3:auto_generated|ram_block1a44" File: C:/Users/otavi/OneDrive/Documentos/Reconfiguravel/FPGA_mandelbrot_explorer/src/db/altsyncram_ioq3.tdf Line: 1054
        Warning (14320): Synthesized away node "rom2:inst4|altsyncram:altsyncram_component|altsyncram_ioq3:auto_generated|ram_block1a45" File: C:/Users/otavi/OneDrive/Documentos/Reconfiguravel/FPGA_mandelbrot_explorer/src/db/altsyncram_ioq3.tdf Line: 1077
        Warning (14320): Synthesized away node "rom2:inst4|altsyncram:altsyncram_component|altsyncram_ioq3:auto_generated|ram_block1a46" File: C:/Users/otavi/OneDrive/Documentos/Reconfiguravel/FPGA_mandelbrot_explorer/src/db/altsyncram_ioq3.tdf Line: 1100
        Warning (14320): Synthesized away node "rom2:inst4|altsyncram:altsyncram_component|altsyncram_ioq3:auto_generated|ram_block1a47" File: C:/Users/otavi/OneDrive/Documentos/Reconfiguravel/FPGA_mandelbrot_explorer/src/db/altsyncram_ioq3.tdf Line: 1123
        Warning (14320): Synthesized away node "rom2:inst4|altsyncram:altsyncram_component|altsyncram_ioq3:auto_generated|ram_block1a48" File: C:/Users/otavi/OneDrive/Documentos/Reconfiguravel/FPGA_mandelbrot_explorer/src/db/altsyncram_ioq3.tdf Line: 1146
        Warning (14320): Synthesized away node "rom2:inst4|altsyncram:altsyncram_component|altsyncram_ioq3:auto_generated|ram_block1a49" File: C:/Users/otavi/OneDrive/Documentos/Reconfiguravel/FPGA_mandelbrot_explorer/src/db/altsyncram_ioq3.tdf Line: 1169
        Warning (14320): Synthesized away node "rom2:inst4|altsyncram:altsyncram_component|altsyncram_ioq3:auto_generated|ram_block1a50" File: C:/Users/otavi/OneDrive/Documentos/Reconfiguravel/FPGA_mandelbrot_explorer/src/db/altsyncram_ioq3.tdf Line: 1192
        Warning (14320): Synthesized away node "rom2:inst4|altsyncram:altsyncram_component|altsyncram_ioq3:auto_generated|ram_block1a51" File: C:/Users/otavi/OneDrive/Documentos/Reconfiguravel/FPGA_mandelbrot_explorer/src/db/altsyncram_ioq3.tdf Line: 1215
        Warning (14320): Synthesized away node "rom2:inst4|altsyncram:altsyncram_component|altsyncram_ioq3:auto_generated|ram_block1a52" File: C:/Users/otavi/OneDrive/Documentos/Reconfiguravel/FPGA_mandelbrot_explorer/src/db/altsyncram_ioq3.tdf Line: 1238
        Warning (14320): Synthesized away node "rom2:inst4|altsyncram:altsyncram_component|altsyncram_ioq3:auto_generated|ram_block1a53" File: C:/Users/otavi/OneDrive/Documentos/Reconfiguravel/FPGA_mandelbrot_explorer/src/db/altsyncram_ioq3.tdf Line: 1261
        Warning (14320): Synthesized away node "rom2:inst4|altsyncram:altsyncram_component|altsyncram_ioq3:auto_generated|ram_block1a54" File: C:/Users/otavi/OneDrive/Documentos/Reconfiguravel/FPGA_mandelbrot_explorer/src/db/altsyncram_ioq3.tdf Line: 1284
        Warning (14320): Synthesized away node "rom2:inst4|altsyncram:altsyncram_component|altsyncram_ioq3:auto_generated|ram_block1a55" File: C:/Users/otavi/OneDrive/Documentos/Reconfiguravel/FPGA_mandelbrot_explorer/src/db/altsyncram_ioq3.tdf Line: 1307
        Warning (14320): Synthesized away node "rom2:inst4|altsyncram:altsyncram_component|altsyncram_ioq3:auto_generated|ram_block1a56" File: C:/Users/otavi/OneDrive/Documentos/Reconfiguravel/FPGA_mandelbrot_explorer/src/db/altsyncram_ioq3.tdf Line: 1330
        Warning (14320): Synthesized away node "rom2:inst4|altsyncram:altsyncram_component|altsyncram_ioq3:auto_generated|ram_block1a57" File: C:/Users/otavi/OneDrive/Documentos/Reconfiguravel/FPGA_mandelbrot_explorer/src/db/altsyncram_ioq3.tdf Line: 1353
        Warning (14320): Synthesized away node "rom2:inst4|altsyncram:altsyncram_component|altsyncram_ioq3:auto_generated|ram_block1a58" File: C:/Users/otavi/OneDrive/Documentos/Reconfiguravel/FPGA_mandelbrot_explorer/src/db/altsyncram_ioq3.tdf Line: 1376
        Warning (14320): Synthesized away node "rom2:inst4|altsyncram:altsyncram_component|altsyncram_ioq3:auto_generated|ram_block1a59" File: C:/Users/otavi/OneDrive/Documentos/Reconfiguravel/FPGA_mandelbrot_explorer/src/db/altsyncram_ioq3.tdf Line: 1399
        Warning (14320): Synthesized away node "rom2:inst4|altsyncram:altsyncram_component|altsyncram_ioq3:auto_generated|ram_block1a60" File: C:/Users/otavi/OneDrive/Documentos/Reconfiguravel/FPGA_mandelbrot_explorer/src/db/altsyncram_ioq3.tdf Line: 1422
        Warning (14320): Synthesized away node "rom2:inst4|altsyncram:altsyncram_component|altsyncram_ioq3:auto_generated|ram_block1a61" File: C:/Users/otavi/OneDrive/Documentos/Reconfiguravel/FPGA_mandelbrot_explorer/src/db/altsyncram_ioq3.tdf Line: 1445
        Warning (14320): Synthesized away node "rom2:inst4|altsyncram:altsyncram_component|altsyncram_ioq3:auto_generated|ram_block1a62" File: C:/Users/otavi/OneDrive/Documentos/Reconfiguravel/FPGA_mandelbrot_explorer/src/db/altsyncram_ioq3.tdf Line: 1468
        Warning (14320): Synthesized away node "rom2:inst4|altsyncram:altsyncram_component|altsyncram_ioq3:auto_generated|ram_block1a63" File: C:/Users/otavi/OneDrive/Documentos/Reconfiguravel/FPGA_mandelbrot_explorer/src/db/altsyncram_ioq3.tdf Line: 1491
        Warning (14320): Synthesized away node "rom2:inst4|altsyncram:altsyncram_component|altsyncram_ioq3:auto_generated|ram_block1a64" File: C:/Users/otavi/OneDrive/Documentos/Reconfiguravel/FPGA_mandelbrot_explorer/src/db/altsyncram_ioq3.tdf Line: 1514
        Warning (14320): Synthesized away node "rom2:inst4|altsyncram:altsyncram_component|altsyncram_ioq3:auto_generated|ram_block1a65" File: C:/Users/otavi/OneDrive/Documentos/Reconfiguravel/FPGA_mandelbrot_explorer/src/db/altsyncram_ioq3.tdf Line: 1537
        Warning (14320): Synthesized away node "rom2:inst4|altsyncram:altsyncram_component|altsyncram_ioq3:auto_generated|ram_block1a66" File: C:/Users/otavi/OneDrive/Documentos/Reconfiguravel/FPGA_mandelbrot_explorer/src/db/altsyncram_ioq3.tdf Line: 1560
        Warning (14320): Synthesized away node "rom2:inst4|altsyncram:altsyncram_component|altsyncram_ioq3:auto_generated|ram_block1a67" File: C:/Users/otavi/OneDrive/Documentos/Reconfiguravel/FPGA_mandelbrot_explorer/src/db/altsyncram_ioq3.tdf Line: 1583
        Warning (14320): Synthesized away node "rom2:inst4|altsyncram:altsyncram_component|altsyncram_ioq3:auto_generated|ram_block1a68" File: C:/Users/otavi/OneDrive/Documentos/Reconfiguravel/FPGA_mandelbrot_explorer/src/db/altsyncram_ioq3.tdf Line: 1606
        Warning (14320): Synthesized away node "rom2:inst4|altsyncram:altsyncram_component|altsyncram_ioq3:auto_generated|ram_block1a69" File: C:/Users/otavi/OneDrive/Documentos/Reconfiguravel/FPGA_mandelbrot_explorer/src/db/altsyncram_ioq3.tdf Line: 1629
        Warning (14320): Synthesized away node "rom2:inst4|altsyncram:altsyncram_component|altsyncram_ioq3:auto_generated|ram_block1a70" File: C:/Users/otavi/OneDrive/Documentos/Reconfiguravel/FPGA_mandelbrot_explorer/src/db/altsyncram_ioq3.tdf Line: 1652
        Warning (14320): Synthesized away node "rom2:inst4|altsyncram:altsyncram_component|altsyncram_ioq3:auto_generated|ram_block1a71" File: C:/Users/otavi/OneDrive/Documentos/Reconfiguravel/FPGA_mandelbrot_explorer/src/db/altsyncram_ioq3.tdf Line: 1675
        Warning (14320): Synthesized away node "rom2:inst4|altsyncram:altsyncram_component|altsyncram_ioq3:auto_generated|ram_block1a72" File: C:/Users/otavi/OneDrive/Documentos/Reconfiguravel/FPGA_mandelbrot_explorer/src/db/altsyncram_ioq3.tdf Line: 1698
        Warning (14320): Synthesized away node "rom2:inst4|altsyncram:altsyncram_component|altsyncram_ioq3:auto_generated|ram_block1a73" File: C:/Users/otavi/OneDrive/Documentos/Reconfiguravel/FPGA_mandelbrot_explorer/src/db/altsyncram_ioq3.tdf Line: 1721
        Warning (14320): Synthesized away node "rom2:inst4|altsyncram:altsyncram_component|altsyncram_ioq3:auto_generated|ram_block1a74" File: C:/Users/otavi/OneDrive/Documentos/Reconfiguravel/FPGA_mandelbrot_explorer/src/db/altsyncram_ioq3.tdf Line: 1744
        Warning (14320): Synthesized away node "rom2:inst4|altsyncram:altsyncram_component|altsyncram_ioq3:auto_generated|ram_block1a75" File: C:/Users/otavi/OneDrive/Documentos/Reconfiguravel/FPGA_mandelbrot_explorer/src/db/altsyncram_ioq3.tdf Line: 1767
        Warning (14320): Synthesized away node "rom2:inst4|altsyncram:altsyncram_component|altsyncram_ioq3:auto_generated|ram_block1a76" File: C:/Users/otavi/OneDrive/Documentos/Reconfiguravel/FPGA_mandelbrot_explorer/src/db/altsyncram_ioq3.tdf Line: 1790
        Warning (14320): Synthesized away node "rom2:inst4|altsyncram:altsyncram_component|altsyncram_ioq3:auto_generated|ram_block1a77" File: C:/Users/otavi/OneDrive/Documentos/Reconfiguravel/FPGA_mandelbrot_explorer/src/db/altsyncram_ioq3.tdf Line: 1813
        Warning (14320): Synthesized away node "rom2:inst4|altsyncram:altsyncram_component|altsyncram_ioq3:auto_generated|ram_block1a78" File: C:/Users/otavi/OneDrive/Documentos/Reconfiguravel/FPGA_mandelbrot_explorer/src/db/altsyncram_ioq3.tdf Line: 1836
        Warning (14320): Synthesized away node "rom2:inst4|altsyncram:altsyncram_component|altsyncram_ioq3:auto_generated|ram_block1a79" File: C:/Users/otavi/OneDrive/Documentos/Reconfiguravel/FPGA_mandelbrot_explorer/src/db/altsyncram_ioq3.tdf Line: 1859
        Warning (14320): Synthesized away node "rom2:inst4|altsyncram:altsyncram_component|altsyncram_ioq3:auto_generated|ram_block1a80" File: C:/Users/otavi/OneDrive/Documentos/Reconfiguravel/FPGA_mandelbrot_explorer/src/db/altsyncram_ioq3.tdf Line: 1882
        Warning (14320): Synthesized away node "rom2:inst4|altsyncram:altsyncram_component|altsyncram_ioq3:auto_generated|ram_block1a81" File: C:/Users/otavi/OneDrive/Documentos/Reconfiguravel/FPGA_mandelbrot_explorer/src/db/altsyncram_ioq3.tdf Line: 1905
        Warning (14320): Synthesized away node "rom2:inst4|altsyncram:altsyncram_component|altsyncram_ioq3:auto_generated|ram_block1a82" File: C:/Users/otavi/OneDrive/Documentos/Reconfiguravel/FPGA_mandelbrot_explorer/src/db/altsyncram_ioq3.tdf Line: 1928
        Warning (14320): Synthesized away node "rom2:inst4|altsyncram:altsyncram_component|altsyncram_ioq3:auto_generated|ram_block1a83" File: C:/Users/otavi/OneDrive/Documentos/Reconfiguravel/FPGA_mandelbrot_explorer/src/db/altsyncram_ioq3.tdf Line: 1951
        Warning (14320): Synthesized away node "rom2:inst4|altsyncram:altsyncram_component|altsyncram_ioq3:auto_generated|ram_block1a84" File: C:/Users/otavi/OneDrive/Documentos/Reconfiguravel/FPGA_mandelbrot_explorer/src/db/altsyncram_ioq3.tdf Line: 1974
        Warning (14320): Synthesized away node "rom2:inst4|altsyncram:altsyncram_component|altsyncram_ioq3:auto_generated|ram_block1a85" File: C:/Users/otavi/OneDrive/Documentos/Reconfiguravel/FPGA_mandelbrot_explorer/src/db/altsyncram_ioq3.tdf Line: 1997
        Warning (14320): Synthesized away node "rom2:inst4|altsyncram:altsyncram_component|altsyncram_ioq3:auto_generated|ram_block1a86" File: C:/Users/otavi/OneDrive/Documentos/Reconfiguravel/FPGA_mandelbrot_explorer/src/db/altsyncram_ioq3.tdf Line: 2020
        Warning (14320): Synthesized away node "rom2:inst4|altsyncram:altsyncram_component|altsyncram_ioq3:auto_generated|ram_block1a87" File: C:/Users/otavi/OneDrive/Documentos/Reconfiguravel/FPGA_mandelbrot_explorer/src/db/altsyncram_ioq3.tdf Line: 2043
        Warning (14320): Synthesized away node "rom2:inst4|altsyncram:altsyncram_component|altsyncram_ioq3:auto_generated|ram_block1a88" File: C:/Users/otavi/OneDrive/Documentos/Reconfiguravel/FPGA_mandelbrot_explorer/src/db/altsyncram_ioq3.tdf Line: 2066
        Warning (14320): Synthesized away node "rom2:inst4|altsyncram:altsyncram_component|altsyncram_ioq3:auto_generated|ram_block1a89" File: C:/Users/otavi/OneDrive/Documentos/Reconfiguravel/FPGA_mandelbrot_explorer/src/db/altsyncram_ioq3.tdf Line: 2089
        Warning (14320): Synthesized away node "rom2:inst4|altsyncram:altsyncram_component|altsyncram_ioq3:auto_generated|ram_block1a90" File: C:/Users/otavi/OneDrive/Documentos/Reconfiguravel/FPGA_mandelbrot_explorer/src/db/altsyncram_ioq3.tdf Line: 2112
        Warning (14320): Synthesized away node "rom2:inst4|altsyncram:altsyncram_component|altsyncram_ioq3:auto_generated|ram_block1a91" File: C:/Users/otavi/OneDrive/Documentos/Reconfiguravel/FPGA_mandelbrot_explorer/src/db/altsyncram_ioq3.tdf Line: 2135
        Warning (14320): Synthesized away node "rom2:inst4|altsyncram:altsyncram_component|altsyncram_ioq3:auto_generated|ram_block1a92" File: C:/Users/otavi/OneDrive/Documentos/Reconfiguravel/FPGA_mandelbrot_explorer/src/db/altsyncram_ioq3.tdf Line: 2158
        Warning (14320): Synthesized away node "rom2:inst4|altsyncram:altsyncram_component|altsyncram_ioq3:auto_generated|ram_block1a93" File: C:/Users/otavi/OneDrive/Documentos/Reconfiguravel/FPGA_mandelbrot_explorer/src/db/altsyncram_ioq3.tdf Line: 2181
        Warning (14320): Synthesized away node "rom2:inst4|altsyncram:altsyncram_component|altsyncram_ioq3:auto_generated|ram_block1a94" File: C:/Users/otavi/OneDrive/Documentos/Reconfiguravel/FPGA_mandelbrot_explorer/src/db/altsyncram_ioq3.tdf Line: 2204
        Warning (14320): Synthesized away node "rom2:inst4|altsyncram:altsyncram_component|altsyncram_ioq3:auto_generated|ram_block1a95" File: C:/Users/otavi/OneDrive/Documentos/Reconfiguravel/FPGA_mandelbrot_explorer/src/db/altsyncram_ioq3.tdf Line: 2227
        Warning (14320): Synthesized away node "rom2:inst4|altsyncram:altsyncram_component|altsyncram_ioq3:auto_generated|ram_block1a96" File: C:/Users/otavi/OneDrive/Documentos/Reconfiguravel/FPGA_mandelbrot_explorer/src/db/altsyncram_ioq3.tdf Line: 2250
        Warning (14320): Synthesized away node "rom2:inst4|altsyncram:altsyncram_component|altsyncram_ioq3:auto_generated|ram_block1a97" File: C:/Users/otavi/OneDrive/Documentos/Reconfiguravel/FPGA_mandelbrot_explorer/src/db/altsyncram_ioq3.tdf Line: 2273
        Warning (14320): Synthesized away node "rom2:inst4|altsyncram:altsyncram_component|altsyncram_ioq3:auto_generated|ram_block1a98" File: C:/Users/otavi/OneDrive/Documentos/Reconfiguravel/FPGA_mandelbrot_explorer/src/db/altsyncram_ioq3.tdf Line: 2296
        Warning (14320): Synthesized away node "rom2:inst4|altsyncram:altsyncram_component|altsyncram_ioq3:auto_generated|ram_block1a99" File: C:/Users/otavi/OneDrive/Documentos/Reconfiguravel/FPGA_mandelbrot_explorer/src/db/altsyncram_ioq3.tdf Line: 2319
        Warning (14320): Synthesized away node "rom2:inst4|altsyncram:altsyncram_component|altsyncram_ioq3:auto_generated|ram_block1a100" File: C:/Users/otavi/OneDrive/Documentos/Reconfiguravel/FPGA_mandelbrot_explorer/src/db/altsyncram_ioq3.tdf Line: 2342
        Warning (14320): Synthesized away node "rom2:inst4|altsyncram:altsyncram_component|altsyncram_ioq3:auto_generated|ram_block1a101" File: C:/Users/otavi/OneDrive/Documentos/Reconfiguravel/FPGA_mandelbrot_explorer/src/db/altsyncram_ioq3.tdf Line: 2365
        Warning (14320): Synthesized away node "rom2:inst4|altsyncram:altsyncram_component|altsyncram_ioq3:auto_generated|ram_block1a102" File: C:/Users/otavi/OneDrive/Documentos/Reconfiguravel/FPGA_mandelbrot_explorer/src/db/altsyncram_ioq3.tdf Line: 2388
        Warning (14320): Synthesized away node "rom2:inst4|altsyncram:altsyncram_component|altsyncram_ioq3:auto_generated|ram_block1a103" File: C:/Users/otavi/OneDrive/Documentos/Reconfiguravel/FPGA_mandelbrot_explorer/src/db/altsyncram_ioq3.tdf Line: 2411
        Warning (14320): Synthesized away node "rom2:inst4|altsyncram:altsyncram_component|altsyncram_ioq3:auto_generated|ram_block1a104" File: C:/Users/otavi/OneDrive/Documentos/Reconfiguravel/FPGA_mandelbrot_explorer/src/db/altsyncram_ioq3.tdf Line: 2434
        Warning (14320): Synthesized away node "rom2:inst4|altsyncram:altsyncram_component|altsyncram_ioq3:auto_generated|ram_block1a105" File: C:/Users/otavi/OneDrive/Documentos/Reconfiguravel/FPGA_mandelbrot_explorer/src/db/altsyncram_ioq3.tdf Line: 2457
        Warning (14320): Synthesized away node "rom2:inst4|altsyncram:altsyncram_component|altsyncram_ioq3:auto_generated|ram_block1a106" File: C:/Users/otavi/OneDrive/Documentos/Reconfiguravel/FPGA_mandelbrot_explorer/src/db/altsyncram_ioq3.tdf Line: 2480
        Warning (14320): Synthesized away node "rom2:inst4|altsyncram:altsyncram_component|altsyncram_ioq3:auto_generated|ram_block1a107" File: C:/Users/otavi/OneDrive/Documentos/Reconfiguravel/FPGA_mandelbrot_explorer/src/db/altsyncram_ioq3.tdf Line: 2503
        Warning (14320): Synthesized away node "rom2:inst4|altsyncram:altsyncram_component|altsyncram_ioq3:auto_generated|ram_block1a108" File: C:/Users/otavi/OneDrive/Documentos/Reconfiguravel/FPGA_mandelbrot_explorer/src/db/altsyncram_ioq3.tdf Line: 2526
        Warning (14320): Synthesized away node "rom2:inst4|altsyncram:altsyncram_component|altsyncram_ioq3:auto_generated|ram_block1a109" File: C:/Users/otavi/OneDrive/Documentos/Reconfiguravel/FPGA_mandelbrot_explorer/src/db/altsyncram_ioq3.tdf Line: 2549
        Warning (14320): Synthesized away node "rom2:inst4|altsyncram:altsyncram_component|altsyncram_ioq3:auto_generated|ram_block1a110" File: C:/Users/otavi/OneDrive/Documentos/Reconfiguravel/FPGA_mandelbrot_explorer/src/db/altsyncram_ioq3.tdf Line: 2572
        Warning (14320): Synthesized away node "rom2:inst4|altsyncram:altsyncram_component|altsyncram_ioq3:auto_generated|ram_block1a111" File: C:/Users/otavi/OneDrive/Documentos/Reconfiguravel/FPGA_mandelbrot_explorer/src/db/altsyncram_ioq3.tdf Line: 2595
        Warning (14320): Synthesized away node "rom2:inst4|altsyncram:altsyncram_component|altsyncram_ioq3:auto_generated|ram_block1a112" File: C:/Users/otavi/OneDrive/Documentos/Reconfiguravel/FPGA_mandelbrot_explorer/src/db/altsyncram_ioq3.tdf Line: 2618
        Warning (14320): Synthesized away node "rom2:inst4|altsyncram:altsyncram_component|altsyncram_ioq3:auto_generated|ram_block1a113" File: C:/Users/otavi/OneDrive/Documentos/Reconfiguravel/FPGA_mandelbrot_explorer/src/db/altsyncram_ioq3.tdf Line: 2641
        Warning (14320): Synthesized away node "rom2:inst4|altsyncram:altsyncram_component|altsyncram_ioq3:auto_generated|ram_block1a114" File: C:/Users/otavi/OneDrive/Documentos/Reconfiguravel/FPGA_mandelbrot_explorer/src/db/altsyncram_ioq3.tdf Line: 2664
        Warning (14320): Synthesized away node "rom2:inst4|altsyncram:altsyncram_component|altsyncram_ioq3:auto_generated|ram_block1a115" File: C:/Users/otavi/OneDrive/Documentos/Reconfiguravel/FPGA_mandelbrot_explorer/src/db/altsyncram_ioq3.tdf Line: 2687
        Warning (14320): Synthesized away node "rom2:inst4|altsyncram:altsyncram_component|altsyncram_ioq3:auto_generated|ram_block1a116" File: C:/Users/otavi/OneDrive/Documentos/Reconfiguravel/FPGA_mandelbrot_explorer/src/db/altsyncram_ioq3.tdf Line: 2710
        Warning (14320): Synthesized away node "rom2:inst4|altsyncram:altsyncram_component|altsyncram_ioq3:auto_generated|ram_block1a117" File: C:/Users/otavi/OneDrive/Documentos/Reconfiguravel/FPGA_mandelbrot_explorer/src/db/altsyncram_ioq3.tdf Line: 2733
        Warning (14320): Synthesized away node "rom2:inst4|altsyncram:altsyncram_component|altsyncram_ioq3:auto_generated|ram_block1a118" File: C:/Users/otavi/OneDrive/Documentos/Reconfiguravel/FPGA_mandelbrot_explorer/src/db/altsyncram_ioq3.tdf Line: 2756
        Warning (14320): Synthesized away node "rom2:inst4|altsyncram:altsyncram_component|altsyncram_ioq3:auto_generated|ram_block1a119" File: C:/Users/otavi/OneDrive/Documentos/Reconfiguravel/FPGA_mandelbrot_explorer/src/db/altsyncram_ioq3.tdf Line: 2779
Info (19000): Inferred 2 megafunctions from design logic
    Info (276029): Inferred altsyncram megafunction from the following design logic: "memory2:inst11|ram_block_rtl_0" 
        Info (286033): Parameter OPERATION_MODE set to DUAL_PORT
        Info (286033): Parameter WIDTH_A set to 8
        Info (286033): Parameter WIDTHAD_A set to 17
        Info (286033): Parameter NUMWORDS_A set to 131072
        Info (286033): Parameter WIDTH_B set to 8
        Info (286033): Parameter WIDTHAD_B set to 17
        Info (286033): Parameter NUMWORDS_B set to 131072
        Info (286033): Parameter ADDRESS_ACLR_A set to NONE
        Info (286033): Parameter OUTDATA_REG_B set to UNREGISTERED
        Info (286033): Parameter ADDRESS_ACLR_B set to NONE
        Info (286033): Parameter OUTDATA_ACLR_B set to NONE
        Info (286033): Parameter ADDRESS_REG_B set to CLOCK0
        Info (286033): Parameter INDATA_ACLR_A set to NONE
        Info (286033): Parameter WRCONTROL_ACLR_A set to NONE
    Info (276034): Inferred altshift_taps megafunction from the following design logic: "Enderecamento:inst10|auxcoluna_rtl_0"
        Info (286033): Parameter NUMBER_OF_TAPS set to 1
        Info (286033): Parameter TAP_DISTANCE set to 3
        Info (286033): Parameter WIDTH set to 12
Info (278001): Inferred 3 megafunctions from design logic
    Info (278003): Inferred multiplier megafunction ("lpm_mult") from the following logic: "mandelbrot_pixel_core:inst6|Mult1" File: C:/Users/otavi/OneDrive/Documentos/Reconfiguravel/FPGA_mandelbrot_explorer/src/mandelbrot_pixel_core.vhd Line: 94
    Info (278003): Inferred multiplier megafunction ("lpm_mult") from the following logic: "mandelbrot_pixel_core:inst6|Mult0" File: C:/Users/otavi/OneDrive/Documentos/Reconfiguravel/FPGA_mandelbrot_explorer/src/mandelbrot_pixel_core.vhd Line: 93
    Info (278003): Inferred multiplier megafunction ("lpm_mult") from the following logic: "mandelbrot_pixel_core:inst6|Mult2" File: C:/Users/otavi/OneDrive/Documentos/Reconfiguravel/FPGA_mandelbrot_explorer/src/mandelbrot_pixel_core.vhd Line: 97
Info (12130): Elaborated megafunction instantiation "memory2:inst11|altsyncram:ram_block_rtl_0"
Info (12133): Instantiated megafunction "memory2:inst11|altsyncram:ram_block_rtl_0" with the following parameter:
    Info (12134): Parameter "OPERATION_MODE" = "DUAL_PORT"
    Info (12134): Parameter "WIDTH_A" = "8"
    Info (12134): Parameter "WIDTHAD_A" = "17"
    Info (12134): Parameter "NUMWORDS_A" = "131072"
    Info (12134): Parameter "WIDTH_B" = "8"
    Info (12134): Parameter "WIDTHAD_B" = "17"
    Info (12134): Parameter "NUMWORDS_B" = "131072"
    Info (12134): Parameter "ADDRESS_ACLR_A" = "NONE"
    Info (12134): Parameter "OUTDATA_REG_B" = "UNREGISTERED"
    Info (12134): Parameter "ADDRESS_ACLR_B" = "NONE"
    Info (12134): Parameter "OUTDATA_ACLR_B" = "NONE"
    Info (12134): Parameter "ADDRESS_REG_B" = "CLOCK0"
    Info (12134): Parameter "INDATA_ACLR_A" = "NONE"
    Info (12134): Parameter "WRCONTROL_ACLR_A" = "NONE"
Info (12021): Found 1 design units, including 1 entities, in source file db/altsyncram_a4c1.tdf
    Info (12023): Found entity 1: altsyncram_a4c1 File: C:/Users/otavi/OneDrive/Documentos/Reconfiguravel/FPGA_mandelbrot_explorer/src/db/altsyncram_a4c1.tdf Line: 33
Info (12021): Found 1 design units, including 1 entities, in source file db/decode_19a.tdf
    Info (12023): Found entity 1: decode_19a File: C:/Users/otavi/OneDrive/Documentos/Reconfiguravel/FPGA_mandelbrot_explorer/src/db/decode_19a.tdf Line: 22
Info (12021): Found 1 design units, including 1 entities, in source file db/decode_qk9.tdf
    Info (12023): Found entity 1: decode_qk9 File: C:/Users/otavi/OneDrive/Documentos/Reconfiguravel/FPGA_mandelbrot_explorer/src/db/decode_qk9.tdf Line: 22
Info (12021): Found 1 design units, including 1 entities, in source file db/mux_h3b.tdf
    Info (12023): Found entity 1: mux_h3b File: C:/Users/otavi/OneDrive/Documentos/Reconfiguravel/FPGA_mandelbrot_explorer/src/db/mux_h3b.tdf Line: 22
Info (12130): Elaborated megafunction instantiation "Enderecamento:inst10|altshift_taps:auxcoluna_rtl_0"
Info (12133): Instantiated megafunction "Enderecamento:inst10|altshift_taps:auxcoluna_rtl_0" with the following parameter:
    Info (12134): Parameter "NUMBER_OF_TAPS" = "1"
    Info (12134): Parameter "TAP_DISTANCE" = "3"
    Info (12134): Parameter "WIDTH" = "12"
Info (12021): Found 1 design units, including 1 entities, in source file db/shift_taps_ugl.tdf
    Info (12023): Found entity 1: shift_taps_ugl File: C:/Users/otavi/OneDrive/Documentos/Reconfiguravel/FPGA_mandelbrot_explorer/src/db/shift_taps_ugl.tdf Line: 28
Info (12021): Found 1 design units, including 1 entities, in source file db/altsyncram_hv21.tdf
    Info (12023): Found entity 1: altsyncram_hv21 File: C:/Users/otavi/OneDrive/Documentos/Reconfiguravel/FPGA_mandelbrot_explorer/src/db/altsyncram_hv21.tdf Line: 27
Info (12021): Found 1 design units, including 1 entities, in source file db/add_sub_oed.tdf
    Info (12023): Found entity 1: add_sub_oed File: C:/Users/otavi/OneDrive/Documentos/Reconfiguravel/FPGA_mandelbrot_explorer/src/db/add_sub_oed.tdf Line: 22
Info (12021): Found 1 design units, including 1 entities, in source file db/cntr_s3f.tdf
    Info (12023): Found entity 1: cntr_s3f File: C:/Users/otavi/OneDrive/Documentos/Reconfiguravel/FPGA_mandelbrot_explorer/src/db/cntr_s3f.tdf Line: 24
Info (12021): Found 1 design units, including 1 entities, in source file db/cmpr_erb.tdf
    Info (12023): Found entity 1: cmpr_erb File: C:/Users/otavi/OneDrive/Documentos/Reconfiguravel/FPGA_mandelbrot_explorer/src/db/cmpr_erb.tdf Line: 22
Info (12130): Elaborated megafunction instantiation "mandelbrot_pixel_core:inst6|lpm_mult:Mult1" File: C:/Users/otavi/OneDrive/Documentos/Reconfiguravel/FPGA_mandelbrot_explorer/src/mandelbrot_pixel_core.vhd Line: 94
Info (12133): Instantiated megafunction "mandelbrot_pixel_core:inst6|lpm_mult:Mult1" with the following parameter: File: C:/Users/otavi/OneDrive/Documentos/Reconfiguravel/FPGA_mandelbrot_explorer/src/mandelbrot_pixel_core.vhd Line: 94
    Info (12134): Parameter "LPM_WIDTHA" = "32"
    Info (12134): Parameter "LPM_WIDTHB" = "32"
    Info (12134): Parameter "LPM_WIDTHP" = "64"
    Info (12134): Parameter "LPM_WIDTHR" = "64"
    Info (12134): Parameter "LPM_WIDTHS" = "1"
    Info (12134): Parameter "LPM_REPRESENTATION" = "SIGNED"
    Info (12134): Parameter "INPUT_A_IS_CONSTANT" = "NO"
    Info (12134): Parameter "INPUT_B_IS_CONSTANT" = "NO"
    Info (12134): Parameter "MAXIMIZE_SPEED" = "5"
Info (12021): Found 1 design units, including 1 entities, in source file db/mult_qgs.tdf
    Info (12023): Found entity 1: mult_qgs File: C:/Users/otavi/OneDrive/Documentos/Reconfiguravel/FPGA_mandelbrot_explorer/src/db/mult_qgs.tdf Line: 30
Info (12130): Elaborated megafunction instantiation "mandelbrot_pixel_core:inst6|lpm_mult:Mult2" File: C:/Users/otavi/OneDrive/Documentos/Reconfiguravel/FPGA_mandelbrot_explorer/src/mandelbrot_pixel_core.vhd Line: 97
Info (12133): Instantiated megafunction "mandelbrot_pixel_core:inst6|lpm_mult:Mult2" with the following parameter: File: C:/Users/otavi/OneDrive/Documentos/Reconfiguravel/FPGA_mandelbrot_explorer/src/mandelbrot_pixel_core.vhd Line: 97
    Info (12134): Parameter "LPM_WIDTHA" = "32"
    Info (12134): Parameter "LPM_WIDTHB" = "32"
    Info (12134): Parameter "LPM_WIDTHP" = "64"
    Info (12134): Parameter "LPM_WIDTHR" = "64"
    Info (12134): Parameter "LPM_WIDTHS" = "1"
    Info (12134): Parameter "LPM_REPRESENTATION" = "SIGNED"
    Info (12134): Parameter "INPUT_A_IS_CONSTANT" = "NO"
    Info (12134): Parameter "INPUT_B_IS_CONSTANT" = "NO"
    Info (12134): Parameter "MAXIMIZE_SPEED" = "5"
Info (13014): Ignored 727 buffer(s)
    Info (13019): Ignored 727 SOFT buffer(s)
Info (286031): Timing-Driven Synthesis is running on partition "Top"
Info (17049): 1 registers lost all their fanouts during netlist optimizations.
Warning (20013): Ignored 209 assignments for entity "DE10_LITE_Default" -- entity does not exist in design
    Warning (20014): Assignment for entity set_instance_assignment -name IO_STANDARD "3.3-V LVTTL" -to ADC_CLK_10 -entity DE10_LITE_Default was ignored
    Warning (20014): Assignment for entity set_instance_assignment -name IO_STANDARD "3.3-V LVTTL" -to ARDUINO_IO[0] -entity DE10_LITE_Default was ignored
    Warning (20014): Assignment for entity set_instance_assignment -name IO_STANDARD "3.3-V LVTTL" -to ARDUINO_IO[10] -entity DE10_LITE_Default was ignored
    Warning (20014): Assignment for entity set_instance_assignment -name IO_STANDARD "3.3-V LVTTL" -to ARDUINO_IO[11] -entity DE10_LITE_Default was ignored
    Warning (20014): Assignment for entity set_instance_assignment -name IO_STANDARD "3.3-V LVTTL" -to ARDUINO_IO[12] -entity DE10_LITE_Default was ignored
    Warning (20014): Assignment for entity set_instance_assignment -name IO_STANDARD "3.3-V LVTTL" -to ARDUINO_IO[13] -entity DE10_LITE_Default was ignored
    Warning (20014): Assignment for entity set_instance_assignment -name IO_STANDARD "3.3-V LVTTL" -to ARDUINO_IO[14] -entity DE10_LITE_Default was ignored
    Warning (20014): Assignment for entity set_instance_assignment -name IO_STANDARD "3.3-V LVTTL" -to ARDUINO_IO[15] -entity DE10_LITE_Default was ignored
    Warning (20014): Assignment for entity set_instance_assignment -name IO_STANDARD "3.3-V LVTTL" -to ARDUINO_IO[1] -entity DE10_LITE_Default was ignored
    Warning (20014): Assignment for entity set_instance_assignment -name IO_STANDARD "3.3-V LVTTL" -to ARDUINO_IO[2] -entity DE10_LITE_Default was ignored
    Warning (20014): Assignment for entity set_instance_assignment -name IO_STANDARD "3.3-V LVTTL" -to ARDUINO_IO[3] -entity DE10_LITE_Default was ignored
    Warning (20014): Assignment for entity set_instance_assignment -name IO_STANDARD "3.3-V LVTTL" -to ARDUINO_IO[4] -entity DE10_LITE_Default was ignored
    Warning (20014): Assignment for entity set_instance_assignment -name IO_STANDARD "3.3-V LVTTL" -to ARDUINO_IO[5] -entity DE10_LITE_Default was ignored
    Warning (20014): Assignment for entity set_instance_assignment -name IO_STANDARD "3.3-V LVTTL" -to ARDUINO_IO[6] -entity DE10_LITE_Default was ignored
    Warning (20014): Assignment for entity set_instance_assignment -name IO_STANDARD "3.3-V LVTTL" -to ARDUINO_IO[7] -entity DE10_LITE_Default was ignored
    Warning (20014): Assignment for entity set_instance_assignment -name IO_STANDARD "3.3-V LVTTL" -to ARDUINO_IO[8] -entity DE10_LITE_Default was ignored
    Warning (20014): Assignment for entity set_instance_assignment -name IO_STANDARD "3.3-V LVTTL" -to ARDUINO_IO[9] -entity DE10_LITE_Default was ignored
    Warning (20014): Assignment for entity set_instance_assignment -name IO_STANDARD "3.3 V SCHMITT TRIGGER" -to ARDUINO_RESET_N -entity DE10_LITE_Default was ignored
    Warning (20014): Assignment for entity set_instance_assignment -name IO_STANDARD "3.3-V LVTTL" -to DRAM_ADDR[0] -entity DE10_LITE_Default was ignored
    Warning (20014): Assignment for entity set_instance_assignment -name IO_STANDARD "3.3-V LVTTL" -to DRAM_ADDR[10] -entity DE10_LITE_Default was ignored
    Warning (20014): Assignment for entity set_instance_assignment -name IO_STANDARD "3.3-V LVTTL" -to DRAM_ADDR[11] -entity DE10_LITE_Default was ignored
    Warning (20014): Assignment for entity set_instance_assignment -name IO_STANDARD "3.3-V LVTTL" -to DRAM_ADDR[12] -entity DE10_LITE_Default was ignored
    Warning (20014): Assignment for entity set_instance_assignment -name IO_STANDARD "3.3-V LVTTL" -to DRAM_ADDR[1] -entity DE10_LITE_Default was ignored
    Warning (20014): Assignment for entity set_instance_assignment -name IO_STANDARD "3.3-V LVTTL" -to DRAM_ADDR[2] -entity DE10_LITE_Default was ignored
    Warning (20014): Assignment for entity set_instance_assignment -name IO_STANDARD "3.3-V LVTTL" -to DRAM_ADDR[3] -entity DE10_LITE_Default was ignored
    Warning (20014): Assignment for entity set_instance_assignment -name IO_STANDARD "3.3-V LVTTL" -to DRAM_ADDR[4] -entity DE10_LITE_Default was ignored
    Warning (20014): Assignment for entity set_instance_assignment -name IO_STANDARD "3.3-V LVTTL" -to DRAM_ADDR[5] -entity DE10_LITE_Default was ignored
    Warning (20014): Assignment for entity set_instance_assignment -name IO_STANDARD "3.3-V LVTTL" -to DRAM_ADDR[6] -entity DE10_LITE_Default was ignored
    Warning (20014): Assignment for entity set_instance_assignment -name IO_STANDARD "3.3-V LVTTL" -to DRAM_ADDR[7] -entity DE10_LITE_Default was ignored
    Warning (20014): Assignment for entity set_instance_assignment -name IO_STANDARD "3.3-V LVTTL" -to DRAM_ADDR[8] -entity DE10_LITE_Default was ignored
    Warning (20014): Assignment for entity set_instance_assignment -name IO_STANDARD "3.3-V LVTTL" -to DRAM_ADDR[9] -entity DE10_LITE_Default was ignored
    Warning (20014): Assignment for entity set_instance_assignment -name IO_STANDARD "3.3-V LVTTL" -to DRAM_BA[0] -entity DE10_LITE_Default was ignored
    Warning (20014): Assignment for entity set_instance_assignment -name IO_STANDARD "3.3-V LVTTL" -to DRAM_BA[1] -entity DE10_LITE_Default was ignored
    Warning (20014): Assignment for entity set_instance_assignment -name IO_STANDARD "3.3-V LVTTL" -to DRAM_CAS_N -entity DE10_LITE_Default was ignored
    Warning (20014): Assignment for entity set_instance_assignment -name IO_STANDARD "3.3-V LVTTL" -to DRAM_CKE -entity DE10_LITE_Default was ignored
    Warning (20014): Assignment for entity set_instance_assignment -name IO_STANDARD "3.3-V LVTTL" -to DRAM_CLK -entity DE10_LITE_Default was ignored
    Warning (20014): Assignment for entity set_instance_assignment -name IO_STANDARD "3.3-V LVTTL" -to DRAM_CS_N -entity DE10_LITE_Default was ignored
    Warning (20014): Assignment for entity set_instance_assignment -name IO_STANDARD "3.3-V LVTTL" -to DRAM_DQ[0] -entity DE10_LITE_Default was ignored
    Warning (20014): Assignment for entity set_instance_assignment -name IO_STANDARD "3.3-V LVTTL" -to DRAM_DQ[10] -entity DE10_LITE_Default was ignored
    Warning (20014): Assignment for entity set_instance_assignment -name IO_STANDARD "3.3-V LVTTL" -to DRAM_DQ[11] -entity DE10_LITE_Default was ignored
    Warning (20014): Assignment for entity set_instance_assignment -name IO_STANDARD "3.3-V LVTTL" -to DRAM_DQ[12] -entity DE10_LITE_Default was ignored
    Warning (20014): Assignment for entity set_instance_assignment -name IO_STANDARD "3.3-V LVTTL" -to DRAM_DQ[13] -entity DE10_LITE_Default was ignored
    Warning (20014): Assignment for entity set_instance_assignment -name IO_STANDARD "3.3-V LVTTL" -to DRAM_DQ[14] -entity DE10_LITE_Default was ignored
    Warning (20014): Assignment for entity set_instance_assignment -name IO_STANDARD "3.3-V LVTTL" -to DRAM_DQ[15] -entity DE10_LITE_Default was ignored
    Warning (20014): Assignment for entity set_instance_assignment -name IO_STANDARD "3.3-V LVTTL" -to DRAM_DQ[1] -entity DE10_LITE_Default was ignored
    Warning (20014): Assignment for entity set_instance_assignment -name IO_STANDARD "3.3-V LVTTL" -to DRAM_DQ[2] -entity DE10_LITE_Default was ignored
    Warning (20014): Assignment for entity set_instance_assignment -name IO_STANDARD "3.3-V LVTTL" -to DRAM_DQ[3] -entity DE10_LITE_Default was ignored
    Warning (20014): Assignment for entity set_instance_assignment -name IO_STANDARD "3.3-V LVTTL" -to DRAM_DQ[4] -entity DE10_LITE_Default was ignored
    Warning (20014): Assignment for entity set_instance_assignment -name IO_STANDARD "3.3-V LVTTL" -to DRAM_DQ[5] -entity DE10_LITE_Default was ignored
    Warning (20014): Assignment for entity set_instance_assignment -name IO_STANDARD "3.3-V LVTTL" -to DRAM_DQ[6] -entity DE10_LITE_Default was ignored
    Warning (20014): Assignment for entity set_instance_assignment -name IO_STANDARD "3.3-V LVTTL" -to DRAM_DQ[7] -entity DE10_LITE_Default was ignored
    Warning (20014): Assignment for entity set_instance_assignment -name IO_STANDARD "3.3-V LVTTL" -to DRAM_DQ[8] -entity DE10_LITE_Default was ignored
    Warning (20014): Assignment for entity set_instance_assignment -name IO_STANDARD "3.3-V LVTTL" -to DRAM_DQ[9] -entity DE10_LITE_Default was ignored
    Warning (20014): Assignment for entity set_instance_assignment -name IO_STANDARD "3.3-V LVTTL" -to DRAM_LDQM -entity DE10_LITE_Default was ignored
    Warning (20014): Assignment for entity set_instance_assignment -name IO_STANDARD "3.3-V LVTTL" -to DRAM_RAS_N -entity DE10_LITE_Default was ignored
    Warning (20014): Assignment for entity set_instance_assignment -name IO_STANDARD "3.3-V LVTTL" -to DRAM_UDQM -entity DE10_LITE_Default was ignored
    Warning (20014): Assignment for entity set_instance_assignment -name IO_STANDARD "3.3-V LVTTL" -to DRAM_WE_N -entity DE10_LITE_Default was ignored
    Warning (20014): Assignment for entity set_instance_assignment -name IO_STANDARD "3.3-V LVTTL" -to GPIO[0] -entity DE10_LITE_Default was ignored
    Warning (20014): Assignment for entity set_instance_assignment -name IO_STANDARD "3.3-V LVTTL" -to GPIO[10] -entity DE10_LITE_Default was ignored
    Warning (20014): Assignment for entity set_instance_assignment -name IO_STANDARD "3.3-V LVTTL" -to GPIO[11] -entity DE10_LITE_Default was ignored
    Warning (20014): Assignment for entity set_instance_assignment -name IO_STANDARD "3.3-V LVTTL" -to GPIO[12] -entity DE10_LITE_Default was ignored
    Warning (20014): Assignment for entity set_instance_assignment -name IO_STANDARD "3.3-V LVTTL" -to GPIO[13] -entity DE10_LITE_Default was ignored
    Warning (20014): Assignment for entity set_instance_assignment -name IO_STANDARD "3.3-V LVTTL" -to GPIO[14] -entity DE10_LITE_Default was ignored
    Warning (20014): Assignment for entity set_instance_assignment -name IO_STANDARD "3.3-V LVTTL" -to GPIO[15] -entity DE10_LITE_Default was ignored
    Warning (20014): Assignment for entity set_instance_assignment -name IO_STANDARD "3.3-V LVTTL" -to GPIO[16] -entity DE10_LITE_Default was ignored
    Warning (20014): Assignment for entity set_instance_assignment -name IO_STANDARD "3.3-V LVTTL" -to GPIO[17] -entity DE10_LITE_Default was ignored
    Warning (20014): Assignment for entity set_instance_assignment -name IO_STANDARD "3.3-V LVTTL" -to GPIO[18] -entity DE10_LITE_Default was ignored
    Warning (20014): Assignment for entity set_instance_assignment -name IO_STANDARD "3.3-V LVTTL" -to GPIO[19] -entity DE10_LITE_Default was ignored
    Warning (20014): Assignment for entity set_instance_assignment -name IO_STANDARD "3.3-V LVTTL" -to GPIO[1] -entity DE10_LITE_Default was ignored
    Warning (20014): Assignment for entity set_instance_assignment -name IO_STANDARD "3.3-V LVTTL" -to GPIO[20] -entity DE10_LITE_Default was ignored
    Warning (20014): Assignment for entity set_instance_assignment -name IO_STANDARD "3.3-V LVTTL" -to GPIO[21] -entity DE10_LITE_Default was ignored
    Warning (20014): Assignment for entity set_instance_assignment -name IO_STANDARD "3.3-V LVTTL" -to GPIO[22] -entity DE10_LITE_Default was ignored
    Warning (20014): Assignment for entity set_instance_assignment -name IO_STANDARD "3.3-V LVTTL" -to GPIO[23] -entity DE10_LITE_Default was ignored
    Warning (20014): Assignment for entity set_instance_assignment -name IO_STANDARD "3.3-V LVTTL" -to GPIO[24] -entity DE10_LITE_Default was ignored
    Warning (20014): Assignment for entity set_instance_assignment -name IO_STANDARD "3.3-V LVTTL" -to GPIO[25] -entity DE10_LITE_Default was ignored
    Warning (20014): Assignment for entity set_instance_assignment -name IO_STANDARD "3.3-V LVTTL" -to GPIO[26] -entity DE10_LITE_Default was ignored
    Warning (20014): Assignment for entity set_instance_assignment -name IO_STANDARD "3.3-V LVTTL" -to GPIO[27] -entity DE10_LITE_Default was ignored
    Warning (20014): Assignment for entity set_instance_assignment -name IO_STANDARD "3.3-V LVTTL" -to GPIO[28] -entity DE10_LITE_Default was ignored
    Warning (20014): Assignment for entity set_instance_assignment -name IO_STANDARD "3.3-V LVTTL" -to GPIO[29] -entity DE10_LITE_Default was ignored
    Warning (20014): Assignment for entity set_instance_assignment -name IO_STANDARD "3.3-V LVTTL" -to GPIO[2] -entity DE10_LITE_Default was ignored
    Warning (20014): Assignment for entity set_instance_assignment -name IO_STANDARD "3.3-V LVTTL" -to GPIO[30] -entity DE10_LITE_Default was ignored
    Warning (20014): Assignment for entity set_instance_assignment -name IO_STANDARD "3.3-V LVTTL" -to GPIO[31] -entity DE10_LITE_Default was ignored
    Warning (20014): Assignment for entity set_instance_assignment -name IO_STANDARD "3.3-V LVTTL" -to GPIO[32] -entity DE10_LITE_Default was ignored
    Warning (20014): Assignment for entity set_instance_assignment -name IO_STANDARD "3.3-V LVTTL" -to GPIO[33] -entity DE10_LITE_Default was ignored
    Warning (20014): Assignment for entity set_instance_assignment -name IO_STANDARD "3.3-V LVTTL" -to GPIO[34] -entity DE10_LITE_Default was ignored
    Warning (20014): Assignment for entity set_instance_assignment -name IO_STANDARD "3.3-V LVTTL" -to GPIO[35] -entity DE10_LITE_Default was ignored
    Warning (20014): Assignment for entity set_instance_assignment -name IO_STANDARD "3.3-V LVTTL" -to GPIO[3] -entity DE10_LITE_Default was ignored
    Warning (20014): Assignment for entity set_instance_assignment -name IO_STANDARD "3.3-V LVTTL" -to GPIO[4] -entity DE10_LITE_Default was ignored
    Warning (20014): Assignment for entity set_instance_assignment -name IO_STANDARD "3.3-V LVTTL" -to GPIO[5] -entity DE10_LITE_Default was ignored
    Warning (20014): Assignment for entity set_instance_assignment -name IO_STANDARD "3.3-V LVTTL" -to GPIO[6] -entity DE10_LITE_Default was ignored
    Warning (20014): Assignment for entity set_instance_assignment -name IO_STANDARD "3.3-V LVTTL" -to GPIO[7] -entity DE10_LITE_Default was ignored
    Warning (20014): Assignment for entity set_instance_assignment -name IO_STANDARD "3.3-V LVTTL" -to GPIO[8] -entity DE10_LITE_Default was ignored
    Warning (20014): Assignment for entity set_instance_assignment -name IO_STANDARD "3.3-V LVTTL" -to GPIO[9] -entity DE10_LITE_Default was ignored
    Warning (20014): Assignment for entity set_instance_assignment -name IO_STANDARD "3.3-V LVTTL" -to GSENSOR_CS_N -entity DE10_LITE_Default was ignored
    Warning (20014): Assignment for entity set_instance_assignment -name IO_STANDARD "3.3-V LVTTL" -to GSENSOR_INT[1] -entity DE10_LITE_Default was ignored
    Warning (20014): Assignment for entity set_instance_assignment -name IO_STANDARD "3.3-V LVTTL" -to GSENSOR_INT[2] -entity DE10_LITE_Default was ignored
    Warning (20014): Assignment for entity set_instance_assignment -name IO_STANDARD "3.3-V LVTTL" -to GSENSOR_SCLK -entity DE10_LITE_Default was ignored
    Warning (20014): Assignment for entity set_instance_assignment -name IO_STANDARD "3.3-V LVTTL" -to GSENSOR_SDI -entity DE10_LITE_Default was ignored
    Warning (20014): Assignment for entity set_instance_assignment -name IO_STANDARD "3.3-V LVTTL" -to GSENSOR_SDO -entity DE10_LITE_Default was ignored
    Warning (20014): Assignment for entity set_instance_assignment -name IO_STANDARD "3.3-V LVTTL" -to HEX0[0] -entity DE10_LITE_Default was ignored
    Warning (20014): Assignment for entity set_instance_assignment -name IO_STANDARD "3.3-V LVTTL" -to HEX0[1] -entity DE10_LITE_Default was ignored
    Warning (20014): Assignment for entity set_instance_assignment -name IO_STANDARD "3.3-V LVTTL" -to HEX0[2] -entity DE10_LITE_Default was ignored
    Warning (20014): Assignment for entity set_instance_assignment -name IO_STANDARD "3.3-V LVTTL" -to HEX0[3] -entity DE10_LITE_Default was ignored
    Warning (20014): Assignment for entity set_instance_assignment -name IO_STANDARD "3.3-V LVTTL" -to HEX0[4] -entity DE10_LITE_Default was ignored
    Warning (20014): Assignment for entity set_instance_assignment -name IO_STANDARD "3.3-V LVTTL" -to HEX0[5] -entity DE10_LITE_Default was ignored
    Warning (20014): Assignment for entity set_instance_assignment -name IO_STANDARD "3.3-V LVTTL" -to HEX0[6] -entity DE10_LITE_Default was ignored
    Warning (20014): Assignment for entity set_instance_assignment -name IO_STANDARD "3.3-V LVTTL" -to HEX0[7] -entity DE10_LITE_Default was ignored
    Warning (20014): Assignment for entity set_instance_assignment -name IO_STANDARD "3.3-V LVTTL" -to HEX1[0] -entity DE10_LITE_Default was ignored
    Warning (20014): Assignment for entity set_instance_assignment -name IO_STANDARD "3.3-V LVTTL" -to HEX1[1] -entity DE10_LITE_Default was ignored
    Warning (20014): Assignment for entity set_instance_assignment -name IO_STANDARD "3.3-V LVTTL" -to HEX1[2] -entity DE10_LITE_Default was ignored
    Warning (20014): Assignment for entity set_instance_assignment -name IO_STANDARD "3.3-V LVTTL" -to HEX1[3] -entity DE10_LITE_Default was ignored
    Warning (20014): Assignment for entity set_instance_assignment -name IO_STANDARD "3.3-V LVTTL" -to HEX1[4] -entity DE10_LITE_Default was ignored
    Warning (20014): Assignment for entity set_instance_assignment -name IO_STANDARD "3.3-V LVTTL" -to HEX1[5] -entity DE10_LITE_Default was ignored
    Warning (20014): Assignment for entity set_instance_assignment -name IO_STANDARD "3.3-V LVTTL" -to HEX1[6] -entity DE10_LITE_Default was ignored
    Warning (20014): Assignment for entity set_instance_assignment -name IO_STANDARD "3.3-V LVTTL" -to HEX1[7] -entity DE10_LITE_Default was ignored
    Warning (20014): Assignment for entity set_instance_assignment -name IO_STANDARD "3.3-V LVTTL" -to HEX2[0] -entity DE10_LITE_Default was ignored
    Warning (20014): Assignment for entity set_instance_assignment -name IO_STANDARD "3.3-V LVTTL" -to HEX2[1] -entity DE10_LITE_Default was ignored
    Warning (20014): Assignment for entity set_instance_assignment -name IO_STANDARD "3.3-V LVTTL" -to HEX2[2] -entity DE10_LITE_Default was ignored
    Warning (20014): Assignment for entity set_instance_assignment -name IO_STANDARD "3.3-V LVTTL" -to HEX2[3] -entity DE10_LITE_Default was ignored
    Warning (20014): Assignment for entity set_instance_assignment -name IO_STANDARD "3.3-V LVTTL" -to HEX2[4] -entity DE10_LITE_Default was ignored
    Warning (20014): Assignment for entity set_instance_assignment -name IO_STANDARD "3.3-V LVTTL" -to HEX2[5] -entity DE10_LITE_Default was ignored
    Warning (20014): Assignment for entity set_instance_assignment -name IO_STANDARD "3.3-V LVTTL" -to HEX2[6] -entity DE10_LITE_Default was ignored
    Warning (20014): Assignment for entity set_instance_assignment -name IO_STANDARD "3.3-V LVTTL" -to HEX2[7] -entity DE10_LITE_Default was ignored
    Warning (20014): Assignment for entity set_instance_assignment -name IO_STANDARD "3.3-V LVTTL" -to HEX3[0] -entity DE10_LITE_Default was ignored
    Warning (20014): Assignment for entity set_instance_assignment -name IO_STANDARD "3.3-V LVTTL" -to HEX3[1] -entity DE10_LITE_Default was ignored
    Warning (20014): Assignment for entity set_instance_assignment -name IO_STANDARD "3.3-V LVTTL" -to HEX3[2] -entity DE10_LITE_Default was ignored
    Warning (20014): Assignment for entity set_instance_assignment -name IO_STANDARD "3.3-V LVTTL" -to HEX3[3] -entity DE10_LITE_Default was ignored
    Warning (20014): Assignment for entity set_instance_assignment -name IO_STANDARD "3.3-V LVTTL" -to HEX3[4] -entity DE10_LITE_Default was ignored
    Warning (20014): Assignment for entity set_instance_assignment -name IO_STANDARD "3.3-V LVTTL" -to HEX3[5] -entity DE10_LITE_Default was ignored
    Warning (20014): Assignment for entity set_instance_assignment -name IO_STANDARD "3.3-V LVTTL" -to HEX3[6] -entity DE10_LITE_Default was ignored
    Warning (20014): Assignment for entity set_instance_assignment -name IO_STANDARD "3.3-V LVTTL" -to HEX3[7] -entity DE10_LITE_Default was ignored
    Warning (20014): Assignment for entity set_instance_assignment -name IO_STANDARD "3.3-V LVTTL" -to HEX4[0] -entity DE10_LITE_Default was ignored
    Warning (20014): Assignment for entity set_instance_assignment -name IO_STANDARD "3.3-V LVTTL" -to HEX4[1] -entity DE10_LITE_Default was ignored
    Warning (20014): Assignment for entity set_instance_assignment -name IO_STANDARD "3.3-V LVTTL" -to HEX4[2] -entity DE10_LITE_Default was ignored
    Warning (20014): Assignment for entity set_instance_assignment -name IO_STANDARD "3.3-V LVTTL" -to HEX4[3] -entity DE10_LITE_Default was ignored
    Warning (20014): Assignment for entity set_instance_assignment -name IO_STANDARD "3.3-V LVTTL" -to HEX4[4] -entity DE10_LITE_Default was ignored
    Warning (20014): Assignment for entity set_instance_assignment -name IO_STANDARD "3.3-V LVTTL" -to HEX4[5] -entity DE10_LITE_Default was ignored
    Warning (20014): Assignment for entity set_instance_assignment -name IO_STANDARD "3.3-V LVTTL" -to HEX4[6] -entity DE10_LITE_Default was ignored
    Warning (20014): Assignment for entity set_instance_assignment -name IO_STANDARD "3.3-V LVTTL" -to HEX4[7] -entity DE10_LITE_Default was ignored
    Warning (20014): Assignment for entity set_instance_assignment -name IO_STANDARD "3.3-V LVTTL" -to HEX5[0] -entity DE10_LITE_Default was ignored
    Warning (20014): Assignment for entity set_instance_assignment -name IO_STANDARD "3.3-V LVTTL" -to HEX5[1] -entity DE10_LITE_Default was ignored
    Warning (20014): Assignment for entity set_instance_assignment -name IO_STANDARD "3.3-V LVTTL" -to HEX5[2] -entity DE10_LITE_Default was ignored
    Warning (20014): Assignment for entity set_instance_assignment -name IO_STANDARD "3.3-V LVTTL" -to HEX5[3] -entity DE10_LITE_Default was ignored
    Warning (20014): Assignment for entity set_instance_assignment -name IO_STANDARD "3.3-V LVTTL" -to HEX5[4] -entity DE10_LITE_Default was ignored
    Warning (20014): Assignment for entity set_instance_assignment -name IO_STANDARD "3.3-V LVTTL" -to HEX5[5] -entity DE10_LITE_Default was ignored
    Warning (20014): Assignment for entity set_instance_assignment -name IO_STANDARD "3.3-V LVTTL" -to HEX5[6] -entity DE10_LITE_Default was ignored
    Warning (20014): Assignment for entity set_instance_assignment -name IO_STANDARD "3.3-V LVTTL" -to HEX5[7] -entity DE10_LITE_Default was ignored
    Warning (20014): Assignment for entity set_instance_assignment -name IO_STANDARD "3.3 V SCHMITT TRIGGER" -to KEY[0] -entity DE10_LITE_Default was ignored
    Warning (20014): Assignment for entity set_instance_assignment -name IO_STANDARD "3.3 V SCHMITT TRIGGER" -to KEY[1] -entity DE10_LITE_Default was ignored
    Warning (20014): Assignment for entity set_instance_assignment -name IO_STANDARD "3.3-V LVTTL" -to LEDR[0] -entity DE10_LITE_Default was ignored
    Warning (20014): Assignment for entity set_instance_assignment -name IO_STANDARD "3.3-V LVTTL" -to LEDR[1] -entity DE10_LITE_Default was ignored
    Warning (20014): Assignment for entity set_instance_assignment -name IO_STANDARD "3.3-V LVTTL" -to LEDR[2] -entity DE10_LITE_Default was ignored
    Warning (20014): Assignment for entity set_instance_assignment -name IO_STANDARD "3.3-V LVTTL" -to LEDR[3] -entity DE10_LITE_Default was ignored
    Warning (20014): Assignment for entity set_instance_assignment -name IO_STANDARD "3.3-V LVTTL" -to LEDR[4] -entity DE10_LITE_Default was ignored
    Warning (20014): Assignment for entity set_instance_assignment -name IO_STANDARD "3.3-V LVTTL" -to LEDR[5] -entity DE10_LITE_Default was ignored
    Warning (20014): Assignment for entity set_instance_assignment -name IO_STANDARD "3.3-V LVTTL" -to LEDR[6] -entity DE10_LITE_Default was ignored
    Warning (20014): Assignment for entity set_instance_assignment -name IO_STANDARD "3.3-V LVTTL" -to LEDR[7] -entity DE10_LITE_Default was ignored
    Warning (20014): Assignment for entity set_instance_assignment -name IO_STANDARD "3.3-V LVTTL" -to LEDR[8] -entity DE10_LITE_Default was ignored
    Warning (20014): Assignment for entity set_instance_assignment -name IO_STANDARD "3.3-V LVTTL" -to LEDR[9] -entity DE10_LITE_Default was ignored
    Warning (20014): Assignment for entity set_instance_assignment -name IO_STANDARD "3.3-V LVTTL" -to MAX10_CLK1_50 -entity DE10_LITE_Default was ignored
    Warning (20014): Assignment for entity set_instance_assignment -name IO_STANDARD "3.3-V LVTTL" -to MAX10_CLK2_50 -entity DE10_LITE_Default was ignored
    Warning (20014): Assignment for entity set_instance_assignment -name IO_STANDARD "3.3-V LVTTL" -to SW[0] -entity DE10_LITE_Default was ignored
    Warning (20014): Assignment for entity set_instance_assignment -name IO_STANDARD "3.3-V LVTTL" -to SW[1] -entity DE10_LITE_Default was ignored
    Warning (20014): Assignment for entity set_instance_assignment -name IO_STANDARD "3.3-V LVTTL" -to SW[2] -entity DE10_LITE_Default was ignored
    Warning (20014): Assignment for entity set_instance_assignment -name IO_STANDARD "3.3-V LVTTL" -to SW[3] -entity DE10_LITE_Default was ignored
    Warning (20014): Assignment for entity set_instance_assignment -name IO_STANDARD "3.3-V LVTTL" -to SW[4] -entity DE10_LITE_Default was ignored
    Warning (20014): Assignment for entity set_instance_assignment -name IO_STANDARD "3.3-V LVTTL" -to SW[5] -entity DE10_LITE_Default was ignored
    Warning (20014): Assignment for entity set_instance_assignment -name IO_STANDARD "3.3-V LVTTL" -to SW[6] -entity DE10_LITE_Default was ignored
    Warning (20014): Assignment for entity set_instance_assignment -name IO_STANDARD "3.3-V LVTTL" -to SW[7] -entity DE10_LITE_Default was ignored
    Warning (20014): Assignment for entity set_instance_assignment -name IO_STANDARD "3.3-V LVTTL" -to SW[8] -entity DE10_LITE_Default was ignored
    Warning (20014): Assignment for entity set_instance_assignment -name IO_STANDARD "3.3-V LVTTL" -to SW[9] -entity DE10_LITE_Default was ignored
    Warning (20014): Assignment for entity set_instance_assignment -name IO_STANDARD "3.3-V LVTTL" -to VGA_B[0] -entity DE10_LITE_Default was ignored
    Warning (20014): Assignment for entity set_instance_assignment -name IO_STANDARD "3.3-V LVTTL" -to VGA_B[1] -entity DE10_LITE_Default was ignored
    Warning (20014): Assignment for entity set_instance_assignment -name IO_STANDARD "3.3-V LVTTL" -to VGA_B[2] -entity DE10_LITE_Default was ignored
    Warning (20014): Assignment for entity set_instance_assignment -name IO_STANDARD "3.3-V LVTTL" -to VGA_B[3] -entity DE10_LITE_Default was ignored
    Warning (20014): Assignment for entity set_instance_assignment -name IO_STANDARD "3.3-V LVTTL" -to VGA_G[0] -entity DE10_LITE_Default was ignored
    Warning (20014): Assignment for entity set_instance_assignment -name IO_STANDARD "3.3-V LVTTL" -to VGA_G[1] -entity DE10_LITE_Default was ignored
    Warning (20014): Assignment for entity set_instance_assignment -name IO_STANDARD "3.3-V LVTTL" -to VGA_G[2] -entity DE10_LITE_Default was ignored
    Warning (20014): Assignment for entity set_instance_assignment -name IO_STANDARD "3.3-V LVTTL" -to VGA_G[3] -entity DE10_LITE_Default was ignored
    Warning (20014): Assignment for entity set_instance_assignment -name IO_STANDARD "3.3-V LVTTL" -to VGA_HS -entity DE10_LITE_Default was ignored
    Warning (20014): Assignment for entity set_instance_assignment -name IO_STANDARD "3.3-V LVTTL" -to VGA_R[0] -entity DE10_LITE_Default was ignored
    Warning (20014): Assignment for entity set_instance_assignment -name IO_STANDARD "3.3-V LVTTL" -to VGA_R[1] -entity DE10_LITE_Default was ignored
    Warning (20014): Assignment for entity set_instance_assignment -name IO_STANDARD "3.3-V LVTTL" -to VGA_R[2] -entity DE10_LITE_Default was ignored
    Warning (20014): Assignment for entity set_instance_assignment -name IO_STANDARD "3.3-V LVTTL" -to VGA_R[3] -entity DE10_LITE_Default was ignored
    Warning (20014): Assignment for entity set_instance_assignment -name IO_STANDARD "3.3-V LVTTL" -to VGA_VS -entity DE10_LITE_Default was ignored
    Warning (20014): Assignment for entity set_instance_assignment -name PARTITION_HIERARCHY root_partition -to | -entity DE10_LITE_Default -section_id Top was ignored
    Warning (20014): Assignment for entity set_global_assignment -name PARTITION_NETLIST_TYPE SOURCE -entity DE10_LITE_Default -section_id Top was ignored
    Warning (20014): Assignment for entity set_global_assignment -name PARTITION_FITTER_PRESERVATION_LEVEL PLACEMENT_AND_ROUTING -entity DE10_LITE_Default -section_id Top was ignored
    Warning (20014): Assignment for entity set_global_assignment -name PARTITION_PRESERVE_HIGH_SPEED_TILES ON -entity DE10_LITE_Default -section_id Top was ignored
    Warning (20014): Assignment for entity set_global_assignment -name PARTITION_IGNORE_SOURCE_FILE_CHANGES OFF -entity DE10_LITE_Default -section_id Top was ignored
    Warning (20014): Assignment for entity set_global_assignment -name PARTITION_ALWAYS_USE_QXP_NETLIST OFF -entity DE10_LITE_Default -section_id Top was ignored
    Warning (20014): Assignment for entity set_global_assignment -name PARTITION_COLOR 16764057 -entity DE10_LITE_Default -section_id Top was ignored
    Warning (20014): Assignment for entity set_global_assignment -name PARTITION_IMPORT_ASSIGNMENTS ON -entity DE10_LITE_Default -section_id Top was ignored
    Warning (20014): Assignment for entity set_global_assignment -name PARTITION_IMPORT_EXISTING_ASSIGNMENTS REPLACE_CONFLICTING -entity DE10_LITE_Default -section_id Top was ignored
    Warning (20014): Assignment for entity set_global_assignment -name PARTITION_IMPORT_EXISTING_LOGICLOCK_REGIONS UPDATE_CONFLICTING -entity DE10_LITE_Default -section_id Top was ignored
    Warning (20014): Assignment for entity set_global_assignment -name PARTITION_IMPORT_PIN_ASSIGNMENTS ON -entity DE10_LITE_Default -section_id Top was ignored
    Warning (20014): Assignment for entity set_global_assignment -name PARTITION_IMPORT_PROMOTE_ASSIGNMENTS ON -entity DE10_LITE_Default -section_id Top was ignored
    Warning (20014): Assignment for entity set_global_assignment -name PARTITION_TYPE STANDARD_PARTITION -entity DE10_LITE_Default -section_id Top was ignored
    Warning (20014): Assignment for entity set_global_assignment -name ALLOW_MULTIPLE_PERSONAS OFF -entity DE10_LITE_Default -section_id Top was ignored
    Warning (20014): Assignment for entity set_global_assignment -name PARTITION_ASD_REGION_ID 1 -entity DE10_LITE_Default -section_id Top was ignored
    Warning (20014): Assignment for entity set_global_assignment -name CROSS_BOUNDARY_OPTIMIZATIONS OFF -entity DE10_LITE_Default -section_id Top was ignored
    Warning (20014): Assignment for entity set_global_assignment -name PROPAGATE_CONSTANTS_ON_INPUTS ON -entity DE10_LITE_Default -section_id Top was ignored
    Warning (20014): Assignment for entity set_global_assignment -name PROPAGATE_INVERSIONS_ON_INPUTS ON -entity DE10_LITE_Default -section_id Top was ignored
    Warning (20014): Assignment for entity set_global_assignment -name REMOVE_LOGIC_ON_UNCONNECTED_OUTPUTS ON -entity DE10_LITE_Default -section_id Top was ignored
    Warning (20014): Assignment for entity set_global_assignment -name MERGE_EQUIVALENT_INPUTS ON -entity DE10_LITE_Default -section_id Top was ignored
    Warning (20014): Assignment for entity set_global_assignment -name MERGE_EQUIVALENT_BIDIRS ON -entity DE10_LITE_Default -section_id Top was ignored
    Warning (20014): Assignment for entity set_global_assignment -name ABSORB_PATHS_FROM_OUTPUTS_TO_INPUTS ON -entity DE10_LITE_Default -section_id Top was ignored
    Warning (20014): Assignment for entity set_global_assignment -name PARTITION_EXTRACT_HARD_BLOCK_NODES ON -entity DE10_LITE_Default -section_id Top was ignored
    Warning (20014): Assignment for entity set_global_assignment -name PARTITION_ENABLE_STRICT_PRESERVATION OFF -entity DE10_LITE_Default -section_id Top was ignored
Critical Warning (35025): Partially connected in-system debug instance "auto_signaltap_0" to 94 of its 102 required data inputs, trigger inputs, acquisition clocks, and dynamic pins.  There were 0 illegal, 0 inaccessible, and 8 missing sources or connections.
Info (16010): Generating hard_block partition "hard_block:auto_generated_inst"
    Info (16011): Adding 2 node(s), including 0 DDIO, 2 PLL, 0 transceiver and 0 LCELL
Warning (21074): Design contains 4 input pin(s) that do not drive logic
    Warning (15610): No output dependent on input pin "SW[2]"
    Warning (15610): No output dependent on input pin "SW[1]"
    Warning (15610): No output dependent on input pin "KEY[1]"
    Warning (15610): No output dependent on input pin "KEY[0]"
Info (21057): Implemented 2352 device resources after synthesis - the final resource count might be different
    Info (21058): Implemented 9 input pins
    Info (21059): Implemented 44 output pins
    Info (21061): Implemented 2083 logic cells
    Info (21064): Implemented 189 RAM segments
    Info (21065): Implemented 2 PLLs
    Info (21062): Implemented 24 DSP elements
Info: Quartus Prime Analysis & Synthesis was successful. 0 errors, 349 warnings
    Info: Peak virtual memory: 4880 megabytes
    Info: Processing ended: Thu Jul 09 09:31:53 2026
    Info: Elapsed time: 00:01:47
    Info: Total CPU time (on all processors): 00:01:54


